feature	Oleiharenicola	X0319.6G20_Genus	Halomonas	Hyphomicrobiales_Incertae_Sedis_Genus	Craurococcus	Pseudorhodoplanes	Comamonadaceae_Genus	JG30.KF.CM45_Genus	Pedosphaeraceae_Genus	Exiguobacterium	Parachlamydiaceae_Genus	Pseudoxanthomonas	Fluviicoccus	Dechloromonas	Rhodovarius	Culicoidibacter	Mycobacterium	Paludibaculum	SWB02	Blfdi19_Genus	Variovorax	BIrii41_Genus	Streptococcus	Lutispora	Turneriella	Beijerinckiaceae_Genus	Piscinibacter	Siminovitchia	Nitrospira	Gammaproteobacteria_Genus	Burkholderiales_Genus	Rhodococcus	Emticicia	Pseudobdellovibrionaceae_Genus	Phaselicystis	SH3.11	Paracoccus	Pirellulaceae_Genus	Hyphomicrobiales_Genus	Pedomicrobium	Reyranella	Luteolibacter	Nocardia	Lysobacteraceae_Genus	Gloeocapsa_PCC.7428	Ideonella	Aeromonas	Candidatus_Protochlamydia	Micrococcus	Chitinophagaceae_Genus	Sphingorhabdus	SH.PL14	Deinococcus	Hyphomonadaceae_Genus	env.OPS_17_Genus	Jeotgalicoccus	Limnobacter	Marinobacter	Luteimonas	Acinetobacter	Candidatus_Alysiosphaera	Devosia	Holosporaceae_Genus	Terrimonas	Fimbriiglobus	Nocardioides	Cytophagales_Genus	Sediminibacterium	Paracaedibacteraceae_Genus	Crenobacter	Oxalobacteraceae_Genus	Kinneretia	Caldilineaceae_Genus	X67.14_Genus	Candidatus_Obscuribacter	Larkinella	Fimbriimonadaceae_Genus	Brevifollis	Pajaroellobacter	Pseudomonas	IS.44	Bacteroidia_Genus	JGI_0001001.H03	Sandaracinaceae_Genus	Bosea	Pseudomonadales_Genus	NS9_marine_group_Genus	Hyphomicrobium	Fusobacteriaceae_Genus	Cytophaga	Gracilibacteria_Genus	Verrucomicrobiaceae_Genus	Armatimonadaceae_Genus	Anaerovorax	MBNT15_Genus	Planctomycetales_Genus	Microscillaceae_Genus	Xanthobacteraceae_Genus	Vampirovibrionaceae_Genus	Granulicatella	Flavobacterium	Rhodocyclaceae_Genus	Sphingomonas	Rubellimicrobium	Saprospiraceae_Genus	Gemmata	Leeia	Brevundimonas	Chlamydiales_Genus	Agitococcus	Phreatobacter	Microtrichaceae_Genus	Ensifer	Novispirillum	Haliangiaceae_Genus	Paucibacter	Cloacibacterium	Telmatocola	Aurantisolimonas	Enterobacterales_Genus	Paenirhodobacter	Nitrosomonas	Uliginosibacterium	Novosphingobium	Gemmatimonadaceae_Genus	Candidatus_Berkiella	Chitinilyticum	Pseudobdellovibrio	Chitinibacter	Aeromicrobium	Gemmataceae_Genus	Lysobacter	P3OB.42	Roseicella	A21b_Genus	Blastocatella	Cetobacterium	Shinella	Sutterellaceae_Genus	Meiothermus	Dongia	Fluviicola	Legionella	SM2D12_Genus	Turicibacter	Clostridium	Sphaerotilus	Rickettsiella	Stagnimonas	Vibrio	Nannocystis	Candidatus_Ovatusbacter	Vampirovibrio	Shewanella	Bryobacteraceae_Genus	Pectobacteriaceae_Genus	Sphingobium	Enterobacteriaceae_Genus	Roseomonas	Bacillota_Genus	IMCC26207	Caulobacter	Tetragenococcus	Abditibacterium	Chitinivorax	Enterovirga	Acetobacteraceae_Genus	Rubrivivax	Pirellula	Lonsdalea	Chryseotalea	Ga0077536_Genus	Rickettsiaceae_Genus	Verrucomicrobiia_Genus	Actinobacteria_Genus	Flavihumibacter	Chryseobacterium	Gemmobacter	Microtrichales_Genus	Rhodovastum	Sphingopyxis	Vagococcus	Rhizorhapis	Gaiellales_Genus	Cellvibrio	Obscuribacteraceae_Genus	Marinomonas	Synechococcus_PCC.7902	cvE6_Genus	Pir4_lineage	KD4.96_Genus	Polymorphobacter	Agriterribacter	Caedibacter	Aquihabitans	Agromyces	Neochlamydia	Ligilactobacillus	Aeromonadaceae_Genus	Stella	Pseudomonadota_Genus	Neisseriaceae_Genus	TM7a	Geodermatophilaceae_Genus	Stenotrophomonas	Alkaliphilus	Bacillus	Leucobacter	mle1.27_Genus	Anaeromyxobacter	Pseudolysobacter	Saccharimonadales_Genus	Rhizobiaceae_Genus	Arthrospira_PCC.7345	Citrobacter	Dinghuibacter	Glutamicibacter	Lactococcus	Rhizobium	Rothia	Candidatus_Megaira	alphaI_cluster	Armatimonas	NS11.12_marine_group_Genus	Defluviicoccales_Genus	Dietzia	Bacillaceae_Genus	Runella	Paracoccaceae_Genus	Candidatus_Accumulibacter	Niveibacterium	PeM15_Genus	Gemmatimonas	TRA3.20_Genus	Thermodesulfobacteriota_Genus	Pseudoduganella	Limosilactobacillus	Curvibacter	Blastococcus	Undibacterium	Bradyrhizobium	Chloracidobacterium	Staphylococcus	Vicinamibacteraceae_Genus	Pseudonocardia	Kineosporiaceae_Genus	PB19_Genus	Anaerocolumna	Candidatus_Paracaedibacter	Rhizorhabdus	Bdellovibrio	Kapabacteriales_Genus	Dechlorobacter	Chthoniobacter	Ruminiclostridium	Chromobacteriaceae_Genus	Aquabacterium	Sphingomonadaceae_Genus	Roseisolibacter	Pyrinomonadaceae_Genus	Methylorosula	X11.24_Genus	Candidatus_Abawacabacteria_Genus	Acetobacteroides	Bryobacter	A0839_Genus	Oscillospiraceae_Genus	SM1A02	Oligoflexaceae_Genus	Nocardiaceae_Genus	Babeliaceae_Genus	Sandaracinus	Roseibacillus	Malacoplasma	RBG.13.54.9_Genus	Blastomonas	Cypionkella	Longivirga	OM190_Genus	Nordella	Paraconexibacter	Elstera	Silvanigrellaceae_Genus	Defluviimonas	Lysinibacillus	Ellin6055	Terrisporobacter	Massilia	Parageobacillus	Chloronema	Gordonia	Fuscovulum	Micromonospora	Hyphomicrobiaceae_Genus	Methylorubrum	Weissella	Marmoricola	Brevitalea	Spirosomataceae_Genus	Sporichthyaceae_Genus	Thermomicrobiales_Genus	Perlucidibaca	Vibrionaceae_Genus	Fusobacteriales_Genus	Leuconostoc	Armatimonadota_Genus	Adhaeribacter	Thermoactinomycetaceae_Genus	Nevskiaceae_Genus	DEV114	Simkaniaceae_Genus	Acetoanaerobium	Arthrobacter	Lactobacillaceae_Genus	OLB12	Chlamydiaceae_Genus	Planctomycetes_Genus	Enterococcus	Phenylobacterium	Hirschia	Plesiomonas	W5053	Knoellia	Alphaproteobacteria_Genus	Unknown_Family_Genus	vadinHA49_Genus	Thermus	Rheinheimera	Sporomusaceae_Genus	Chitinimonas	HT002	Frisingicoccus	Rhodospirillaceae_Genus	Raineya	Barnesiellaceae_Genus	Hydrogenophaga	NB1.j_Genus	AAP99	Acidovorax	Ferruginibacter	Altererythrobacter	Rhodopseudomonas	Methylobacterium	Pediococcus	Lactobacillales_Genus	Peptoniphilus	Methylocystis	Mesorhizobium	Micavibrionales_Genus	Veillonellales.Selenomonadales_Genus	WY65	Candidatus_Magasanikbacteria_Genus	Hassallia	Eremiobacteria_Genus	Vermiphilaceae_Genus	Permianibacter	Steroidobacter	Haliscomenobacter	Latilactobacillus	Tundrisphaera	IMCC26134	Parcubacteria_Genus	Vogesella	Flectobacillus	Desulfotomaculum	Azospira	Micropepsaceae_Genus	Chitinophagales_Genus	Lacibacter	Anaerospora	Propionivibrio	Peptostreptococcaceae_Genus	Romboutsia	Opitutus	Anaerotaenia	AKYH767_Genus	Frankiales_Genus	Methyloversatilis	Granulosicoccus	Bordetella	Elsteraceae_Genus	Panacibacter	Bacteroidales_Genus	Intrasporangiaceae_Genus	Agrilactobacillus	Taonella	Peptostreptococcus	Methylibium	Coxiella	Acetivibrio	Polyangiaceae_Genus	Opitutaceae_Genus	Carnobacterium	Agrobacterium	CL500.29_marine_group
f376	0	2	0	19	0	34	0	8	51	0	13	0	0	935	0	44	140	0	0	0	0	0	7	0	0	0	0	0	5	23	0	0	15	12	0	15	0	0	0	25	4	0	21	0	0	0	48852	0	0	0	0	34	0	0	17	0	0	0	13	0	3	0	9	0	6	0	30	0	0	441	0	0	0	0	38	0	0	0	0	1725	0	6	0	0	120	0	0	0	0	0	0	0	0	0	0	0	0	0	0	0	0	13	0	0	0	9	0	0	0	0	668	0	133	0	10	244	200	0	111	0	118	3	0	0	0	7	82	0	11	0	322	0	0	8	0	0	240	0	0	0	0	457	21	0	0	332	0	0	0	0	0	0	0	22	0	0	0	0	28	0	0	23	0	0	0	0	0	0	48	0	71	0	0	0	0	0	0	220	0	55	0	0	0	0	86	6	0	0	0	34	0	0	0	0	7	0	0	0	0	0	0	0	0	0	0	0	0	0	0	0	0	0	139	0	0	453	0	0	160	0	0	0	0	0	0	0	0	0	597	0	925	0	0	0	0	0	0	0	0	23	42	0	0	0	0	0	0	0	0	0	0	0	0	0	0	0	10	0	0	0	0	0	0	0	0	0	0	0	0	0	0	0	0	0	0	0	0	13	0	0	0	0	0	0	0	0	0	0	0	0	11	0	0	0	0	0	0	0	0	0	0	0	0	0	0	0	0	0	0	0	0	0	0	0	0	0	0	0	0	0	24	0	0	0	0	0	0	0	53	0	0	0	0	0	0	0	0	0	0	0	0	0	0	0	0	0	0	0	0	0	0	0	0	0	0	0	0	12	0	1407	0	0	0	0	0	0	0	0	0	0	0	13	0	0	0	0	0	0	0	0	0	0	0	0	0	0	0	0	0	0	0	0	0	0	0
f377	15	17	0	33	0	31	24	0	122	0	22	0	0	179	0	46	153	0	0	0	0	6	0	0	0	0	0	0	0	24	0	0	18	12	0	33	0	0	0	14	7	0	41	0	0	0	54535	0	0	6	0	33	0	0	166	0	0	0	26	0	0	0	0	0	0	0	11	0	3	213	0	0	0	3	17	0	0	0	0	960	0	0	0	0	56	0	0	0	0	24	0	0	0	0	0	0	0	0	0	0	0	0	0	0	0	10	0	0	0	0	420	0	99	0	79	177	146	0	148	0	103	3	0	0	0	16	79	0	0	0	240	0	0	0	0	0	208	0	0	0	0	597	33	0	0	206	0	0	0	0	0	0	0	14	0	0	0	0	15	0	0	18	0	0	0	0	0	0	111	0	133	0	0	0	0	0	0	189	8	42	0	0	0	0	46	8	0	0	0	30	0	0	0	0	21	0	0	0	5	0	0	0	0	0	0	0	0	0	0	0	0	0	87	0	0	571	0	0	106	0	0	7	0	0	0	0	0	0	580	0	436	0	0	0	0	0	0	0	0	32	41	0	0	0	0	0	0	0	0	0	0	0	0	0	0	0	0	0	0	0	0	0	0	0	0	0	2	0	0	0	0	0	0	0	0	0	0	8	0	0	0	0	0	0	0	0	0	0	0	0	2	0	0	0	0	0	0	0	0	0	0	0	0	0	0	0	0	0	0	0	0	0	0	0	0	0	0	0	0	0	17	0	0	0	0	0	0	0	131	0	0	0	0	0	0	0	0	0	0	0	0	0	0	0	0	0	0	0	0	0	0	0	0	0	0	0	0	30	0	1000	0	0	0	0	0	0	0	0	0	0	0	7	0	0	0	0	0	0	0	0	0	0	0	0	0	0	0	0	0	0	0	0	0	0	0
f378	88	0	0	7	0	11	181	28	412	0	52	0	0	1955	0	0	384	0	8	0	0	394	0	0	0	0	0	0	80	49	25	0	367	6	64	0	0	0	0	60	31	0	0	0	0	0	1269	2	0	22	23	0	0	7	1234	0	0	0	619	0	0	0	34	27	0	164	0	178	0	574	0	0	0	0	52	0	0	73	69	2479	0	325	0	515	130	0	5	0	0	92	45	0	0	0	0	0	0	0	0	0	292	0	0	0	22	574	55	0	0	0	1778	0	70	0	1900	4111	341	39	758	0	654	150	0	27	0	68	0	29	0	0	479	0	0	63	0	0	264	0	0	35	0	956	94	3	0	377	94	7	0	0	0	0	0	0	0	0	0	0	67	0	0	114	0	0	0	0	0	0	12	0	1943	0	0	0	0	0	0	1192	105	534	0	0	0	0	246	58	0	11	0	36	0	0	0	0	21	38	0	0	0	0	0	0	0	16	0	0	0	0	0	0	0	0	421	0	0	2121	0	0	228	0	0	0	0	0	0	0	0	0	5775	0	6252	75	0	0	0	0	0	0	67	234	278	0	0	79	0	0	0	0	0	0	121	7	0	0	0	0	13	0	0	0	0	0	0	0	0	0	0	0	0	0	0	0	0	0	0	0	0	282	37	155	0	0	0	0	0	8	0	0	0	0	85	0	0	0	0	0	0	0	0	0	0	0	0	0	0	0	0	0	0	0	0	0	0	0	12	0	0	0	0	0	8	0	0	0	57	0	0	0	321	0	0	0	0	0	0	0	28	0	117	93	26	0	0	0	0	0	0	0	0	0	0	0	0	0	0	0	0	318	0	1521	0	0	0	0	0	0	0	0	0	0	0	0	0	0	0	0	0	0	0	0	32	0	0	0	0	0	0	0	0	0	0	0	0	0	0
f379	16	0	0	24	0	28	66	0	151	0	10	0	0	292	0	83	115	0	3	0	0	0	7	0	0	0	0	0	13	31	0	0	102	0	0	10	0	0	2	23	0	0	9	0	0	0	61630	0	0	13	0	38	0	9	61	0	0	0	128	0	0	7	0	0	11	0	0	0	0	213	0	0	0	0	10	0	0	2	3	961	0	0	0	3	29	0	0	0	0	10	0	0	0	9	0	0	0	0	0	0	28	0	0	0	0	33	0	0	0	0	613	0	85	0	114	289	95	0	110	0	114	27	0	0	0	7	127	0	11	0	234	0	0	0	0	0	263	0	0	0	0	190	14	0	0	475	0	0	0	0	0	0	0	13	0	0	0	0	11	0	3	6	0	0	0	0	0	0	27	0	177	0	0	6	0	0	0	139	0	38	0	0	0	0	48	20	0	0	0	15	0	0	0	0	8	0	0	0	0	0	0	0	0	0	0	0	0	0	0	0	0	0	142	0	0	345	2	6	119	0	0	0	0	0	0	0	0	0	384	0	1106	0	0	0	0	0	0	0	0	47	41	0	0	0	0	0	0	0	0	0	0	0	0	0	0	0	16	0	0	0	0	0	0	0	0	0	0	0	0	0	0	0	0	0	0	0	0	5	4	0	0	2	0	0	0	0	0	0	0	0	14	0	0	0	0	0	0	0	0	0	0	0	0	0	0	0	0	0	0	0	0	0	0	0	0	0	0	0	0	0	11	0	0	0	0	0	0	0	229	0	0	0	0	0	0	0	0	0	17	0	0	0	0	0	0	0	0	0	0	0	0	0	0	0	0	0	0	65	0	1373	0	0	0	0	0	0	0	0	0	0	0	0	0	0	0	0	0	0	0	0	0	0	0	0	0	0	0	0	0	5	0	0	0	0	0
f380	0	5	0	28	0	35	0	4	6	0	12	0	0	122	0	30	101	0	0	0	0	0	0	0	0	0	0	0	0	14	0	0	17	4	0	0	0	0	0	14	0	0	0	0	0	0	77041	0	0	0	0	16	0	0	0	0	0	0	9	0	0	0	0	0	0	0	0	0	0	153	0	0	0	2	30	0	0	0	0	1553	0	0	0	0	40	0	0	2	0	3	0	0	0	0	0	0	0	0	0	0	0	0	0	0	0	13	0	0	0	0	541	0	53	0	19	169	31	0	57	0	108	3	0	0	0	0	35	0	16	0	221	0	0	0	0	0	261	0	0	0	0	87	0	0	0	125	0	0	0	0	0	0	0	12	0	0	0	0	0	0	0	0	0	0	0	0	0	0	10	0	0	0	0	0	0	0	0	125	0	16	0	0	0	0	23	0	0	0	0	11	0	0	0	0	0	0	0	0	0	0	0	0	0	0	0	0	0	3	0	0	0	0	85	0	0	211	0	0	89	0	0	0	0	0	0	0	0	0	416	0	296	0	0	0	0	0	0	0	0	28	11	0	0	0	0	0	0	0	0	0	0	0	0	0	0	0	5	0	0	0	0	0	0	0	0	0	0	0	0	0	0	0	0	0	0	0	0	10	0	6	0	0	0	0	0	0	0	0	0	0	0	0	0	0	0	0	0	0	0	0	0	0	0	0	0	0	0	0	0	0	0	0	0	0	3	0	0	0	0	0	0	0	0	0	0	0	0	0	0	0	0	0	0	0	0	0	0	0	0	0	0	0	0	0	0	0	0	0	0	2	0	0	0	0	0	0	0	0	0	673	0	0	0	0	0	0	0	0	0	0	0	0	0	0	0	0	0	0	0	0	0	0	0	0	0	0	0	0	0	0	0	0	0	0	0
f406	0	0	0	13	0	0	0	4	0	0	3	0	0	244	0	932	0	0	0	0	0	0	9	0	0	0	0	0	0	68	0	0	0	12	0	0	0	0	0	0	0	0	0	0	0	0	67724	0	0	0	0	0	0	0	0	0	0	0	6	0	0	0	0	0	0	0	0	0	0	799	0	0	0	0	0	0	0	0	0	863	0	0	0	0	10	0	0	0	0	0	0	0	0	0	0	0	0	0	0	0	97	0	0	0	0	3	0	0	13	0	135	0	8	0	0	425	97	0	35	0	54	0	0	0	0	0	44	0	5	0	16	2	0	0	0	0	1767	0	31	0	0	0	16	0	0	17	0	0	0	0	0	0	0	248	0	0	0	0	8	0	0	0	0	0	0	0	0	0	2	0	0	0	0	0	0	0	0	94	0	0	0	0	0	0	0	0	0	0	0	0	0	0	0	0	0	0	0	0	0	0	0	0	0	0	0	0	0	0	0	0	0	0	17	0	0	20	0	0	15	0	0	0	0	0	0	0	0	0	176	0	577	0	0	0	0	0	0	0	0	0	0	0	0	0	0	0	0	0	0	0	0	0	0	0	0	0	0	0	0	0	0	0	0	0	0	0	0	0	0	0	0	0	0	0	0	0	28	0	0	0	0	0	0	0	0	0	0	0	0	0	0	0	0	0	0	0	0	0	0	0	0	0	0	0	0	0	0	0	0	0	0	0	0	0	0	0	0	0	0	0	338	0	0	0	0	0	0	0	0	0	0	0	0	0	0	0	0	0	0	0	0	0	0	0	0	0	0	0	0	0	0	0	0	0	0	0	0	0	0	11	0	0	0	0	0	0	0	0	0	0	0	0	2	0	0	0	0	0	0	0	0	0	0	0	0	0	0	0	0	0	0	0	0	0	0
f407	0	0	0	0	0	0	0	0	0	0	8	0	0	0	0	4010	0	0	0	0	0	0	392	0	0	0	0	0	0	9	0	0	0	0	0	0	8	0	0	0	0	0	5	0	0	0	61654	0	0	0	0	0	0	0	0	2	0	0	0	0	0	0	0	0	0	3	0	0	0	412	0	0	0	0	0	0	0	0	0	39	0	0	0	0	7	0	0	0	0	0	0	0	0	0	0	0	0	0	0	0	25	0	0	0	0	0	0	0	0	0	86	0	20	0	0	76	0	0	3	0	13	0	0	0	0	0	9	0	0	0	0	0	0	0	0	0	6384	0	0	0	0	0	4	0	0	11	0	0	0	0	0	0	0	213	0	0	0	0	0	0	0	0	0	0	0	0	0	0	7	0	0	0	0	0	0	0	0	0	0	0	0	0	0	0	9	0	0	0	0	0	0	0	0	0	0	0	0	0	0	0	0	0	0	0	0	0	0	0	0	0	0	0	23	0	0	0	0	30	31	0	0	0	0	0	0	0	4	0	30	0	0	0	0	0	0	0	0	0	0	0	0	0	0	0	0	0	0	0	0	0	0	0	0	0	0	0	0	0	0	0	0	0	0	0	0	0	0	0	0	0	0	0	0	0	0	0	0	0	0	0	0	0	0	0	0	0	0	0	0	0	0	0	0	0	0	0	0	0	0	0	0	0	0	0	0	0	0	0	0	0	0	0	0	2	0	0	0	0	0	0	434	0	0	0	0	0	0	0	0	0	0	5	0	0	0	0	0	0	0	0	0	0	3	0	0	3	0	0	0	0	0	0	0	0	0	0	0	0	0	0	0	0	0	0	0	0	0	0	0	0	0	0	0	0	0	0	0	0	0	0	0	0	0	0	0	0	0	0	0	0	0	0	0	0	0
f408	0	9	0	31	0	0	0	11	2	0	0	0	0	60	0	3033	23	0	0	0	0	0	0	0	0	0	0	0	0	283	0	13	7	28	0	0	0	0	0	2	0	0	0	0	0	0	36623	0	0	0	0	16	0	0	0	0	0	0	0	0	0	0	0	0	0	0	0	0	0	2597	0	0	0	0	0	0	0	0	0	408	0	0	0	0	39	0	0	4	0	0	0	0	0	0	0	0	0	0	43	0	57	0	0	0	0	23	0	0	17	0	498	0	41	0	0	1716	136	0	132	6	154	0	0	0	0	0	48	0	12	0	112	0	0	3	0	0	14454	0	106	0	0	0	99	0	0	0	0	0	0	0	0	0	0	218	0	0	0	0	56	0	8	9	0	0	0	0	0	0	4	0	0	0	0	21	0	0	0	230	0	5	0	0	0	0	4	0	0	0	0	3	0	0	0	0	9	0	4	0	0	0	0	0	0	0	0	0	0	0	0	0	0	0	0	0	0	143	0	0	89	0	0	0	0	0	0	0	0	0	565	0	86	0	0	0	0	0	0	0	0	0	13	0	0	0	0	0	0	0	0	0	0	0	0	0	0	0	0	0	0	0	0	0	0	0	0	0	0	0	0	0	0	0	0	0	0	0	15	14	0	0	0	0	0	0	0	0	0	0	0	0	0	0	0	0	0	0	0	0	0	0	0	0	0	0	0	0	0	0	0	0	0	0	0	0	0	0	0	0	0	0	857	0	0	0	0	0	0	0	0	0	0	0	0	0	0	0	0	0	0	0	0	0	0	0	0	0	0	0	0	0	0	0	0	0	0	0	0	0	0	31	0	0	0	0	0	0	0	0	0	0	0	0	0	0	0	0	0	0	0	0	0	0	0	0	0	0	0	0	0	0	0	0	0	0	0
f409	0	26	0	37	0	0	0	7	0	0	15	0	0	743	0	5017	45	0	0	0	0	0	67	0	0	0	0	0	0	675	3	6	0	109	0	0	0	0	0	0	0	0	0	0	0	0	28296	10	0	0	0	26	0	0	0	0	0	0	0	0	0	0	0	0	0	0	0	0	0	4167	0	5	0	0	0	0	0	0	0	1574	0	0	0	0	102	0	0	0	0	0	0	0	0	0	2	0	0	0	0	0	651	0	0	0	0	21	0	0	66	0	638	0	77	0	0	4919	256	0	400	0	411	0	0	0	0	0	350	0	0	0	151	0	0	9	0	0	13068	0	219	0	0	0	181	0	0	0	0	0	0	0	0	0	0	643	0	0	0	0	143	0	0	66	0	0	0	0	0	0	15	0	0	0	0	51	0	0	0	431	5	4	0	0	0	0	3	0	0	0	0	3	0	0	0	0	16	0	15	0	0	0	0	0	0	0	0	0	0	0	0	0	0	0	23	0	0	280	0	0	122	0	0	0	0	0	0	0	0	0	1101	0	601	0	0	0	0	0	0	0	0	0	20	0	0	0	0	0	0	0	0	0	0	0	0	0	0	0	0	0	0	0	0	0	0	0	0	0	0	0	0	0	0	0	0	0	0	0	83	12	0	0	0	0	0	0	0	0	0	0	0	0	0	0	0	0	0	0	0	0	0	0	0	0	0	0	0	0	0	0	0	0	0	0	0	0	0	0	0	0	0	0	1006	0	0	0	0	0	0	0	0	0	0	0	0	0	4	0	2	0	0	0	0	0	0	0	0	0	0	0	0	0	0	0	0	0	0	0	0	0	0	165	0	0	0	0	0	0	0	0	0	0	0	0	0	0	0	0	0	0	0	0	0	0	0	0	0	0	0	0	0	0	0	0	0	0	0
f410	0	20	0	40	0	8	10	0	0	0	19	0	0	472	0	4615	57	0	0	0	0	0	0	0	0	0	0	0	0	485	0	2	0	63	0	0	0	0	0	0	0	0	0	0	0	0	31809	0	0	0	0	25	0	0	0	0	0	0	0	0	0	0	0	0	0	0	0	0	0	7143	0	0	0	0	5	0	0	0	0	976	0	0	0	0	67	0	0	0	0	0	0	0	0	0	0	0	0	0	15	0	410	0	0	0	0	29	0	0	71	0	467	0	55	0	0	3688	229	0	159	0	283	0	0	0	0	0	173	0	9	0	268	0	0	9	0	0	7879	0	208	0	0	0	105	0	0	0	0	0	0	0	0	0	0	395	0	0	0	0	104	0	18	33	0	0	0	0	0	0	11	0	0	0	0	17	0	0	0	315	0	6	0	0	0	0	22	0	0	0	0	6	0	0	0	0	12	0	12	0	0	0	0	0	0	0	0	0	0	0	0	0	0	0	0	0	0	277	0	0	90	0	0	0	0	0	0	0	0	0	949	0	709	0	0	0	0	0	0	0	0	0	9	0	0	0	0	0	0	0	0	0	0	0	0	0	0	0	0	0	0	0	0	0	0	0	0	0	0	0	0	0	0	0	0	3	0	0	34	17	0	0	0	0	0	0	0	0	0	0	0	0	0	0	0	0	0	0	0	0	0	0	0	0	0	0	0	0	0	0	0	0	0	0	0	0	0	0	0	0	0	0	1194	0	0	0	0	0	0	0	0	0	0	0	0	0	0	0	0	0	0	0	0	0	0	0	0	0	0	0	0	0	0	0	0	0	0	0	0	0	0	101	0	0	0	0	0	0	0	0	0	0	0	0	0	0	0	0	0	0	0	0	0	0	0	0	0	0	0	0	0	0	0	0	0	0	0
f436	0	3	0	59	0	24	0	16	54	0	2	0	0	434	0	10222	79	0	0	0	0	0	0	0	0	8	0	0	9	924	3	9	0	46	0	0	0	0	0	0	6	127	7	0	0	0	5457	0	0	0	0	179	0	0	0	0	0	0	9	0	0	0	0	0	47	9	7	0	0	4936	0	0	0	23	30	0	0	0	0	2680	0	0	0	0	185	0	0	2	0	0	0	0	0	0	0	0	0	0	10	0	60	0	0	0	0	44	0	0	17	0	2301	0	225	0	23	3342	104	0	175	0	1131	7	0	0	0	0	726	0	6	0	751	0	0	0	66	0	16715	0	163	0	0	1009	67	0	0	0	0	0	0	0	0	0	0	221	0	5	0	0	268	0	97	109	0	0	0	0	0	70	15	0	9	0	0	57	0	0	0	552	59	38	0	0	0	0	699	7	0	0	0	56	0	0	0	0	61	0	0	0	0	0	0	0	0	0	0	0	2	0	0	0	0	0	140	0	0	1055	0	0	184	0	0	20	0	0	0	0	0	0	1265	0	376	12	0	0	0	0	0	0	0	66	98	0	0	0	0	0	0	0	0	0	0	0	0	0	0	0	11	0	0	0	0	0	0	0	0	0	0	0	0	0	0	0	0	0	0	0	20	90	3	0	0	7	0	0	0	0	0	0	0	0	0	0	0	0	0	0	0	0	0	0	0	0	0	0	0	0	4	0	0	0	0	0	0	0	0	0	0	0	0	0	1711	0	0	0	0	0	0	0	0	0	0	0	0	0	582	0	0	0	0	0	0	0	0	0	0	0	0	0	0	0	0	0	0	3	0	0	0	17	0	233	0	0	0	0	0	0	0	0	0	0	0	0	0	0	0	0	0	0	0	0	0	0	0	0	0	0	0	0	0	0	0	0	0	0	0
f437	0	0	0	0	0	0	0	0	8	0	0	0	0	217	0	8618	14	0	0	0	0	0	7	0	0	0	0	0	0	365	6	9	0	7	0	42	0	0	0	0	0	64	0	0	0	0	18504	0	0	0	0	62	0	0	0	0	0	0	0	8	0	0	0	0	0	0	0	0	0	3610	0	0	0	0	0	0	0	0	0	3029	0	0	0	0	104	0	0	0	0	0	0	0	0	0	0	0	0	0	0	2	0	0	0	0	0	8	0	0	10	0	693	0	60	0	0	1262	60	0	128	0	272	0	0	0	0	0	459	0	0	0	359	0	0	5	0	0	18237	0	116	0	0	467	40	0	0	0	0	0	0	0	0	0	0	419	0	0	0	0	97	0	32	50	0	0	0	0	0	22	5	7	0	0	0	39	0	0	0	270	8	17	0	0	0	0	16	0	0	0	0	14	0	0	0	0	0	0	0	0	0	0	0	0	0	0	0	0	0	0	0	0	0	0	29	0	0	400	0	0	64	0	0	0	0	0	0	0	0	0	455	0	85	0	0	0	0	0	0	0	0	0	18	0	0	0	0	0	0	0	0	0	0	0	0	0	0	0	0	0	0	0	0	0	0	0	0	0	0	0	0	0	0	0	0	0	0	0	0	31	0	0	0	0	0	0	0	0	0	0	0	0	0	0	0	0	0	0	0	0	0	0	0	0	0	0	0	0	0	0	0	0	0	0	0	0	0	0	0	0	0	0	2327	0	0	0	0	0	0	0	0	0	0	0	0	0	219	0	0	0	0	0	2	0	0	0	0	0	0	0	0	0	0	0	0	0	0	0	0	0	0	84	0	0	0	0	0	0	0	0	0	0	0	0	0	0	0	0	0	0	0	0	0	0	0	0	0	0	0	0	0	0	0	0	0	0	0
f438	0	14	0	30	0	21	11	13	19	0	2	0	0	534	0	12797	53	0	0	0	0	0	0	0	0	0	0	0	0	845	5	17	0	35	0	71	0	3	0	5	4	107	0	0	0	0	10093	0	0	0	0	137	0	0	0	0	0	0	0	11	0	0	0	0	39	5	0	0	2	5474	0	0	0	8	13	0	0	0	0	2709	0	0	0	0	187	0	0	0	0	0	0	0	0	0	4	0	0	0	10	0	0	0	0	0	0	23	0	0	19	0	1867	0	167	0	0	2711	171	0	179	0	817	0	0	0	0	0	705	0	0	0	673	0	0	0	0	0	15482	0	158	0	0	907	56	0	0	2	0	0	0	0	0	0	0	222	0	0	0	0	206	0	90	135	0	0	0	0	0	46	29	0	0	0	0	44	0	3	0	577	43	22	0	0	0	0	291	0	0	0	0	41	0	0	0	0	57	3	0	0	0	0	0	0	0	0	0	0	0	0	0	0	0	0	117	0	0	686	0	0	114	0	0	5	0	0	0	0	0	0	1179	0	364	13	0	0	0	0	0	0	0	0	57	0	0	0	0	0	0	0	0	0	0	0	0	0	0	3	0	0	0	0	0	0	0	0	0	0	0	0	0	0	0	0	0	6	0	0	15	70	0	0	0	0	0	0	0	0	0	0	0	0	22	0	0	0	0	0	0	0	0	0	0	0	0	4	0	0	0	0	0	0	0	0	0	0	0	0	0	0	0	0	2484	0	0	0	0	0	0	0	0	0	0	0	0	0	205	0	0	0	0	0	0	0	0	0	0	0	0	0	0	0	0	0	0	0	0	0	0	0	0	207	0	0	0	0	0	0	0	0	0	0	0	0	0	0	0	0	0	0	0	0	0	0	0	0	0	0	0	0	0	0	0	0	0	0	0
f439	0	0	0	8	0	0	0	8	12	0	0	0	0	54	0	10531	58	0	0	0	0	0	12	0	0	0	0	0	0	224	0	0	5	4	0	0	0	0	0	17	0	10	9	0	0	0	28493	0	0	0	0	59	0	0	0	0	0	0	0	0	0	0	0	0	5	0	0	0	0	3199	0	0	0	8	5	0	0	0	0	1347	0	0	0	0	41	0	0	0	0	0	0	0	0	0	4	0	0	0	0	0	0	0	0	0	0	5	0	0	0	0	656	0	108	0	0	808	32	0	49	0	139	0	0	0	0	0	2903	0	0	0	206	0	0	0	0	0	12575	0	73	0	0	125	25	0	0	0	0	0	0	0	0	0	0	575	0	0	0	0	93	0	17	27	0	0	0	0	0	22	4	0	0	0	0	35	0	0	0	157	17	0	0	0	0	2	9	0	0	0	0	0	0	0	0	0	0	0	0	0	0	0	0	0	0	0	0	0	0	0	0	0	0	0	0	0	0	189	0	0	0	0	0	7	0	0	0	0	0	0	205	0	154	6	0	0	0	0	0	0	0	0	44	0	0	0	0	9	0	0	0	0	0	0	0	0	0	0	0	0	0	0	0	0	0	0	0	0	0	0	0	0	0	0	0	0	0	0	0	37	0	0	0	0	0	0	0	0	0	0	0	0	0	0	0	0	0	0	0	0	0	0	0	0	0	0	0	0	0	0	0	0	0	0	0	0	0	0	0	0	0	0	1259	0	0	0	0	0	0	0	0	0	0	0	0	0	64	0	0	0	0	0	0	0	0	0	0	0	0	0	0	0	0	0	0	0	0	0	0	0	0	29	0	0	0	0	0	0	0	0	0	0	0	0	0	0	0	0	0	0	0	0	0	0	0	0	0	0	0	0	0	0	0	0	0	0	0
f440	0	0	0	28	0	0	2	14	10	0	0	0	0	342	0	13520	11	0	0	0	0	0	10	0	0	0	0	0	0	614	8	0	0	9	0	15	0	0	9	0	0	54	0	0	0	0	10169	0	0	0	0	147	0	0	0	0	0	0	3	5	0	0	3	0	21	4	0	0	0	3879	0	0	0	24	17	0	0	0	0	2440	0	0	0	0	159	0	0	0	0	0	0	0	0	0	0	0	0	0	0	0	0	0	0	0	0	15	0	0	19	0	1363	0	158	0	0	3643	120	0	246	0	503	0	0	0	0	0	501	0	8	0	432	0	0	0	0	0	19771	0	166	0	0	1217	56	0	0	0	0	0	0	0	0	0	0	125	0	0	0	0	155	0	0	95	0	0	0	0	0	48	20	0	0	0	0	111	0	14	0	356	64	27	0	0	0	0	284	4	0	0	0	0	0	0	0	0	39	0	0	0	0	0	0	0	0	0	0	0	0	0	0	0	0	0	96	0	0	951	0	0	107	0	0	12	0	0	0	0	0	0	692	0	81	8	0	0	0	0	0	0	0	0	50	0	0	0	0	0	0	0	0	0	0	0	0	0	0	0	0	0	0	0	0	0	0	0	0	0	0	0	0	0	0	0	0	0	0	0	0	151	0	0	0	0	0	0	0	0	0	0	0	0	0	0	0	0	0	0	0	0	0	0	0	0	0	0	0	0	0	0	0	0	0	0	0	0	0	0	4	0	0	0	2125	0	0	0	0	0	0	0	0	0	0	0	0	0	363	0	0	0	0	0	0	0	0	0	0	0	0	0	0	0	0	0	0	0	0	0	0	0	0	28	0	0	0	0	0	0	0	0	0	0	0	0	0	0	0	0	0	0	0	0	0	0	4	0	0	0	0	0	0	0	0	0	0	0	0
f466	0	0	0	0	0	0	26	2	0	0	253	5	0	7	0	2876	0	0	0	0	0	0	0	0	0	0	0	0	0	45	0	0	0	0	0	0	0	0	0	0	0	0	0	0	0	0	19888	11	0	0	0	0	0	0	0	0	0	0	0	196	0	0	0	0	0	0	0	0	0	530	0	0	0	0	0	0	0	0	0	3876	0	0	0	0	11	0	0	0	0	0	0	0	0	0	0	0	0	0	0	0	1031	9	0	0	0	0	0	0	0	0	145	0	0	0	0	1706	0	0	9	0	18	0	0	0	0	0	86	0	0	0	0	0	0	0	0	0	18835	0	18	0	0	28	0	0	0	30	0	0	0	0	0	0	0	2368	0	0	0	0	0	0	0	2	0	0	0	0	0	0	0	0	0	0	0	6	0	0	0	0	0	0	0	0	0	0	24	0	0	0	0	0	0	0	0	0	0	7	0	0	0	0	0	0	0	0	0	0	0	0	0	0	0	0	0	0	498	0	0	0	0	0	0	0	0	0	0	0	0	0	57	0	0	0	0	0	0	0	3	0	0	0	0	0	0	0	0	0	0	0	0	0	0	0	0	0	0	0	0	0	0	0	0	0	0	0	0	0	0	0	0	0	0	0	0	0	0	0	0	0	0	0	0	0	0	0	0	0	0	0	0	0	0	0	0	0	0	0	0	0	0	0	0	0	0	0	0	0	0	0	0	0	0	0	0	0	0	0	0	0	0	0	45	0	0	0	0	0	0	0	0	0	0	0	0	0	0	0	0	0	0	0	0	0	0	0	0	0	0	0	0	0	0	0	0	0	0	0	0	0	0	0	0	0	0	0	0	0	0	0	0	0	0	0	0	0	0	0	0	0	0	0	0	0	0	0	0	0	0	0	0	0	0	0	0	0	0
f467	0	0	0	0	0	0	0	0	0	0	0	0	0	0	0	1963	0	0	0	0	0	0	0	0	0	0	0	0	0	58	0	0	0	0	0	0	0	0	0	0	0	0	0	0	0	0	25398	0	0	0	0	0	0	0	0	0	0	0	0	68	0	0	0	0	0	0	0	0	0	1388	0	0	0	0	0	0	0	0	0	1140	0	7	0	0	16	0	0	0	0	0	0	0	0	0	0	0	0	0	0	0	76	0	0	0	0	0	0	0	0	0	177	0	13	0	0	513	0	0	4	0	21	0	0	0	0	0	30	0	0	0	0	0	0	0	0	0	26134	0	17	0	0	0	0	0	0	0	0	0	0	0	0	0	0	930	0	0	0	0	0	0	0	0	0	0	0	0	0	0	0	0	13	0	0	16	0	0	0	26	0	0	0	0	0	0	96	0	0	0	0	0	0	0	0	0	0	17	0	0	0	0	0	0	0	0	0	0	0	0	0	0	0	0	0	0	34	0	0	0	0	0	0	0	0	0	0	0	0	0	20	0	0	0	0	0	0	0	0	0	0	0	0	0	0	0	0	0	0	0	0	0	0	0	0	0	0	0	0	0	0	0	0	0	0	0	0	0	0	0	0	0	0	0	0	0	0	0	0	0	0	0	0	0	0	0	0	0	0	0	0	0	0	0	0	0	0	0	0	0	0	0	0	0	0	0	0	0	0	0	0	0	0	0	0	0	0	0	0	0	0	0	71	0	0	0	0	0	0	0	0	0	0	0	0	0	0	0	0	0	0	0	0	0	0	0	0	0	0	0	0	0	0	0	0	0	0	0	0	0	0	0	0	0	0	0	0	0	0	0	0	0	0	0	0	0	0	0	0	0	0	0	0	0	0	0	0	0	0	0	0	0	0	0	0	0	0
f468	0	0	0	0	0	3	0	0	0	0	9	0	0	0	0	1552	3	0	0	0	0	0	71	0	0	0	0	0	0	13	0	0	0	0	0	0	0	0	0	0	0	0	0	0	0	0	78342	0	0	0	3	0	0	0	0	0	0	0	0	445	0	0	0	0	0	0	0	0	0	557	0	0	0	0	0	0	0	0	0	4097	0	0	0	0	9	0	0	0	0	0	0	0	0	0	0	0	0	0	0	0	132	0	0	0	0	0	0	0	0	0	86	0	21	0	0	658	0	0	0	0	0	0	0	0	0	0	53	0	0	0	0	0	0	0	0	0	1014	0	0	0	0	12	0	0	0	100	0	0	0	8	0	0	0	1901	0	0	0	0	0	0	0	0	0	0	0	0	0	0	0	0	0	0	0	6	0	0	0	0	0	0	3	0	0	0	156	0	0	0	0	0	0	0	0	0	0	9	0	8	0	0	0	0	0	0	0	0	0	0	0	0	0	0	0	0	0	0	0	45	0	0	0	0	0	0	0	0	0	0	0	0	0	0	0	0	0	0	0	0	5	9	0	0	0	0	0	0	0	0	0	0	0	0	0	0	0	0	0	0	0	0	0	0	0	0	0	0	0	0	0	0	0	0	0	0	0	0	0	0	0	0	0	2	0	0	2	0	0	0	0	0	0	0	0	0	0	4	0	0	0	0	0	0	0	0	0	0	0	0	0	0	0	0	0	0	0	0	0	0	0	0	23	0	0	2	0	0	0	0	0	0	0	0	0	0	0	0	0	0	0	0	0	0	0	0	0	0	0	0	0	0	0	0	0	0	0	0	0	0	0	0	0	0	0	0	0	0	0	0	0	0	0	0	0	0	0	0	0	0	0	0	0	0	0	0	5	0	16	0	0	0	0	0	5	0	0
f469	0	0	0	6	0	0	0	0	0	0	9	0	0	0	0	4287	7	0	0	0	0	0	0	0	0	0	0	0	0	163	0	0	0	4	0	3	0	0	0	0	0	0	0	0	0	0	15717	0	0	3	0	0	0	0	0	0	0	0	0	61	0	0	0	0	0	0	0	0	0	1239	0	0	0	0	0	0	0	0	0	1406	0	5	0	0	21	0	0	0	0	0	0	0	0	0	0	0	0	0	0	0	375	118	0	0	0	0	0	0	0	0	746	0	12	0	0	1394	0	0	12	0	84	0	0	0	0	0	139	0	0	0	0	0	0	0	0	0	27807	15	70	0	0	33	0	0	0	0	0	0	0	0	0	0	0	1014	0	0	0	0	0	0	0	0	0	0	0	0	0	0	0	0	26	0	0	73	0	0	0	72	0	0	0	0	0	0	306	0	0	0	0	0	0	0	0	0	0	46	0	0	0	0	0	0	0	0	0	0	0	0	0	0	0	0	0	0	25	11	0	0	0	0	0	0	0	0	0	0	0	0	161	0	0	0	0	0	0	0	0	0	0	18	0	0	0	0	0	0	0	0	0	0	0	0	0	0	0	0	0	0	0	0	0	0	0	0	0	0	0	0	0	0	0	0	0	0	0	0	0	0	0	0	0	0	0	0	0	0	0	0	0	0	0	0	0	0	0	0	0	0	0	0	0	0	0	0	0	0	0	0	0	0	0	0	0	0	0	0	0	0	0	0	129	0	0	0	0	0	0	0	0	0	0	0	0	0	0	0	0	0	29	0	0	0	0	0	0	0	0	0	0	0	0	0	0	0	0	0	0	0	0	0	0	0	0	0	0	0	0	0	0	0	0	0	0	0	0	0	0	0	0	0	0	0	0	0	0	0	0	0	0	0	0	0	0	0	0
f470	0	0	0	0	0	0	0	0	0	0	0	0	0	0	0	3275	102	0	0	0	0	0	0	0	0	0	0	0	0	51	4	0	0	0	0	0	0	0	0	0	0	0	8	0	0	0	34479	0	0	0	0	0	0	0	0	0	0	0	0	114	0	0	0	0	0	0	0	0	0	859	0	0	0	0	0	0	0	0	0	1239	0	3	0	0	11	0	0	0	0	0	0	0	0	0	0	0	0	0	0	0	145	0	0	0	0	0	0	0	0	0	102	0	0	0	0	495	0	0	8	0	20	0	0	0	0	0	85	0	4	0	0	0	0	0	0	0	22287	0	0	0	0	9	0	0	0	0	0	0	0	0	0	0	0	814	0	0	0	0	0	0	0	0	0	0	0	0	0	0	0	0	0	0	0	0	0	0	0	46	0	0	0	0	0	0	289	0	0	0	0	0	0	0	0	0	0	11	0	0	0	0	0	0	0	0	0	0	0	0	0	0	0	0	7	0	13	0	0	5	0	0	0	0	0	0	0	0	0	0	0	0	0	0	0	0	0	0	0	0	0	11	0	0	0	0	0	0	0	0	0	0	0	0	0	0	0	0	0	0	0	0	0	0	0	0	0	0	0	0	0	0	0	0	0	0	0	0	0	0	0	0	0	0	0	0	0	0	0	0	0	0	0	0	0	0	0	0	0	0	0	0	0	0	0	0	0	0	0	0	0	0	0	0	0	0	0	0	0	0	0	0	103	0	0	0	0	0	0	0	0	0	0	0	0	0	3	0	0	0	18	0	0	0	0	0	0	0	0	0	0	0	0	0	0	0	0	0	0	0	0	0	0	0	0	0	0	0	0	0	0	0	0	0	0	0	0	0	0	0	0	0	0	0	0	0	0	0	0	0	0	0	0	0	0	0	0
f496	0	0	0	0	0	0	168	0	0	0	0	0	0	0	0	38	7	0	0	0	0	0	0	0	0	0	0	0	0	0	0	0	0	0	0	4	0	0	0	0	0	0	0	0	0	0	62782	0	0	0	0	0	0	0	0	0	0	0	0	156	0	0	0	0	4	0	0	0	0	84	0	0	0	0	0	0	0	0	0	11430	0	19	0	0	7	0	0	0	0	0	0	0	0	0	0	0	0	0	0	0	134	0	4	0	0	0	0	0	0	0	18	0	0	0	4	656	0	0	0	0	0	0	0	2	0	0	24	0	0	0	0	0	0	0	0	0	350	0	3	0	0	32	0	0	0	0	0	0	0	341	0	0	0	2147	0	0	0	0	0	0	0	0	0	0	0	0	0	0	0	0	0	0	0	0	0	0	0	25	0	0	0	0	0	5	410	0	0	0	0	0	0	0	0	0	0	0	0	0	0	0	0	0	0	0	0	0	10	0	0	0	0	0	0	69	0	0	0	11	0	0	0	0	0	0	0	0	0	0	0	0	12	0	0	0	0	0	0	0	0	0	0	0	6	0	0	0	0	0	0	0	26	0	0	0	0	0	8	0	0	0	0	0	0	0	0	0	0	0	0	0	0	0	0	0	0	0	0	0	0	0	0	14	0	0	0	0	0	0	0	0	0	0	0	0	0	0	0	0	0	0	0	0	0	0	5	0	0	0	0	0	0	0	0	0	0	0	0	0	0	0	10	0	0	0	0	0	0	0	0	5	0	0	0	0	5	0	0	0	0	0	0	0	0	0	0	0	0	0	0	0	0	0	0	0	0	0	0	0	0	0	0	0	0	0	0	0	0	0	0	0	0	0	0	0	0	0	0	0	2	0	0	0	0	0	0	0	0	0	0	0	0	0	0	0	0
f497	0	0	80	7	0	0	181	3	0	0	0	2	0	7	0	820	3	0	0	0	0	0	50	0	0	0	0	0	0	0	0	0	0	0	0	0	0	0	0	0	0	0	0	0	0	0	52279	0	0	0	0	0	0	0	0	0	0	0	0	64	0	0	3	0	0	0	0	0	0	1255	0	0	0	0	7	0	0	0	0	4646	0	0	0	0	10	0	0	0	0	0	0	0	0	0	0	0	0	0	5	0	942	0	0	0	0	0	0	0	0	0	26	0	0	0	0	877	0	0	60	5	26	0	6	0	0	0	67	0	0	0	0	0	0	0	0	0	2276	0	123	0	0	258	0	0	0	5	0	0	0	5665	0	0	0	2670	0	0	0	0	8	0	0	0	0	0	0	0	0	39	0	0	8	0	0	0	0	0	0	0	6	0	0	0	0	0	239	0	0	0	0	4	0	0	0	0	0	0	0	0	0	0	0	0	0	0	0	0	0	0	0	0	0	0	0	0	0	0	0	0	0	0	12	0	0	0	0	0	0	0	36	0	0	0	0	0	0	0	0	0	0	10	0	0	0	0	0	0	0	0	0	0	5	0	0	0	0	0	0	0	0	0	0	0	0	0	0	0	0	0	0	0	0	0	0	0	0	0	0	0	0	0	0	0	0	0	0	0	0	0	0	0	0	0	0	0	0	0	0	0	0	0	0	0	0	0	0	0	0	0	0	0	0	0	0	4	0	0	0	0	0	0	14	0	0	0	0	0	0	0	0	0	0	0	0	0	4	0	0	0	0	0	0	0	0	0	0	0	0	0	0	0	0	0	0	0	0	0	0	0	0	0	0	0	0	0	0	0	0	0	0	0	0	0	0	0	0	0	0	0	0	0	0	0	0	0	0	0	0	0	0	0	0	0	0	0	0
f498	0	13	365	65	0	0	409	0	13	0	42	0	0	38	0	597	45	0	0	4	0	0	23	0	0	0	0	0	0	108	0	0	0	80	0	46	0	18	0	2	8	0	20	0	0	0	47270	0	0	0	0	0	0	0	107	0	0	0	16	136	0	0	8	0	17	6	0	0	0	2507	0	0	0	22	34	0	0	3	0	5614	0	0	0	0	20	0	40	0	0	0	0	0	0	0	0	0	0	0	39	0	439	83	0	0	0	5	0	0	27	0	183	0	18	0	0	1245	0	0	415	0	96	0	110	0	0	0	251	0	0	0	127	0	0	2	0	0	13714	0	221	0	0	810	57	0	0	5	0	0	0	42	0	0	0	3442	0	0	0	0	115	0	0	5	0	0	0	0	0	131	13	0	29	0	0	0	0	0	0	56	14	45	0	0	0	0	86	0	0	0	0	31	0	5	0	0	19	7	0	0	0	0	0	0	0	0	0	0	0	0	0	0	0	0	0	7	0	101	0	0	28	0	114	0	0	0	0	0	0	0	267	0	3	0	0	0	2	0	0	0	0	13	0	0	0	0	0	0	0	0	0	0	216	0	0	115	0	0	0	0	0	0	0	0	0	0	0	0	0	0	0	0	0	0	0	0	0	0	0	38	0	0	0	19	0	0	0	0	0	0	0	0	0	23	0	0	0	0	0	0	0	0	0	0	0	0	0	0	0	0	0	0	3	0	0	0	0	4	0	0	0	0	21	0	0	0	0	0	0	0	0	0	0	0	0	0	0	0	0	0	0	0	0	7	0	0	0	0	0	0	0	0	0	0	0	0	0	0	0	0	0	5	0	0	0	0	0	0	0	0	0	0	0	0	0	0	0	0	0	0	0	0	0	0	0	0	0	0	0	0	0	0	0	0	0	0	0
f499	0	2	270	20	0	0	284	3	0	0	30	0	0	0	0	1414	17	0	0	0	0	0	10	0	0	0	0	0	0	44	0	0	0	32	0	49	0	12	0	0	0	0	16	0	0	0	28327	0	0	2	0	9	0	0	66	0	0	5	0	95	0	0	6	0	20	0	0	0	0	1633	0	0	0	24	7	0	0	0	0	2199	0	0	0	0	22	0	0	0	0	0	0	0	0	0	0	0	0	0	52	0	237	58	0	0	0	0	0	0	14	0	208	0	47	0	0	830	0	0	286	0	95	0	19	0	0	0	88	0	0	0	78	0	0	0	0	0	21467	0	116	0	0	665	0	0	0	5	0	0	0	68	0	0	0	2027	0	0	0	0	71	0	4	0	0	0	0	0	0	177	11	0	18	0	0	11	0	0	0	27	6	14	0	0	0	0	8	0	0	0	0	25	0	0	0	0	32	5	0	0	0	0	0	0	0	0	28	0	0	0	0	0	0	0	0	3	32	59	0	0	0	0	117	0	0	0	0	0	0	0	241	0	0	0	0	0	3	0	2	0	0	0	0	0	0	0	0	0	0	0	0	0	100	0	0	77	0	0	0	0	0	0	0	0	0	0	0	0	0	0	0	0	0	0	0	8	0	0	0	12	0	0	0	0	0	0	0	0	0	0	0	0	0	0	0	0	0	0	0	0	0	2	0	0	0	0	0	0	0	0	0	0	0	0	0	0	0	0	0	0	0	0	25	0	0	0	0	0	0	0	0	0	0	0	0	0	0	0	0	0	0	0	0	0	0	0	0	0	0	0	0	0	0	0	0	0	0	0	0	0	0	0	0	0	0	0	0	0	0	0	0	0	0	0	0	0	0	0	0	0	0	0	0	0	0	0	0	0	0	0	0	0	0	0	0	0	0
f500	8	34	474	95	0	0	1109	11	65	2	78	5	0	87	0	305	34	0	0	0	0	6	56	0	3	0	0	0	0	320	19	0	149	98	0	71	0	39	10	16	25	0	2	0	2	0	30301	3	0	21	24	9	0	0	272	0	0	0	189	169	8	0	26	0	11	0	1853	89	7	2558	0	0	2	31	49	0	0	83	41	3145	0	2551	0	6	35	0	115	0	0	4	0	5	0	0	0	2	13	0	55	0	1511	61	0	0	35	4	0	0	16	529	302	0	48	0	1165	1798	6	7	585	0	177	5	74	139	0	0	163	0	0	0	92	0	0	3	0	0	3515	0	210	0	0	1343	69	0	0	6	0	0	0	71	0	0	0	1536	0	0	0	0	106	0	0	4	0	0	0	0	0	257	37	0	374	0	0	43	0	0	0	62	26	34	0	0	0	0	579	0	2	0	0	52	0	0	0	0	64	12	0	0	0	0	0	0	0	0	0	0	0	0	0	0	0	0	0	202	0	88	8	2	25	0	230	7	0	0	0	0	0	0	502	0	0	0	0	0	7	0	0	18	0	32	0	0	0	6	0	0	2	0	0	0	826	8	0	178	0	0	74	0	0	13	0	0	0	0	0	0	0	0	10	0	0	0	2	11	0	0	0	21	22	0	0	829	0	0	0	0	0	0	0	0	0	206	0	0	0	0	0	0	0	3	0	0	0	0	0	0	0	0	0	0	0	0	0	0	8	0	0	0	0	0	18	0	0	2	0	0	0	0	0	0	0	0	0	0	0	0	0	11	69	0	0	9	0	0	0	0	0	6	0	0	0	0	0	0	0	55	0	120	5	6	3	0	4	0	0	0	0	0	0	0	0	0	0	2	0	0	0	0	0	0	0	0	0	0	0	0	10	0	0	0	0	0	0	0	0
f526	0	0	34	108	0	0	194	0	0	0	15	0	0	1348	0	30	34	0	0	0	0	0	5	0	0	0	0	0	0	10	4	16	0	11	0	257	0	0	6	22	0	0	8	0	0	0	62912	19	0	0	0	15	0	0	0	0	0	0	14	90	0	44	0	0	16	0	0	0	0	4492	0	0	0	4	6	0	0	0	0	4236	0	0	0	0	29	3	0	0	0	0	0	0	0	0	0	0	0	0	22	0	384	381	0	0	0	29	0	0	5	0	163	0	411	36	0	607	0	0	50	5	115	0	196	0	0	0	133	0	0	0	11	0	0	0	0	0	228	0	51	0	0	0	6	0	0	203	0	0	0	46	0	2	0	125	0	0	0	0	6	0	2	0	0	0	118	0	4	0	0	0	21	0	0	5	0	0	0	213	9	8	0	0	0	0	28	0	0	0	0	9	0	34	0	0	24	30	6	0	0	0	0	0	0	0	0	0	0	0	0	0	0	0	11	0	0	0	0	0	31	0	0	0	0	0	0	0	0	0	489	0	548	0	0	0	0	0	0	0	0	0	51	0	0	0	0	0	0	0	0	0	5	0	0	0	0	0	0	64	0	0	0	0	0	146	0	0	0	0	0	0	0	0	0	9	0	0	0	34	0	0	0	11	0	0	0	0	0	0	0	0	0	169	0	0	0	0	0	0	0	0	0	0	0	0	0	0	0	0	0	0	0	0	0	0	0	0	0	0	0	0	66	0	0	0	0	0	0	0	13	0	0	0	0	0	0	0	0	0	0	0	0	0	0	0	0	0	0	12	0	0	0	0	0	0	0	0	0	0	0	35	0	0	265	0	0	16	0	0	0	0	0	18	0	0	0	0	0	0	0	0	0	0	0	0	0	0	0	0	0	0	0	0	0	0	0
f527	0	0	5	12	0	0	219	2	0	0	0	0	0	653	0	9	18	0	0	0	0	0	0	0	0	0	0	0	0	14	5	2	0	2	0	74	0	0	0	2	0	0	10	0	0	0	59043	0	0	0	0	0	0	0	0	0	0	0	0	75	0	9	2	0	0	0	0	0	0	2173	0	0	2	4	3	0	0	0	0	9122	0	0	0	0	20	0	0	0	0	0	0	0	0	0	0	0	0	0	0	0	104	235	0	0	0	10	0	0	0	0	88	0	418	11	0	619	0	0	16	2	57	0	149	0	0	0	90	0	9	0	0	0	0	0	0	0	255	0	0	0	0	4	3	0	0	67	0	0	0	0	0	0	0	173	0	0	0	0	0	0	5	0	0	0	54	0	0	0	3	0	17	0	0	0	0	0	0	149	0	0	0	2	0	0	67	0	0	0	0	8	0	13	0	0	10	24	3	0	0	0	0	0	0	0	0	0	0	0	0	0	0	0	0	0	0	19	0	35	0	0	0	0	0	0	0	0	0	0	233	0	534	0	0	0	0	0	0	0	0	0	18	0	0	0	0	0	0	0	0	0	0	0	0	0	0	0	0	16	0	0	0	0	0	12	0	0	0	0	0	0	3	0	0	0	0	0	21	15	0	0	0	0	0	0	0	0	0	0	0	2	0	85	0	0	0	3	0	0	0	0	0	0	0	0	0	0	0	0	0	0	0	0	0	0	0	0	0	0	0	0	16	0	0	0	0	0	0	0	0	3	0	0	0	0	0	0	0	0	0	0	0	0	0	0	0	0	0	0	0	0	0	0	0	0	0	0	0	0	0	7	0	0	639	0	0	0	0	0	0	0	22	0	0	0	0	0	0	0	0	0	0	0	0	0	0	0	0	0	0	0	0	0	0	0	0
f528	0	0	0	0	0	0	93	6	0	0	5	0	0	364	0	0	15	0	0	0	0	0	35	0	0	0	0	0	0	10	0	23	0	0	0	64	0	0	0	0	0	0	0	0	0	0	67921	0	0	0	0	0	0	0	0	0	0	0	0	4	0	0	0	0	0	0	0	0	0	4737	0	0	0	7	0	0	0	0	0	4116	0	0	0	0	19	0	0	0	0	0	0	0	0	0	0	0	0	0	0	0	126	85	0	0	0	8	0	0	0	0	51	0	171	6	0	231	0	0	4	9	0	0	91	0	0	0	65	0	3	0	0	0	0	0	0	0	180	0	13	0	0	0	0	0	0	26	0	0	0	53	0	0	0	127	0	0	0	0	0	0	4	0	0	0	11	0	0	0	0	0	0	0	0	0	0	0	0	88	0	7	0	0	0	0	23	0	0	0	0	0	2	21	0	0	8	0	4	0	0	0	2	0	0	0	0	0	0	0	0	0	0	0	0	0	13	0	0	0	0	0	3	0	0	0	0	0	0	0	180	0	183	0	0	0	0	0	0	0	0	11	3	0	0	0	0	0	0	0	0	0	0	0	0	0	0	0	0	18	0	0	0	0	0	9	0	0	0	0	0	0	0	0	0	7	0	0	0	14	0	0	0	0	0	0	0	0	0	0	0	0	0	139	0	0	0	6	0	0	0	0	0	0	0	0	0	0	0	0	0	0	0	0	0	0	0	0	0	0	0	0	22	0	0	0	0	0	0	0	0	0	0	0	0	0	0	0	0	0	0	0	0	0	0	0	0	0	0	0	0	0	0	0	0	0	0	0	0	0	0	0	0	0	119	0	0	0	0	0	0	0	0	0	0	0	0	0	0	0	0	0	0	0	0	0	0	0	0	0	0	0	0	0	0	0	0
f529	0	0	0	4	0	0	269	0	0	0	0	0	0	581	0	7	0	0	0	0	0	0	0	0	0	0	0	0	0	0	0	0	0	7	0	14	0	0	0	0	0	0	0	0	0	0	73320	0	0	0	0	0	0	0	0	0	0	0	0	0	0	0	0	0	0	0	0	0	0	1169	3	0	0	0	0	0	0	0	0	8460	0	0	0	0	7	0	0	0	0	0	0	0	0	0	0	0	0	0	0	0	78	99	0	0	0	0	0	0	0	0	26	0	44	3	11	1186	0	0	0	0	19	0	64	0	0	0	142	0	17	0	0	0	0	0	0	0	200	0	0	0	0	0	0	0	0	7	0	0	0	11	0	0	0	238	0	0	0	0	0	0	0	0	0	0	52	0	0	0	0	0	0	0	0	0	0	0	0	0	0	0	0	0	0	0	75	0	0	0	0	0	0	0	0	0	0	3	0	0	0	0	0	0	0	0	0	0	0	0	0	0	0	0	0	0	0	0	0	0	0	0	0	0	0	0	0	0	0	0	50	0	323	0	0	0	0	0	0	0	4	0	0	0	0	0	0	0	0	0	0	0	0	0	0	0	0	0	0	8	0	0	0	0	0	6	0	0	0	0	0	0	0	0	0	0	0	0	7	0	0	0	0	0	0	0	0	0	0	0	0	0	0	0	0	0	0	0	0	0	0	0	0	0	0	0	0	0	0	0	0	0	0	0	0	0	0	0	0	0	0	0	13	0	0	0	0	0	0	0	0	0	0	0	0	0	0	0	0	0	0	0	0	0	0	0	0	0	0	0	0	0	0	0	0	0	0	0	0	0	0	0	0	0	105	0	0	0	0	0	0	0	8	3	6	0	2	0	0	0	0	0	0	0	0	0	0	0	0	0	0	0	0	0	0	0	0
f530	0	0	66	53	0	0	481	11	5	0	25	6	0	2685	0	42	102	0	0	0	0	0	132	0	0	0	0	0	0	59	8	42	0	53	0	725	0	0	4	17	17	9	46	0	0	0	72283	0	0	0	0	44	0	0	0	0	0	0	25	12	0	28	5	0	20	0	0	0	0	4465	0	0	0	27	36	0	0	0	2	8015	0	0	0	0	56	3	0	2	0	0	0	0	0	0	0	0	0	0	7	0	473	942	0	0	0	78	0	0	15	0	506	0	839	20	0	1614	0	0	109	7	213	0	381	0	0	0	301	0	12	0	7	0	0	15	0	0	314	0	41	0	0	47	35	0	0	306	0	0	0	232	0	0	0	357	0	0	0	0	11	0	0	0	0	0	206	0	0	102	22	0	93	0	0	0	0	14	3	520	0	7	0	0	0	0	225	0	0	0	6	13	0	69	0	0	71	64	24	0	0	0	0	0	0	0	0	0	0	0	0	0	0	0	40	0	74	71	5	0	63	0	0	0	0	0	0	0	0	0	1052	0	1442	0	0	0	0	0	0	0	0	0	59	0	0	0	0	0	0	0	0	0	0	0	0	0	0	0	0	148	0	0	0	0	0	1295	0	4	0	0	0	0	0	0	0	0	0	0	0	95	0	0	0	0	0	0	0	0	0	0	0	0	0	423	0	0	0	0	0	0	0	0	0	0	0	0	0	0	0	0	0	0	0	0	0	0	0	0	0	0	0	0	38	0	0	0	0	0	0	0	0	0	0	0	0	0	0	0	0	0	0	0	0	0	0	0	0	0	0	27	0	0	0	0	0	0	0	0	0	0	0	21	0	0	59	0	0	0	0	0	0	0	60	70	0	0	0	0	0	0	0	0	0	0	0	0	0	0	0	0	0	0	0	0	0	0	0
f381	0	102	0	1778	0	175	87	107	51	0	0	12	0	37	0	26	404	0	145	0	8	0	0	183	0	262	0	3	91	1789	31	80	25	56	0	14	0	0	5	191	29	0	265	0	0	0	701	35	0	3	696	399	384	23	27	0	0	0	1610	14	1633	652	42	12	405	2092	4	3	0	38	0	199	0	95	49	0	5	0	18	329	0	0	0	0	36	0	0	1214	0	0	5	42	4	182	0	0	18	6	812	0	44	0	0	0	67	606	0	0	171	5	989	20	137	0	938	742	38	380	9	0	1053	111	0	38	11	5	20	0	5	0	3204	0	0	0	0	127	174	0	0	0	0	0	233	0	0	6428	891	0	0	0	0	6	0	11	18	0	0	0	0	0	159	0	0	0	0	0	0	0	652	0	0	0	113	23	2	13	34	520	86	0	82	0	41	10	24	0	4	0	15	286	12	0	22	0	111	647	593	0	0	70	0	0	0	0	0	0	0	0	35	0	0	0	71	0	0	979	25	0	68	0	0	250	0	0	0	0	0	295	1465	0	18	429	0	0	27	16	0	0	28	2859	255	0	0	109	0	109	0	63	0	0	0	0	0	0	20	0	248	0	0	0	0	0	0	0	0	0	67	0	0	0	4	0	0	0	0	0	109	614	11	92	0	0	0	0	0	0	0	0	0	0	196	317	0	0	0	0	0	117	0	0	0	0	0	0	0	0	0	7	0	0	0	0	0	0	28	0	0	0	0	15	22	0	0	0	0	0	0	0	1375	12	0	0	0	0	0	0	7	0	560	0	0	0	0	0	0	0	0	59	0	0	0	0	52	0	6	0	0	139	0	5439	0	0	0	0	93	0	0	0	0	18	0	274	0	0	245	30	20	0	0	0	0	0	0	8	0	0	0	0	0	0	0	0	0	0	3
f411	0	0	0	0	0	0	0	0	0	7	0	0	0	19	0	3082	47	0	0	0	0	5	7	0	0	0	0	0	0	6	0	0	13	0	4	0	0	0	0	0	2	0	0	0	0	0	60606	0	0	0	0	3	0	0	0	0	0	0	236	0	0	0	0	0	3	0	0	0	0	777	0	0	0	0	0	0	0	6	6	164	0	0	0	0	0	0	0	0	0	0	0	0	0	0	0	0	17	0	0	0	98	0	0	0	8	6	0	0	0	4	83	0	0	0	0	123	48	0	7	0	10	0	0	0	0	0	77	0	0	0	0	0	0	0	0	0	7174	0	50	0	0	0	8	0	0	0	0	0	0	0	0	0	0	367	0	0	0	0	0	15	0	0	0	0	0	0	0	19	4	0	0	0	0	0	0	12	0	39	0	0	0	0	0	0	2	0	0	0	0	0	0	0	0	0	0	0	0	0	0	0	0	0	0	0	3	0	0	0	0	0	0	0	39	0	0	0	0	0	0	0	0	0	4	0	0	0	0	0	32	0	93	0	0	0	0	0	0	0	0	26	0	0	0	0	0	0	0	0	0	0	0	0	0	0	0	0	0	0	0	0	0	7	0	0	0	0	0	0	0	0	0	0	0	3	0	0	0	0	0	0	0	0	0	0	0	0	0	0	0	0	0	0	0	0	0	0	0	0	0	0	0	6	0	0	0	0	0	0	0	0	0	0	0	0	0	0	0	0	0	0	495	0	0	0	0	0	0	0	2	0	0	0	0	0	0	0	0	0	33	17	0	0	0	0	0	0	0	0	0	0	0	0	0	0	0	0	0	4	0	0	0	0	0	0	0	0	0	0	0	0	0	0	0	0	0	0	0	0	0	0	0	0	0	0	0	0	0	0	0	0	0	0	0	0	0
f412	0	2	0	5	0	0	0	6	0	0	0	0	0	144	0	962	25	0	0	0	0	0	8	0	0	0	0	0	0	14	0	0	0	10	0	0	0	0	0	0	0	0	0	0	0	0	78595	0	0	2	0	17	0	0	0	0	0	0	4	0	0	0	0	0	0	0	0	0	0	1903	0	0	0	0	0	0	0	0	0	260	0	0	0	0	19	0	0	0	0	0	0	0	0	0	0	0	0	0	0	0	99	0	0	0	0	0	0	0	8	0	122	0	0	0	0	1130	112	0	127	0	92	0	0	0	0	0	140	0	0	0	74	0	0	0	0	0	2153	0	61	0	0	0	15	0	0	0	0	0	0	0	0	0	0	110	0	0	0	0	25	0	0	8	0	0	0	0	0	0	0	0	0	0	0	0	0	0	0	243	0	0	0	0	0	0	6	0	0	0	0	0	0	0	0	0	0	0	8	0	0	0	0	0	0	0	0	0	0	0	0	0	0	0	0	0	0	81	0	0	35	0	0	0	0	0	0	0	0	0	355	0	328	0	0	0	0	0	0	0	0	6	5	0	0	0	0	0	0	0	0	0	0	0	0	0	0	0	0	0	0	0	0	0	0	0	0	0	0	0	0	0	0	0	0	6	0	0	0	0	0	0	0	0	0	0	0	0	0	0	0	0	0	0	0	0	0	0	0	0	0	0	0	0	0	0	0	0	0	0	0	0	0	0	0	0	0	0	0	0	0	0	293	0	0	0	0	0	0	8	0	0	0	0	0	0	0	0	0	0	0	0	0	0	0	0	0	0	0	0	0	0	0	0	0	0	0	0	0	0	0	0	0	0	0	0	0	0	0	0	0	0	0	0	0	0	0	0	0	0	0	0	0	0	0	0	0	0	0	0	0	0	0	0	0	0	0
f413	0	0	0	0	0	6	0	8	3	0	0	0	0	141	0	2393	50	0	0	0	0	0	0	0	0	0	0	0	0	64	0	14	0	11	0	0	9	0	2	2	0	0	9	0	0	0	51845	8	0	0	0	7	0	0	0	0	0	0	0	0	0	0	0	0	0	2	0	0	0	1142	0	0	0	0	0	0	0	0	0	220	0	0	0	0	31	0	0	0	0	0	0	0	0	0	0	0	0	0	24	0	103	0	0	0	0	0	0	0	0	0	610	0	132	0	0	1800	464	0	85	7	52	0	0	0	0	0	98	0	0	0	90	0	0	0	0	0	5499	0	55	0	0	0	53	0	0	21	0	0	0	0	0	0	0	386	0	0	0	0	33	0	8	0	0	0	0	0	0	0	19	0	0	0	0	0	0	0	0	127	0	0	0	0	0	0	0	0	0	0	0	8	0	0	0	0	0	0	0	0	0	0	0	0	0	0	0	0	0	0	0	0	0	0	16	0	0	121	0	0	18	0	0	0	0	0	0	0	0	0	222	0	88	0	0	0	0	0	0	0	0	32	8	0	0	0	0	0	0	0	0	0	0	0	0	0	0	0	0	0	0	0	0	0	0	0	0	0	0	0	0	0	0	0	0	0	0	0	0	23	0	4	0	0	0	0	0	0	0	0	0	0	106	0	0	0	0	0	0	0	0	0	0	0	0	0	0	0	0	0	0	0	0	0	0	0	0	0	0	0	0	0	296	0	0	0	0	0	0	0	17	0	0	0	0	0	0	0	0	0	0	0	0	0	0	0	0	0	0	0	0	0	0	0	0	0	0	0	0	0	0	20	0	0	0	0	0	0	0	0	0	0	0	0	0	0	0	0	0	0	0	0	0	0	0	0	0	0	0	0	0	0	0	0	0	0	0
f414	0	17	0	167	0	0	0	21	0	0	12	0	0	110	0	4035	72	0	4	0	0	0	0	13	0	22	0	0	7	322	0	17	0	27	0	0	0	0	0	41	0	0	21	2	0	0	29988	0	0	0	11	89	0	0	0	0	0	0	46	0	80	63	15	0	18	31	0	0	0	1445	0	0	0	9	3	0	0	4	6	485	0	0	0	0	63	0	0	80	0	0	0	0	0	7	0	0	0	0	197	0	266	0	0	0	0	8	0	0	20	0	269	0	50	0	48	2407	157	65	256	3	143	0	0	0	0	0	99	0	0	0	765	0	0	4	0	0	6764	0	73	0	0	0	122	0	0	620	109	0	0	0	0	0	0	228	0	0	0	0	109	0	15	45	0	0	0	0	0	15	47	0	0	0	0	13	0	0	0	248	30	0	0	0	0	0	2	0	0	0	6	20	0	0	0	0	18	4	61	0	0	10	2	0	0	0	0	0	0	0	0	0	0	0	0	0	0	252	0	0	85	0	0	38	0	0	0	0	0	26	717	0	205	26	0	0	0	0	0	0	0	8	19	0	0	0	0	6	0	0	0	0	0	0	0	0	0	0	0	0	0	0	0	6	2	0	0	0	0	0	0	0	0	0	0	0	0	0	0	35	0	0	0	0	0	0	0	0	0	0	0	0	17	23	0	5	0	0	0	0	0	0	0	0	0	0	0	0	0	0	0	0	0	0	0	0	0	0	0	0	0	0	313	0	0	0	0	0	0	0	108	0	0	0	0	0	0	0	0	0	29	0	0	0	0	0	0	0	0	0	0	0	0	0	0	0	0	0	0	0	0	430	0	0	0	0	0	0	0	0	0	0	0	36	0	0	0	0	0	0	0	0	0	0	0	0	0	0	0	0	0	0	0	0	0	0	0
f415	0	0	0	0	21	0	0	0	0	0	0	0	0	36	0	2429	12	0	0	0	0	0	0	0	0	0	0	0	0	74	0	0	0	39	0	0	104	0	0	0	0	0	6	0	0	0	43825	0	3	0	0	0	39	0	0	0	0	0	11	0	0	0	0	0	0	123	0	0	0	1887	0	0	0	7	0	0	0	0	0	183	0	0	0	0	4	0	0	0	0	0	68	0	0	0	0	0	0	0	26	0	66	0	19	0	0	0	0	0	0	0	60	0	0	0	0	849	92	0	71	0	129	0	0	0	0	0	154	0	0	0	464	0	0	0	0	0	828	0	200	0	0	0	65	0	0	0	0	0	0	0	0	0	0	70	0	0	0	0	101	0	0	57	56	0	0	0	0	0	0	0	0	0	0	0	0	0	0	0	27	0	0	0	0	0	0	0	0	0	0	0	0	0	0	0	0	0	0	0	0	0	0	0	0	0	0	0	0	0	0	0	0	0	0	0	0	147	0	0	0	0	0	0	0	0	0	0	0	0	397	0	62	0	0	0	0	0	0	0	6	0	0	0	0	0	0	0	0	0	0	0	0	0	0	0	0	0	0	5	0	0	0	0	0	0	0	0	0	0	0	0	0	0	0	0	0	0	0	12	0	0	0	0	0	0	0	0	0	0	0	0	0	0	0	0	0	0	0	0	0	0	0	0	0	0	0	0	0	0	0	0	0	0	0	0	0	0	0	0	0	0	367	0	0	0	0	0	0	0	0	0	0	0	0	0	0	0	0	0	0	0	33	0	0	0	0	0	0	0	0	0	0	0	0	0	0	0	0	0	0	0	0	0	0	0	0	0	0	0	0	0	0	0	0	0	0	0	0	0	0	0	0	0	0	0	0	0	0	0	0	0	0	0	0	0	0
f416	0	0	0	14	0	5	0	0	0	0	0	0	0	335	0	910	11	0	0	0	0	0	5	0	0	0	0	0	0	35	0	7	0	0	0	0	0	0	0	0	0	0	6	0	0	0	58659	4	0	0	0	0	0	0	0	0	0	0	9	0	0	0	0	0	0	0	0	0	0	1211	0	0	0	0	0	0	0	0	0	561	0	0	0	0	12	0	0	0	0	0	0	0	0	0	3	0	0	0	4	0	77	0	0	0	0	0	0	0	0	0	107	0	15	0	0	353	66	0	31	0	24	0	0	0	0	0	52	0	0	0	34	0	0	0	0	0	1995	0	23	0	0	0	9	0	0	15	0	0	0	0	0	0	0	119	0	0	0	0	30	0	0	0	0	0	0	0	0	0	0	0	0	0	0	0	0	0	0	75	0	0	0	0	0	0	0	0	0	0	0	0	0	0	0	0	0	0	0	0	0	0	0	0	0	0	0	0	0	0	0	0	0	0	0	0	0	41	0	0	20	0	0	0	0	0	0	0	0	0	192	0	885	0	0	0	0	0	0	0	0	0	0	0	0	0	0	0	0	0	0	0	0	0	0	0	0	0	0	0	0	0	0	0	0	0	0	0	0	0	0	0	0	0	0	0	0	0	0	3	0	0	0	0	0	0	0	0	0	0	0	0	0	0	0	0	0	0	0	0	0	0	0	0	0	0	0	0	0	0	0	0	0	0	0	0	0	0	0	0	0	0	330	0	0	0	0	0	0	0	0	0	0	0	0	0	0	0	0	0	0	0	0	0	0	0	0	0	0	0	0	0	0	0	0	0	0	0	0	0	0	0	0	0	0	0	0	0	0	0	0	0	0	0	0	0	0	0	0	0	0	0	0	0	0	0	0	0	0	0	0	0	0	0	0	0	0
f441	0	5	0	100	0	15	36	5	12	0	0	0	0	154	0	8061	186	0	11	0	0	0	13	4	0	9	0	0	67	416	3	41	45	13	0	53	0	0	3	0	0	57	120	0	0	0	8157	8	0	7	15	104	0	5	0	0	0	0	88	15	11	14	9	0	58	11	0	11	0	3021	0	0	4	10	14	0	0	19	3	1052	0	5	2	0	130	0	0	36	0	0	0	0	0	0	5	0	0	0	28	0	49	0	0	0	0	117	0	0	27	0	1164	0	94	0	114	793	99	27	141	0	332	5	0	0	9	0	427	0	3	0	643	0	0	3	0	0	15423	0	101	0	0	105	28	0	0	215	188	0	0	0	0	0	0	161	0	0	0	0	190	0	42	95	0	0	0	0	0	44	32	0	9	0	0	3	5	0	0	321	33	17	0	0	0	0	0	0	0	0	0	41	0	0	0	0	10	0	16	0	0	0	0	0	0	0	0	0	0	0	0	0	0	0	53	0	0	443	0	0	114	0	0	17	0	0	0	0	0	42	826	0	26	8	0	0	0	0	0	0	0	10	67	0	0	0	0	0	0	0	0	0	0	0	0	0	0	0	0	0	0	0	0	173	0	0	0	0	5	0	0	0	0	0	0	0	0	0	15	45	0	8	0	12	0	0	0	0	0	0	0	0	41	129	0	0	0	0	0	33	0	0	0	0	0	0	0	0	0	0	0	0	0	0	0	0	0	0	0	0	0	4	1556	0	0	0	0	0	0	0	73	0	0	0	0	0	175	0	0	0	22	0	0	30	0	0	0	0	0	0	0	0	4	0	0	0	0	0	0	44	0	124	0	0	0	0	0	0	0	2	0	0	0	0	0	0	4	0	0	0	0	0	0	0	0	0	0	0	0	0	0	0	0	0	0	0	0
f442	0	0	0	17	0	9	0	9	13	0	0	0	0	657	0	15120	40	0	0	0	0	0	41	0	0	0	0	0	0	469	6	0	0	3	0	42	0	0	3	0	5	68	7	0	0	0	9426	5	0	0	0	74	0	0	0	0	0	0	10	10	0	0	0	0	23	0	0	0	0	5311	0	0	0	0	13	0	0	0	0	1169	0	0	0	0	101	0	0	0	0	0	0	0	0	0	9	0	0	0	0	0	8	0	0	0	0	4	0	0	20	0	993	0	101	0	0	1781	69	0	128	0	359	0	0	0	0	0	1367	0	0	0	391	0	0	0	0	0	17366	0	82	0	0	100	44	0	0	9	0	0	0	0	0	0	0	164	0	0	0	0	130	0	42	80	0	0	0	0	0	41	22	0	0	0	0	42	0	0	0	214	11	22	0	0	0	0	8	0	0	0	0	16	0	0	0	0	31	0	0	0	0	0	0	0	0	0	0	0	0	0	0	0	0	0	51	0	0	334	0	0	104	0	0	10	0	0	0	0	0	0	619	0	181	0	0	0	0	0	0	0	0	0	47	0	0	0	0	0	0	0	0	0	0	0	0	0	0	0	0	0	0	0	0	0	0	0	0	0	0	0	9	0	0	0	0	0	0	0	0	57	0	4	0	0	0	0	0	0	0	0	0	0	6	0	0	0	0	0	0	0	0	0	0	0	0	0	0	0	0	0	0	0	0	0	0	0	0	0	0	0	6	0	1684	0	0	0	0	0	0	0	0	0	0	0	0	0	165	0	0	0	0	0	0	0	0	0	0	0	0	0	0	0	0	0	0	0	0	0	0	0	0	31	0	0	0	0	0	0	0	0	0	0	0	0	0	0	0	0	0	0	0	0	0	0	0	0	0	0	0	0	0	0	0	0	0	0	0
f443	0	0	0	22	0	0	0	9	0	0	0	0	0	196	0	6444	30	0	0	0	0	0	0	0	0	0	0	0	0	234	0	19	0	12	0	17	4	0	0	0	0	44	22	0	0	0	20227	0	0	0	0	53	0	0	0	0	0	0	11	8	0	0	0	0	20	0	0	0	0	3040	0	0	0	5	3	0	0	0	0	941	0	0	0	0	75	0	0	0	0	0	0	0	0	0	0	0	0	0	0	0	0	0	0	0	0	0	0	0	27	0	645	0	94	0	0	977	70	0	112	0	178	0	0	0	0	0	416	0	0	0	280	0	0	0	0	0	21266	0	90	0	0	71	24	0	0	0	0	0	0	0	0	0	0	255	0	0	0	0	117	0	29	37	0	0	0	0	0	34	8	0	0	0	0	35	0	0	0	204	0	8	0	0	0	0	0	0	0	0	0	14	0	0	0	0	15	0	0	0	0	0	0	0	0	0	0	0	0	0	0	0	0	0	24	0	0	258	3	0	76	0	0	0	0	0	0	0	0	0	465	0	0	4	0	0	0	6	0	0	0	0	35	0	0	0	0	0	0	0	5	0	0	0	0	0	0	0	0	0	0	0	0	0	0	0	0	0	0	0	0	0	0	0	0	0	0	0	0	30	0	0	0	0	0	0	0	0	0	0	0	0	16	0	0	0	0	0	0	0	0	0	0	0	0	0	0	0	0	0	0	0	0	0	0	0	0	0	0	0	0	0	2037	0	0	0	0	0	0	0	0	0	0	0	0	0	142	0	0	0	0	0	0	0	0	0	0	0	0	0	0	0	0	0	0	0	0	0	0	0	0	23	0	0	0	0	0	0	0	0	0	0	0	0	0	0	0	0	0	0	0	0	0	0	0	0	0	0	0	0	0	0	0	0	0	0	0
f444	0	4	0	23	0	11	11	0	5	0	2	0	0	322	0	12231	24	0	0	0	0	0	0	0	0	0	0	0	0	542	9	22	0	9	0	33	0	0	0	0	0	40	11	0	0	0	21471	0	0	0	0	96	0	0	0	0	0	0	6	12	0	0	0	0	41	0	0	0	0	5426	0	0	0	6	13	0	0	0	0	1565	0	0	0	0	141	0	0	0	0	0	0	0	0	0	4	0	0	0	0	0	0	15	0	0	0	0	0	0	32	0	1504	0	139	0	0	2086	93	0	127	0	320	0	0	0	0	0	576	0	7	0	411	0	0	0	0	0	14731	0	93	0	0	259	31	0	0	55	0	0	0	0	0	0	0	273	0	0	0	0	226	0	33	67	0	0	0	0	0	44	19	0	5	0	0	30	0	0	0	239	28	29	0	0	0	0	66	4	0	0	0	36	0	0	0	0	34	0	0	0	0	0	0	0	0	0	0	0	0	0	0	0	0	0	0	0	0	447	0	0	84	3	0	0	0	0	0	0	0	0	664	0	180	11	0	0	0	0	0	0	0	0	29	0	0	0	0	0	0	0	0	0	0	0	0	0	0	0	0	0	0	0	0	0	0	0	0	0	0	0	0	0	0	0	0	4	0	0	0	65	0	0	0	0	0	0	0	0	0	0	0	0	25	0	0	0	0	0	0	0	0	0	0	0	0	0	0	0	0	0	0	0	0	0	0	0	0	0	0	0	0	0	1240	0	0	0	0	0	0	0	0	0	0	0	0	0	284	0	0	0	0	0	0	10	0	0	0	0	0	0	0	0	0	0	0	0	0	0	0	5	0	40	0	0	0	0	0	0	0	0	0	0	0	4	0	0	0	0	2	0	0	0	0	0	0	0	0	0	0	0	0	0	0	0	0	0	0
f445	0	0	0	35	0	0	0	13	7	0	0	0	0	275	0	10627	61	0	0	0	0	0	13	0	0	0	0	0	0	274	0	25	0	4	0	103	0	0	0	0	0	144	0	0	0	0	22365	3	0	0	0	200	0	0	0	0	0	0	0	14	4	0	0	0	17	0	0	0	0	2123	0	0	0	22	13	0	0	0	0	1158	0	0	0	0	85	0	0	0	0	0	0	0	0	0	0	0	0	0	0	0	0	0	0	0	0	5	0	0	54	0	1250	0	151	0	0	1749	130	0	208	2	279	0	0	0	0	0	1850	0	0	0	708	0	0	5	0	0	10525	0	72	0	0	290	35	0	0	0	0	0	0	0	0	0	0	193	0	0	0	0	133	0	0	47	0	0	0	0	0	26	32	0	0	0	0	29	0	0	0	298	53	9	0	0	0	0	8	3	0	0	0	41	0	0	0	0	62	0	3	0	0	0	0	0	0	0	0	0	0	0	0	0	0	0	10	0	0	525	0	0	93	0	0	7	0	0	0	0	0	0	511	0	43	11	0	0	0	0	0	0	0	0	46	0	0	0	0	0	0	0	0	0	0	0	0	0	0	0	0	0	0	0	0	0	0	0	0	0	0	0	0	0	0	0	0	0	0	0	0	102	0	5	0	0	0	0	0	0	0	0	0	0	22	0	0	0	0	0	0	0	0	0	0	0	0	0	0	0	0	0	0	0	0	0	0	0	0	0	0	0	0	0	1319	0	0	0	0	0	0	0	0	0	0	0	0	0	86	0	0	0	0	0	0	0	0	0	0	0	0	0	0	0	0	0	0	0	0	0	0	0	0	19	0	0	0	0	0	0	0	0	0	0	0	0	0	0	0	0	0	0	0	0	0	0	0	0	0	0	0	0	0	0	0	0	0	0	0
f447	0	5	0	49	0	17	0	8	13	0	0	0	0	344	0	12346	61	0	0	0	0	0	0	0	0	0	0	0	0	324	0	30	0	17	0	110	0	0	0	0	0	94	46	0	0	0	10142	5	0	0	0	178	0	0	0	0	0	0	0	20	0	4	0	0	45	0	0	0	0	2968	0	0	0	26	28	0	0	0	0	947	0	0	0	0	135	0	0	0	0	0	0	0	0	0	0	0	0	0	0	0	0	0	0	0	0	3	0	0	43	0	1465	0	178	0	0	1681	94	0	205	0	552	0	0	0	0	0	955	0	0	0	708	0	0	7	0	0	15904	0	144	0	0	170	44	0	0	7	0	0	0	0	0	0	0	120	0	0	0	0	232	0	31	128	0	0	0	0	3	55	44	0	0	0	0	0	0	12	0	487	33	26	0	0	0	0	0	0	0	0	0	39	0	0	0	0	56	0	0	0	0	0	0	0	0	0	0	0	0	0	0	0	0	0	16	0	0	627	0	0	106	0	0	11	0	0	0	0	0	0	920	0	29	16	0	0	0	0	0	0	0	0	61	0	0	0	0	0	0	0	0	0	0	0	0	0	0	0	0	0	0	0	0	0	0	0	0	0	0	0	3	0	0	0	0	0	0	0	0	117	0	0	0	0	0	0	0	0	0	0	0	0	41	0	0	0	0	0	0	0	0	0	0	0	0	0	0	0	0	0	0	0	0	0	0	0	0	0	0	0	0	0	2000	0	4	0	0	0	0	0	0	0	0	0	0	0	200	0	0	0	0	0	0	27	0	0	0	0	0	0	0	0	0	0	0	0	0	0	0	0	0	59	0	0	0	0	0	0	0	0	0	0	0	0	0	0	0	0	0	0	0	0	0	0	0	0	0	0	0	0	0	0	0	0	0	0	0
f448	0	0	0	0	0	0	0	0	12	0	0	0	4	101	0	6286	0	0	0	0	0	0	14	0	0	0	0	0	0	232	0	4	0	0	0	0	10	0	0	0	4	0	0	0	0	0	21658	0	0	0	0	0	0	0	0	0	0	0	0	25	0	0	0	0	0	6	154	0	0	5358	0	0	0	0	0	0	0	0	0	11349	0	21	0	7	37	0	0	0	7	0	0	0	0	0	19	0	0	0	0	0	250	0	30	0	0	20	0	0	5	0	632	0	0	0	138	1033	108	0	0	0	32	0	0	0	0	0	216	0	0	31	46	0	0	0	0	0	8032	0	85	0	0	417	0	0	0	0	6	0	0	0	0	0	0	95	0	0	0	0	26	0	0	5	0	0	0	4	0	0	0	0	11	0	0	0	0	0	0	89	0	0	0	0	18	4	11	6	2	0	0	0	9	0	0	0	0	0	0	3	0	0	0	0	0	0	0	0	0	0	0	0	0	0	34	0	0	70	0	80	20	10	0	0	0	0	0	0	0	0	168	0	157	0	0	0	0	0	0	0	42	310	4	0	0	0	0	0	0	0	0	0	0	0	0	0	0	0	59	0	0	0	0	0	0	0	0	0	0	0	8	0	0	0	0	0	0	0	0	12	0	0	0	18	0	0	0	0	0	0	0	0	0	0	5	0	9	0	0	0	0	0	0	0	0	0	0	0	0	0	0	0	0	0	0	0	0	0	0	0	0	0	480	0	0	0	0	0	9	0	0	0	0	0	0	0	35	0	0	0	8	0	0	0	0	28	0	0	0	0	0	0	0	0	0	0	0	0	0	0	16	0	0	0	0	0	0	0	0	0	0	0	0	0	0	0	0	0	0	0	0	0	0	0	0	0	0	0	0	0	0	0	0	0	0	0	0
f449	0	0	0	4	0	0	0	6	3	0	0	0	0	72	0	11636	11	0	0	0	0	0	0	0	0	0	0	0	0	56	0	0	0	0	0	9	0	0	0	0	0	14	16	0	0	0	13313	0	0	0	0	20	0	0	0	0	0	0	0	0	0	0	0	0	0	0	0	0	0	5471	0	0	0	0	0	0	0	0	0	343	0	0	0	0	17	0	0	0	0	0	0	0	0	0	0	0	0	0	0	0	0	0	0	0	0	5	0	0	5	0	101	0	19	0	2	461	19	0	52	0	70	0	0	0	0	0	234	0	0	0	106	0	0	0	0	0	25125	0	42	0	0	29	8	0	0	0	0	0	0	0	0	0	0	131	0	0	0	0	24	0	6	17	0	0	0	0	0	12	0	0	0	0	0	0	0	0	0	105	3	6	0	0	0	0	31	0	0	0	0	0	0	0	0	0	0	0	0	0	0	0	0	0	0	0	0	0	0	0	0	0	0	0	0	0	0	57	0	0	23	0	0	0	0	0	0	0	0	0	112	0	52	0	0	0	0	0	0	0	4	0	5	0	0	0	0	0	0	0	0	0	0	0	0	0	0	0	0	0	0	0	0	0	0	0	0	0	0	0	0	0	0	0	0	0	0	0	0	13	3	0	0	0	0	0	0	0	0	0	0	0	166	0	0	0	0	0	0	0	0	0	0	0	0	0	0	0	0	0	0	0	0	0	0	0	0	0	0	0	0	0	1899	0	0	0	0	0	0	0	0	0	0	0	0	0	133	0	0	0	0	0	0	0	0	0	0	0	0	0	0	0	0	0	0	0	0	0	0	0	0	0	0	0	0	0	0	0	0	0	0	0	0	0	0	0	0	0	0	0	0	0	0	0	0	0	0	0	0	0	0	0	0	0	0	0	0
f471	0	0	0	4	0	0	25	10	0	0	0	2	0	0	0	3503	10	0	0	0	0	0	0	0	0	0	0	0	0	73	0	5	0	0	0	0	0	0	0	0	0	0	0	0	0	0	24609	0	0	0	0	0	0	0	0	0	0	0	0	419	0	0	0	0	0	0	0	0	0	1647	0	0	0	0	0	0	0	0	0	2216	0	0	0	0	23	0	0	0	0	0	0	0	0	0	0	0	0	0	0	0	52	6	0	0	0	0	0	0	0	0	507	0	21	0	0	1358	0	0	7	0	51	0	0	0	0	0	201	0	0	0	0	0	0	0	0	0	25240	13	15	0	0	0	0	0	0	0	0	0	0	19	0	0	0	536	0	0	0	0	0	0	0	0	0	0	0	0	0	0	0	0	0	0	0	8	0	0	0	42	0	0	0	0	0	0	298	0	0	0	0	0	0	0	0	0	0	5	0	0	0	0	0	0	0	0	0	0	0	0	0	0	0	0	31	0	0	0	0	0	0	0	0	0	0	0	0	0	0	0	117	0	0	0	0	0	0	0	0	0	0	0	0	0	0	0	0	0	0	0	0	0	0	0	0	0	0	0	0	0	0	0	0	0	0	0	0	0	0	0	0	0	0	0	0	0	0	0	0	0	0	0	0	0	0	0	0	0	0	0	0	0	0	0	0	0	0	0	0	0	0	0	0	0	0	0	0	0	0	0	0	0	0	0	0	0	0	0	0	0	0	0	198	0	0	0	0	0	0	0	0	0	0	0	0	0	0	0	0	0	30	0	0	0	0	0	0	0	0	0	0	0	0	0	0	0	0	0	0	0	0	0	0	0	0	0	0	0	0	0	0	0	0	0	0	0	0	0	0	0	0	0	0	0	0	0	0	0	0	0	0	0	0	0	0	0	0
f472	0	0	4	40	0	0	0	34	0	0	3	0	0	0	0	3578	71	0	0	0	0	0	0	0	0	0	0	0	0	137	0	0	0	0	0	13	0	0	3	0	6	0	34	0	0	0	30991	4	0	0	0	10	0	0	0	0	0	0	0	676	0	0	0	0	0	5	0	0	0	838	0	0	0	23	10	0	0	0	0	3310	0	0	0	0	19	0	0	0	0	0	0	0	0	0	0	6	0	0	0	0	88	0	0	0	0	0	0	0	0	0	1313	0	49	0	0	1433	0	0	11	0	110	0	0	0	0	0	236	0	0	0	5	0	0	0	0	0	22191	0	20	0	0	0	16	0	0	0	0	0	0	0	0	0	0	529	0	0	0	0	11	0	0	0	0	0	0	0	0	0	0	0	0	0	0	20	0	0	0	139	7	0	0	0	0	0	108	0	0	0	0	12	0	0	0	0	3	32	0	0	0	0	0	0	0	0	0	0	0	0	0	0	0	0	53	0	9	14	0	0	24	0	0	0	0	0	0	0	0	0	332	0	0	0	0	0	0	0	0	0	0	5	5	0	0	0	0	0	0	0	0	4	0	0	0	0	0	0	0	0	0	0	0	0	0	0	0	0	0	0	0	0	0	0	0	0	0	0	0	16	0	0	0	2	0	0	0	0	0	0	0	0	0	0	0	0	0	0	0	0	0	0	0	0	0	0	0	0	0	0	0	0	0	0	0	0	0	0	0	0	0	0	118	0	0	0	0	0	0	0	0	0	0	0	0	0	0	0	0	0	42	0	0	0	0	0	0	0	0	0	0	0	0	0	0	0	0	0	0	0	0	0	0	0	0	0	0	0	0	0	0	0	0	0	0	0	0	0	0	0	0	7	0	0	0	0	0	0	0	0	0	0	0	0	0	0	0
f473	0	0	0	81	0	0	182	41	13	46	14	17	0	107	0	317	645	0	8	0	0	0	52	0	11	4	0	0	0	7	0	550	0	67	0	0	0	0	36	493	20	0	260	0	0	0	34064	0	0	22	287	641	641	221	113	0	8	0	2951	1049	0	336	3	0	24	52	0	0	0	276	0	0	0	12	0	0	0	45	0	1556	0	40	0	0	243	0	0	9	0	8	0	20	73	0	0	0	0	53	0	0	209	0	14	0	0	1771	0	0	0	106	967	79	126	0	65	2337	0	3	12	0	0	0	0	0	0	0	16	15	0	4	8	0	0	0	0	0	1589	0	0	0	0	0	209	0	0	9	17	0	0	0	4	0	0	221	0	0	0	0	14	0	27	82	0	29	0	0	0	0	264	0	0	0	0	0	0	0	0	1668	12	0	40	0	86	18	339	0	0	0	0	0	0	0	0	85	95	7	0	0	0	0	0	0	0	0	6	0	0	0	17	0	0	0	2073	0	0	0	213	0	203	0	0	0	0	0	0	0	0	18	399	0	0	17	0	0	0	65	0	0	9	86	44	0	0	0	0	0	0	0	0	0	0	0	0	0	0	0	0	0	0	0	5	0	0	0	0	0	0	0	0	0	0	0	0	0	0	9	56	0	0	0	8	12	0	92	4	0	0	0	0	0	147	36	0	0	0	0	17	0	0	0	0	5	0	0	0	0	0	0	0	0	0	0	0	0	0	0	0	0	41	482	35	0	0	0	0	0	0	14	0	0	0	0	0	0	0	14	0	0	2922	772	0	0	0	0	0	0	0	0	0	0	0	0	45	6	0	0	0	21	0	56	0	0	29	0	0	0	0	0	24	0	0	0	0	0	0	0	0	0	0	0	0	21	0	0	0	0	0	0	0	0	0	0	0	0	0
f474	0	0	10	9	0	0	0	3	0	0	0	2	0	0	0	5238	12	0	0	0	0	0	7	0	0	0	0	0	0	49	0	0	0	2	0	0	0	0	0	0	0	0	9	0	0	0	26980	0	0	0	0	0	11	0	0	0	0	0	5	788	0	0	0	0	0	3	0	0	0	1358	0	0	0	6	0	0	0	0	0	3229	0	0	0	0	9	0	0	0	0	0	0	0	0	0	0	0	0	0	0	0	151	34	0	0	0	0	0	0	0	0	623	0	33	0	0	371	0	0	0	0	84	0	0	0	0	0	208	0	0	0	6	0	0	0	0	0	22291	11	39	0	0	12	0	0	0	0	0	0	0	0	0	0	0	730	0	0	0	0	0	0	0	0	0	0	0	0	0	0	0	0	0	0	0	31	0	0	0	40	0	0	0	0	0	0	6	0	0	0	0	0	0	0	0	0	0	21	0	0	0	0	0	0	0	0	0	0	0	0	0	0	0	0	50	0	0	10	0	0	0	0	0	0	0	0	0	0	0	0	126	0	0	0	0	0	0	0	0	0	0	0	0	0	0	0	0	0	0	0	0	0	5	0	0	0	0	0	0	0	0	0	0	0	0	0	0	0	0	0	0	0	0	0	0	0	0	0	0	0	0	0	0	84	0	0	0	0	0	0	0	0	0	0	0	0	0	0	0	0	0	0	0	0	2	0	0	0	0	0	0	0	0	0	0	0	0	0	0	0	0	0	415	0	0	0	0	0	0	0	0	0	0	0	0	0	0	0	0	0	20	0	0	0	0	0	0	0	0	0	0	0	0	0	0	0	0	0	0	0	0	0	0	0	0	0	0	0	0	0	0	0	0	0	0	0	0	0	0	0	0	0	0	0	0	0	0	0	0	0	0	0	0	0	0	0	0
f475	0	0	6	0	0	0	24	3	0	0	0	0	0	0	0	5531	19	0	0	0	0	0	0	0	0	0	0	0	0	46	0	0	0	0	0	0	0	0	0	0	0	0	12	0	0	0	28953	0	0	0	0	0	0	0	0	0	0	0	10	212	0	0	0	0	0	0	0	0	0	592	0	0	0	3	0	0	0	0	0	1243	0	0	0	0	4	0	0	0	0	0	0	0	0	0	2	0	0	0	0	0	133	0	0	0	0	0	0	0	0	5	296	0	6	0	0	895	0	0	4	0	40	0	0	0	0	0	100	0	0	0	0	0	0	0	0	0	24142	0	5	0	0	0	0	0	0	0	0	0	0	0	0	0	0	877	0	0	0	0	0	0	0	0	0	0	0	0	0	0	0	0	0	0	0	34	0	0	0	23	0	0	0	0	0	0	0	0	0	0	0	0	0	0	0	0	0	8	0	0	0	0	0	0	0	0	0	0	0	0	0	0	0	0	0	0	0	0	0	0	23	0	0	0	0	0	0	0	0	0	52	0	0	0	0	0	0	0	0	0	0	0	6	0	0	0	0	0	0	0	0	0	0	0	0	0	0	0	0	0	0	0	0	0	0	0	0	0	0	0	0	0	0	0	0	0	0	0	0	0	0	0	0	0	0	0	0	0	0	0	0	0	0	0	0	0	2	0	0	0	0	0	0	0	0	0	0	0	0	0	0	0	0	0	0	0	0	0	0	0	0	0	113	0	0	0	0	0	0	0	0	0	0	0	0	0	0	0	0	0	39	0	0	0	0	0	0	0	0	0	0	0	0	0	0	0	0	0	0	0	0	0	0	0	0	0	0	0	0	0	0	0	0	0	0	0	0	0	0	0	0	0	0	0	0	0	0	0	0	0	0	0	0	0	0	0	0
f476	8	0	9	37	0	0	190	20	15	7	0	4	0	0	0	440	74	0	0	0	0	0	14	0	0	0	0	0	9	170	0	9	3060	3	10	0	0	0	0	0	0	0	28	0	0	0	30368	0	0	10	25	0	0	0	65	0	2	0	59	1786	0	10	0	0	6	4	4	29	40	549	0	66	0	8	3	0	0	27	7	4811	0	200	0	0	9	3	0	0	2	3	8	13	7	0	0	0	0	0	0	0	2481	24	0	0	41	0	11	0	0	5890	941	3	37	0	37	2697	0	0	24	7	123	9	0	164	0	0	102	2303	0	0	0	0	0	0	0	0	3263	13	14	0	0	0	0	0	0	0	0	0	0	0	0	0	0	577	0	0	0	0	0	0	0	0	0	0	0	0	0	0	0	0	121	0	0	40	0	0	0	99	3	6	0	0	0	0	1497	0	0	0	0	0	0	0	0	0	0	39	0	2	0	0	0	7	0	0	4	0	0	0	0	0	0	0	155	0	0	15	0	0	15	0	6	0	0	7	0	0	0	0	228	0	0	0	0	0	0	69	0	0	8	610	0	0	0	3	0	0	0	0	0	0	151	0	0	0	0	0	56	0	0	0	0	0	0	0	0	0	0	0	0	0	0	3	0	0	0	65	12	0	16	6	0	1238	0	0	0	0	0	0	0	0	0	16	0	0	0	0	0	0	123	0	0	5	0	0	0	0	0	0	0	0	0	0	0	0	0	0	0	0	3	0	64	0	0	0	0	0	0	0	0	0	0	0	0	0	0	0	0	0	743	0	0	0	0	0	0	0	0	3	0	0	0	0	14	0	0	0	0	40	0	12	0	0	45	6	0	0	0	0	0	0	0	0	0	0	0	0	0	0	0	0	2	0	0	0	0	0	6	0	0	0	0	0	0	0	0
f477	0	0	0	0	0	0	3	6	0	0	0	0	0	120	0	5036	13	0	0	0	0	0	4	0	0	0	0	0	0	57	0	0	13	0	0	0	0	0	0	0	0	0	0	0	0	0	23710	0	0	0	0	0	0	0	0	0	0	0	15	360	0	0	0	0	0	0	0	0	0	581	0	0	0	0	0	0	0	0	0	1526	0	0	0	0	7	0	0	0	0	0	0	0	0	0	0	0	0	0	0	0	70	0	0	0	0	0	0	0	0	19	336	0	0	0	0	655	0	0	0	0	41	0	0	0	0	0	96	0	0	0	0	0	0	0	0	0	22531	0	11	0	0	0	0	0	0	0	0	0	0	0	0	0	0	411	0	0	0	0	0	0	0	0	0	0	0	0	0	0	0	0	3	0	0	5	0	0	0	51	0	0	0	0	0	0	139	0	0	0	0	0	0	0	0	0	0	0	0	0	0	0	0	0	0	0	0	0	0	0	0	0	0	0	27	0	0	0	0	0	0	0	0	0	0	0	0	0	0	0	23	0	0	0	0	0	0	0	0	0	0	0	0	0	0	0	0	0	0	0	0	0	0	0	0	0	0	0	0	0	0	0	0	0	0	0	0	0	0	0	0	0	0	0	0	0	0	0	0	0	0	0	0	0	0	0	0	0	0	0	0	0	0	0	0	0	0	0	0	0	0	0	0	0	0	0	0	0	0	0	0	0	0	0	0	0	0	0	0	2	0	0	128	0	0	0	0	0	0	0	0	0	0	0	0	0	0	0	0	0	28	0	0	0	0	0	0	0	0	0	0	0	0	0	0	0	0	0	0	0	0	0	0	0	0	0	0	0	0	0	0	0	0	0	0	0	0	0	0	0	0	0	0	0	0	0	0	0	0	0	0	0	0	0	0	0	0
f478	0	0	0	0	0	0	0	0	0	0	4	0	0	0	0	7049	11	0	0	0	0	0	5	0	0	0	0	0	0	23	0	0	0	0	0	0	0	0	0	0	0	0	8	0	0	0	38806	0	0	0	0	0	0	0	0	0	0	0	3	200	0	0	0	0	0	0	0	0	0	2247	0	0	0	0	0	0	0	0	0	1889	0	0	0	0	4	0	0	0	0	0	0	0	0	0	0	0	0	0	0	0	133	13	0	0	0	0	0	0	0	0	280	0	0	0	0	742	0	0	0	0	41	0	0	0	0	0	95	0	0	0	0	0	0	0	0	0	25329	6	10	0	0	0	0	0	0	23	0	0	0	4	0	0	0	1172	2	0	0	0	0	0	0	0	0	0	0	0	0	0	0	0	0	0	0	0	0	0	0	31	0	3	0	0	0	0	0	0	0	0	0	0	0	0	0	0	0	5	0	0	0	0	0	0	0	0	0	0	0	0	0	0	0	0	11	3	0	0	0	0	0	0	0	0	0	0	0	0	0	0	33	0	0	0	0	0	0	0	0	0	0	0	0	0	0	0	0	0	0	0	0	0	0	0	0	0	0	0	0	0	0	0	0	0	0	0	0	0	0	0	0	0	0	0	0	4	0	0	0	0	0	0	0	0	0	0	0	0	0	0	0	0	4	0	0	0	0	0	0	0	0	0	0	0	0	0	0	0	0	0	0	0	0	0	0	0	0	0	0	0	0	0	307	0	0	0	0	0	0	0	0	0	0	0	0	0	0	0	0	0	0	0	0	0	0	2	0	0	0	0	0	0	0	0	0	0	0	0	0	5	0	0	0	0	0	0	0	0	0	0	0	0	0	0	0	0	0	0	0	0	0	0	0	0	0	0	0	0	0	0	0	0	0	0	0	0	0
f479	0	0	0	8	0	0	40	0	0	0	0	0	0	0	0	3076	10	0	0	0	0	0	0	0	0	0	0	0	0	61	0	5	0	0	0	0	0	0	0	0	0	0	8	0	0	0	36811	0	0	0	0	0	0	0	0	0	0	0	0	2764	0	0	0	0	0	0	0	0	0	1403	0	0	0	0	0	0	0	0	0	3636	0	0	0	0	3	0	0	0	0	4	0	0	0	0	0	0	0	0	0	0	171	0	0	0	0	0	0	0	0	142	324	0	5	0	0	1269	0	0	14	6	48	0	0	0	0	0	88	13	0	0	0	0	0	0	0	0	31086	0	9	0	0	0	0	0	0	0	0	0	0	12	0	0	0	565	0	0	0	5	5	0	0	0	0	0	0	0	0	0	0	0	0	0	0	0	0	0	0	52	0	0	0	0	0	0	206	0	0	0	0	0	0	2	0	0	0	20	0	0	0	0	0	0	0	0	0	0	0	0	0	0	0	0	26	0	12	0	0	0	0	0	0	0	0	0	0	0	0	0	105	4	0	0	0	0	0	0	0	0	0	144	0	0	11	0	0	0	0	0	0	0	0	0	0	0	0	0	0	0	0	0	0	0	0	0	0	0	0	0	0	0	0	0	0	7	0	0	0	0	0	0	0	8	0	0	0	0	0	0	0	0	0	0	0	0	0	0	0	0	0	0	0	0	0	0	0	0	0	0	0	0	0	0	0	0	0	0	0	0	0	0	363	0	0	0	0	0	0	0	0	0	0	0	0	0	0	0	0	0	42	0	0	0	0	0	0	0	0	0	0	0	0	0	4	0	0	0	0	0	0	0	0	0	0	0	0	0	0	0	0	0	0	0	0	0	0	0	0	0	0	0	0	0	0	0	0	0	0	0	0	0	0	0	0	0	0
f501	0	0	28	13	0	0	91	0	0	0	0	2	0	52	0	803	10	0	0	0	0	0	35	0	0	0	0	0	0	3	0	0	0	0	0	5	0	0	0	0	0	0	3	0	0	0	52405	0	0	0	0	0	0	0	0	0	0	0	0	131	0	0	0	0	0	0	0	0	0	2107	0	0	0	0	4	0	0	0	0	1864	0	0	0	0	6	0	0	0	0	0	0	0	0	0	0	0	0	0	0	0	691	5	0	0	0	0	0	0	0	0	52	0	18	0	0	379	0	0	55	0	18	0	0	0	0	0	32	0	0	0	0	0	0	0	0	0	8532	0	64	0	0	34	0	0	0	0	0	0	0	102	0	0	0	3300	0	0	0	0	10	0	0	0	0	0	0	0	0	34	0	0	3	0	0	0	0	0	0	0	0	3	0	0	0	0	0	0	0	0	0	0	0	0	0	0	0	0	0	0	0	0	0	0	0	0	0	0	0	0	0	0	0	0	0	16	0	0	3	0	0	0	0	0	0	0	0	0	0	0	58	0	13	0	0	0	0	0	0	0	0	0	0	0	0	0	0	0	0	0	0	0	5	0	0	0	0	0	0	0	0	0	0	0	0	0	0	0	0	0	0	0	0	0	0	0	0	0	0	3	0	0	0	0	0	0	0	0	0	0	0	0	0	0	0	0	0	0	0	0	0	0	0	0	0	0	0	0	0	0	0	0	0	0	0	0	0	0	0	0	0	0	26	0	0	0	0	0	0	0	3	0	0	0	0	0	6	0	0	0	0	0	0	0	0	0	3	0	0	0	0	0	0	0	0	0	0	0	0	0	0	0	0	0	0	0	0	0	0	0	0	0	0	0	0	0	0	0	0	0	0	0	0	0	0	0	0	0	0	0	0	0	0	0	0	0	0
f502	0	0	0	0	0	0	0	0	0	0	0	0	0	0	0	40	0	0	0	0	0	0	0	0	0	0	0	0	0	0	0	0	0	0	0	0	0	0	0	0	0	0	0	0	0	0	89238	0	0	0	0	0	3	0	0	0	0	0	0	63	0	4	0	0	0	10	45	0	0	35	0	0	0	0	0	0	0	0	0	2387	0	0	0	0	0	0	0	0	0	0	0	0	0	0	0	0	0	0	0	0	27	0	0	0	0	0	0	0	0	0	0	0	0	0	0	119	0	0	0	0	0	0	0	0	0	0	0	0	0	0	0	0	0	0	0	0	308	0	8	0	0	0	0	0	0	0	0	0	0	129	0	0	0	534	0	0	0	0	0	0	0	0	0	0	0	5	0	0	0	0	0	0	0	0	0	0	0	15	0	0	0	0	0	0	46	4	0	0	0	0	0	0	0	0	0	0	0	0	0	0	0	0	0	0	0	0	0	0	0	0	0	0	0	0	0	0	8	25	0	0	0	0	0	0	0	0	0	0	0	0	0	0	0	0	0	0	0	0	9	0	0	0	0	0	0	0	0	0	0	0	0	0	0	0	0	0	6	0	5	0	0	0	0	0	0	0	0	0	0	0	0	0	0	0	0	0	0	0	0	0	0	0	0	0	0	0	0	4	0	0	0	0	0	0	0	0	0	0	0	0	0	0	0	0	0	0	0	0	0	0	0	4	0	0	0	0	0	3	0	0	24	0	0	0	0	0	0	0	0	0	0	0	0	0	5	0	0	0	0	0	0	0	0	0	0	0	0	0	0	0	0	0	0	0	0	0	0	0	0	0	0	0	0	0	0	0	0	0	0	0	0	0	0	0	0	0	0	0	0	0	0	0	0	0	0	0	0	0	0	0	0	0	0	0	0
f503	6	0	15	22	0	0	171	6	8	0	0	0	0	0	0	48	459	0	0	3	0	0	8	0	2	0	0	0	11	5	0	8	221	7	0	0	0	0	0	6	4	0	130	0	0	0	36497	0	0	0	17	4	0	0	137	0	0	0	45	319	0	27	2	0	8	0	214	33	0	160	0	0	0	12	7	0	0	11	0	1089	0	245	0	0	20	0	6	0	0	0	7	2	0	0	2	0	0	0	0	0	1069	0	0	0	0	3	0	0	0	152	112	0	0	0	80	224	0	6	87	0	35	19	10	22	0	0	0	5	0	0	18	0	0	0	0	0	326	0	22	0	0	51	10	0	0	0	0	0	0	5117	0	0	0	1466	0	0	6	0	8	0	0	0	0	0	0	0	0	0	0	0	159	0	0	0	0	0	0	0	0	0	0	0	0	0	203	0	0	0	0	3	0	0	0	0	0	0	0	0	0	0	0	0	0	0	0	0	0	0	0	0	0	0	0	0	0	17	0	0	0	0	21	0	0	0	0	0	0	9	146	0	0	0	5	0	0	0	0	0	0	132	11	0	0	0	0	0	0	0	0	0	49	0	0	13	0	0	68	0	0	0	0	0	0	0	0	0	0	2	3	0	0	0	0	4	0	0	0	8	12	0	0	213	0	0	0	0	0	0	0	0	24	0	0	0	0	0	0	0	0	0	0	0	0	0	0	0	0	0	0	0	0	0	3	0	0	0	0	0	0	0	21	0	0	0	0	0	0	0	0	6	0	0	0	0	10	0	0	0	45	0	0	0	0	0	0	0	0	0	0	0	7	0	18	0	0	0	0	46	0	10	0	0	13	9	0	0	0	0	0	0	0	0	0	0	0	0	0	0	0	0	2	0	0	0	0	0	0	0	0	0	0	0	0	0	0
f504	95	121	0	786	0	23	5421	1087	817	369	19	97	122	7	30	47	1056	83	209	143	284	163	0	0	157	20	18	0	1663	837	109	22	286	156	36	212	0	90	42	223	272	11	201	0	0	62	835	61	0	51	264	173	198	75	2391	0	0	0	762	194	18	449	20	121	481	1582	359	238	0	153	0	0	0	173	271	0	0	43	147	1068	32	816	0	134	110	0	165	99	0	0	21	426	225	0	117	0	87	0	144	0	413	0	0	32	840	391	0	78	150	37	260	38	137	0	717	1274	0	218	16	0	96	756	0	245	260	14	0	0	0	55	644	0	288	10	0	157	366	0	42	0	0	0	105	384	0	4	185	0	14	13	111	0	27	178	25	0	0	0	65	0	51	0	15	0	0	0	0	139	98	0	5823	62	0	29	0	0	0	130	260	9	93	0	15	225	801	219	33	0	7	79	25	59	0	0	226	3	16	0	0	0	0	0	0	0	107	0	0	0	230	22	63	6	24	0	0	118	665	0	177	0	0	31	0	0	0	10	0	564	953	0	0	23	132	95	0	89	0	178	46	77	369	16	0	657	27	0	0	0	7	0	36	39	0	0	0	0	79	0	0	0	0	198	0	0	3	0	0	0	58	0	0	73	0	0	7	0	37	473	872	166	0	56	5	0	0	0	0	0	7	0	60	1107	0	0	0	0	0	5	0	0	0	25	0	0	0	18	0	0	92	22	0	0	0	0	86	0	0	0	67	93	18	0	0	12	0	7	0	0	0	15	0	0	0	51	6	33	154	511	163	108	0	132	0	0	0	0	0	83	25	0	292	94	221	0	0	20	7	1662	0	219	38	19	62	37	0	0	28	0	0	0	0	0	0	92	0	492	0	8	0	0	0	20	0	16	0	41	0	9	0	0	51	0	0	0	0
f505	0	0	74	5	0	0	185	5	0	0	0	0	0	21	0	304	0	0	0	0	0	0	14	0	0	0	0	0	0	0	6	0	10	6	0	0	0	0	0	0	2	0	3	0	0	0	71855	0	0	0	0	0	0	0	32	0	0	0	23	927	0	0	0	0	0	0	42	0	0	1732	0	0	0	5	0	0	0	0	0	4181	0	18	0	0	0	0	0	0	0	0	0	0	0	0	0	0	0	0	0	0	926	0	0	0	0	3	0	0	0	27	40	0	13	0	0	545	0	0	105	0	26	0	0	0	0	0	39	0	0	0	6	0	0	0	0	0	386	0	74	0	0	139	8	0	0	0	0	0	0	21	0	0	0	1329	0	0	0	0	12	0	2	0	0	0	0	0	0	0	0	0	5	0	5	0	0	0	3	29	4	12	0	0	0	0	67	0	0	0	0	0	0	0	0	0	0	0	0	0	0	0	0	0	0	0	0	0	0	0	0	0	0	0	0	0	0	8	10	0	0	0	25	0	0	0	0	0	0	0	104	0	15	0	0	0	0	4	0	0	0	11	0	0	0	0	0	0	0	0	0	0	53	0	0	19	0	0	10	0	0	0	0	0	0	0	0	0	0	0	0	0	0	0	0	0	0	0	11	0	0	0	0	85	0	0	0	0	0	0	0	0	0	0	0	0	0	0	0	0	0	0	2	0	0	0	0	0	0	0	0	0	0	0	0	0	6	0	0	0	0	0	9	0	0	0	0	0	0	0	0	0	0	0	0	0	0	0	0	0	12	0	0	0	0	0	0	0	0	0	0	0	0	0	0	0	0	0	0	4	0	2	0	0	90	0	0	0	0	0	0	0	0	0	0	0	0	0	0	0	0	0	0	0	0	0	0	0	0	0	0	0	0	0	0	0	0
f506	0	0	13	5	0	0	24	6	0	0	4	0	0	34	0	1772	0	0	0	0	0	0	0	0	0	0	0	0	0	3	0	0	0	0	0	0	0	0	0	0	3	0	0	0	0	0	51285	0	0	0	0	0	0	0	0	0	0	0	0	47	0	0	0	0	0	0	9	0	0	1321	0	0	0	0	0	0	0	0	0	980	0	45	0	0	0	0	0	0	0	0	0	0	0	0	0	0	0	0	0	0	217	0	0	0	0	4	0	0	0	0	54	0	0	0	47	168	0	0	0	0	24	0	0	0	0	0	0	0	0	0	5	0	0	0	0	0	29677	0	47	0	0	17	0	0	0	29	17	0	0	29	0	0	0	854	0	0	0	0	12	0	0	0	0	0	0	0	0	0	0	0	7	0	0	0	0	0	0	0	0	0	0	0	0	0	0	0	0	0	0	0	0	0	0	0	0	0	0	0	0	0	0	0	0	0	0	0	0	0	0	0	0	0	0	25	0	0	6	3	0	0	0	0	0	0	0	0	0	21	77	0	40	0	0	0	0	0	0	0	0	11	0	0	0	0	0	0	0	0	0	0	0	0	0	4	0	0	0	0	0	0	0	0	0	0	0	0	0	0	0	0	0	0	0	9	0	0	0	0	0	0	0	5	0	0	0	0	0	0	0	0	0	22	0	0	0	0	0	0	0	0	0	0	0	0	0	0	0	0	0	0	0	0	0	0	0	0	0	0	0	0	16	0	0	0	0	0	0	0	0	0	0	0	0	0	10	0	0	0	0	0	0	0	0	0	0	0	0	0	0	0	0	0	0	0	0	0	0	0	0	0	0	0	0	0	0	0	0	0	0	0	0	0	0	0	0	0	0	0	0	0	0	0	0	0	0	0	0	0	0	0	0	0	0	0	0
f507	0	4	52	27	0	0	120	8	7	2	5	0	0	29	0	689	84	0	0	0	0	0	0	0	0	3	0	0	0	8	0	13	0	12	0	0	0	0	0	0	0	0	62	0	0	0	61397	0	0	0	0	0	0	0	75	0	0	0	0	186	0	0	0	0	0	0	0	0	0	695	0	0	0	11	0	0	0	0	0	2183	0	0	0	0	10	0	0	0	0	0	0	0	0	0	0	0	0	0	6	0	295	0	0	0	0	0	0	0	0	4	106	0	18	0	4	626	0	0	100	0	34	0	6	0	0	0	27	0	0	0	0	0	0	0	0	0	17475	0	91	0	0	186	0	0	0	2	0	0	0	23	0	0	0	1687	0	0	0	0	24	0	0	0	0	0	0	0	0	76	3	0	18	0	0	11	0	0	0	26	0	13	0	0	0	0	41	0	0	0	0	0	0	4	0	0	11	0	0	0	0	0	0	0	0	0	0	0	0	0	0	0	0	0	0	23	0	30	0	0	0	0	34	0	0	0	0	0	0	0	68	0	0	0	0	0	0	0	0	0	0	0	0	0	0	0	0	0	0	0	0	0	20	0	0	23	0	0	0	0	0	0	0	0	0	0	0	0	0	0	0	0	0	0	0	0	0	0	0	0	0	0	0	0	0	0	0	0	0	0	0	0	25	0	0	0	0	0	0	0	0	0	0	0	0	0	0	0	0	0	0	0	0	0	0	0	0	0	0	0	0	0	22	0	0	0	0	0	0	0	0	0	0	0	0	0	12	0	0	0	24	0	0	0	0	0	0	0	2	0	0	0	0	0	0	0	0	0	0	3	0	0	0	0	0	0	0	0	0	0	0	0	0	0	0	0	0	0	0	0	0	0	0	0	0	0	0	0	0	0	0	0	0	0	0	0	0
f508	0	0	17	0	0	0	56	0	0	0	4	6	0	86	0	567	0	0	0	0	0	0	75	0	0	0	0	0	0	0	0	0	0	0	0	0	0	0	0	0	0	0	0	0	0	0	56159	0	0	0	0	0	0	0	0	0	0	0	0	2413	0	0	0	0	0	8	0	0	0	5962	0	0	0	0	0	0	0	0	0	5180	0	0	0	0	0	9	0	0	0	0	0	0	0	0	0	0	0	0	0	0	330	0	0	0	0	0	0	0	0	0	0	0	0	0	0	271	8	0	0	0	0	0	5	0	0	0	99	0	0	0	4	2	0	0	0	0	2182	0	114	0	0	0	3	0	7	36	0	0	0	7778	0	0	0	6518	0	0	0	0	7	0	0	0	0	0	0	0	0	0	0	0	0	0	0	0	0	0	0	29	0	4	0	0	0	0	47	0	0	0	0	0	0	0	0	0	0	0	0	0	0	0	0	0	0	0	8	0	0	0	0	0	0	0	0	0	0	6	2	0	0	0	16	0	0	0	0	0	0	0	57	0	0	0	0	0	0	0	0	0	8	0	0	0	0	0	0	0	0	0	0	0	0	0	0	0	0	0	0	0	0	0	0	0	0	0	0	0	0	0	0	0	0	0	0	0	0	0	0	0	2	0	0	4	0	0	0	0	14	0	0	0	0	0	0	0	0	0	0	0	0	0	0	0	0	0	0	0	0	0	0	0	0	0	0	0	0	0	0	0	0	0	31	8	0	0	0	0	0	0	0	0	3	0	0	0	0	0	0	0	0	0	0	0	0	0	0	0	0	0	0	0	0	0	0	0	0	0	0	0	0	2	0	0	32	0	0	0	0	0	0	0	0	0	0	0	0	0	0	0	0	0	0	0	0	0	0	0	0	0	0	0	0	0	0	0	0
f531	0	0	0	0	0	0	0	2	0	0	0	0	0	0	0	18	0	0	0	0	0	0	0	0	0	0	0	0	0	2	0	0	0	0	0	0	14	0	0	0	0	0	0	0	0	0	59734	0	0	0	0	0	0	0	0	0	0	0	0	0	0	0	0	0	0	4	0	0	0	62	0	0	0	0	0	0	0	0	0	432	0	0	0	0	0	0	0	0	0	0	0	0	0	0	0	0	0	0	0	0	0	0	0	0	0	0	0	0	0	0	0	0	0	0	0	37	0	0	0	0	0	0	0	0	0	0	54	0	0	0	0	0	0	0	0	0	196	0	2	0	0	0	0	0	0	3	0	0	0	31391	0	0	0	149	0	0	0	0	0	0	0	0	0	0	0	0	0	0	0	0	0	0	0	0	0	0	0	0	0	0	0	0	0	0	0	0	0	0	0	0	0	0	0	0	0	3	0	0	0	0	0	0	0	0	0	0	0	0	0	0	0	0	0	0	0	0	0	0	0	0	0	0	0	0	0	0	0	0	0	0	15	0	0	0	0	0	0	0	0	0	0	0	0	0	0	0	0	0	0	0	0	0	0	0	0	0	0	0	0	0	0	0	0	0	0	0	0	0	0	0	0	0	0	0	0	0	0	0	0	0	0	0	0	0	0	0	0	0	0	0	0	22	0	0	0	0	0	0	0	0	0	0	0	0	0	0	0	0	0	0	0	0	0	0	0	0	0	0	0	0	19	0	0	0	0	0	0	0	0	0	0	0	0	0	0	0	0	0	0	0	0	0	0	0	0	0	0	0	0	0	0	0	0	0	0	0	0	0	0	0	0	0	31	0	0	0	0	0	0	0	0	0	0	0	0	0	0	0	0	0	0	0	0	0	0	0	0	0	0	0	0	0	0	0	0
f532	0	65	0	1360	0	104	1232	273	296	472	5	49	0	69	0	29	2608	7	181	0	99	111	0	0	187	182	0	0	91	366	84	18609	0	67	7	49	9	0	23	705	68	7	2532	29	0	15	825	90	0	47	584	452	406	48	153	0	0	0	1000	38	0	742	0	87	630	289	3	60	0	43	3	0	0	10	200	41	35	152	565	702	12	31	0	99	18	0	0	46	0	0	3	0	119	0	28	0	0	16	2758	0	11	0	0	0	215	48	0	0	29	10	283	0	1044	0	247	69	0	144	0	0	22	988	0	0	25	514	8	0	3	0	80	0	56	0	0	70	235	0	0	0	12	0	261	2	0	162	13	0	0	0	122	56	34	11	0	0	26	0	4	0	4	0	0	0	0	0	0	0	121	0	2926	23	0	0	0	8	10	108	76	0	44	0	9	22	71	0	0	0	0	507	0	0	0	8	83	0	0	0	0	0	0	0	41	0	75	0	0	0	16	15	23	0	0	0	0	370	157	0	81	0	14	159	0	0	11	0	0	210	875	0	20	0	0	42	4	55	0	24	20	4085	97	0	4	238	0	91	0	5	15	0	0	6	10	0	0	0	58	0	0	0	0	57	0	0	27	0	0	28	0	2	0	0	0	0	0	0	38	122	430	0	0	0	0	0	0	0	0	19	0	0	7083	490	0	0	19	0	0	0	0	11	0	0	0	0	0	0	0	0	4	0	16	0	0	0	0	0	0	0	0	32	0	0	0	0	55	0	0	40	0	24	0	0	63	0	0	216	127	190	147	0	0	13	0	0	0	0	0	10	0	0	19	0	27	0	0	0	0	1030	0	109	0	0	19	3	0	0	0	0	0	0	0	0	0	16	0	0	29	0	0	0	0	0	0	0	0	0	0	24	101	0	0	189	0	247	0
f533	0	0	0	0	0	0	49	4	0	0	0	0	0	2436	0	22	0	0	0	0	0	0	8	0	0	0	0	0	0	0	9	12	0	0	0	4	0	0	0	0	0	0	0	0	0	0	82370	0	0	0	0	0	0	0	0	0	0	0	6	0	0	12	0	0	0	0	0	0	0	80	0	0	0	5	0	0	0	0	0	1546	0	0	0	0	2	0	0	0	0	0	0	0	0	0	0	0	0	0	5	0	0	82	0	0	0	0	0	0	0	0	0	0	18	0	0	178	0	0	0	0	0	0	163	0	0	0	290	0	11	0	0	0	0	0	0	0	187	0	0	0	0	0	0	0	0	35	0	0	0	9	0	0	0	79	0	0	0	0	0	0	0	0	0	0	18	0	0	0	0	0	0	0	0	0	0	0	0	0	0	0	0	0	0	0	0	0	0	0	0	0	0	4	0	0	0	0	0	0	0	0	0	2	0	0	0	3	0	0	0	0	0	0	0	12	0	0	0	0	0	0	0	0	0	0	0	0	0	0	58	14	1936	0	0	0	0	0	0	0	0	0	0	0	0	0	0	0	0	0	0	0	0	0	0	0	0	0	0	0	0	0	0	0	0	0	0	0	0	0	0	0	0	0	0	0	0	0	0	0	0	0	0	0	0	0	0	0	0	0	0	0	0	0	0	0	0	0	0	0	0	0	0	0	0	0	0	0	0	0	0	0	0	0	0	0	0	0	0	0	0	0	18	0	0	0	0	0	0	0	0	0	0	0	0	0	0	0	0	0	0	0	0	0	0	0	0	0	0	4	0	0	0	0	0	0	0	0	0	0	0	8	0	0	3203	0	0	73	0	0	0	0	0	0	0	0	0	0	0	0	0	0	0	0	0	0	0	0	0	0	0	0	0	0	0	0	0
