feature	Oleiharenicola	Halomonas	Planifilum	Hyphomicrobiales_Incertae_Sedis_Genus	Legionella	Pseudorhodoplanes	Blastococcus	Pedosphaeraceae_Genus	Fimbriiglobus	Exiguobacterium	Parachlamydiaceae_Genus	Aeromonas	Phreatobacter	Fluviicoccus	Gammaproteobacteria_Genus	Caulobacter	Candidatus_Paracaedibacter	Dechloromonas	Rickettsiaceae_Genus	Chitinophagales_Genus	Culicoidibacter	Tabrizicola	Clostridium	Thermomonas	Reyranella	SWB02	Noviherbaspirillum	Crenobacter	Blfdi19_Genus	Acetobacteraceae_Genus	Gemmata	Pseudomonas	X37.13_Genus	Haliangiaceae_Genus	Paracaedibacteraceae_Genus	Lutispora	Tumebacillus	Beijerinckiaceae_Genus	Comamonadaceae_Genus	Caldovatus	Piscinibacter	Nitrospira	env.OPS_17_Genus	Rhodococcus	Frankiales_Genus	Pseudobdellovibrionaceae_Genus	Phaselicystis	Roseomonas	Chitinibacter	Streptococcus	Pedomicrobium	JGI_0001001.H03	Rhodocyclaceae_Genus	Arthrospira_PCC.7345	Candidatus_Bealeia	Luteolibacter	Hyphomicrobiales_Genus	Cytophagales_Genus	Babeliaceae_Genus	Gloeocapsa_PCC.7428	Gemmataceae_Genus	Ideonella	Enterobacterales_Genus	Micrococcus	Arthrobacter	Sphingorhabdus	SH.PL14	Planctomycetes_Genus	Peptostreptococcus	Paracoccaceae_Genus	Nocardioides	Lysobacter	Luteimonas	Candidatus_Megaira	Bacillota_Genus	Agromyces	Terrimonas	Leuconostoc	Burkholderiales_Genus	Altererythrobacter	Blastocatellaceae_Genus	Rubrivivax	Psychromonas	Aquihabitans	Larkinella	Pirellula	DEV007_Genus	Burkholderia.Caballeronia.Paraburkholderia	bacteriap25_Genus	Fimbriimonadaceae_Genus	Brevifollis	Granulosicoccus	Pajaroellobacter	IS.44	Bacteroidia_Genus	Rhodospirillaceae_Genus	Sphaerotilus	Corynebacterium	Brevibacterium	Kocuria	Marmoricola	Alphaproteobacteria_Genus	Emticicia	NS9_marine_group_Genus	Hyphomicrobium	Cytophaga	Gemmobacter	Gracilibacteria_Genus	Verrucomicrobiaceae_Genus	Candidatus_Protochlamydia	Actinobacteria_Genus	Armatimonadaceae_Genus	Anaerovorax	Microscillaceae_Genus	Paludibaculum	Intestinimonas	NS11.12_marine_group_Genus	Xanthobacteraceae_Genus	Vampirovibrionaceae_Genus	Flavobacterium	Devosia	Saprospiraceae_Genus	Staphylococcus	Leeia	Cyclobacteriaceae_Genus	Chlamydiales_Genus	Microtrichaceae_Genus	Ensifer	Novispirillum	Paucibacter	Shewanella	Telmatocola	Rhizobium	Agitococcus	Holosporaceae_Genus	Nocardia	Psychrobacter	Paenirhodobacter	Nitrosomonas	Uliginosibacterium	Novosphingobium	Candidatus_Berkiella	Pseudobdellovibrio	Sphingomonas	Polyangiia_Genus	P3OB.42	Roseicella	A21b_Genus	Moraxellaceae_Genus	Cetobacterium	Gaiellales_Genus	Shinella	Sutterellaceae_Genus	Fluviicola	Niveibacterium	Hydrogenophaga	Vibrionaceae_Genus	AAP99	SM2D12_Genus	Chitinilyticum	Gloeocapsa	Acetobacteroides	Acinetobacter	SH3.11	Eremiobacteria_Genus	Vibrio	Polymorphobacter	Candidatus_Ovatusbacter	Bryobacteraceae_Genus	Granulicatella	X11.24_Genus	Dinghuibacter	Runella	Truepera	Sphingomonadaceae_Genus	Abditibacterium	Chitinivorax	Oligoflexaceae_Genus	Stagnimonas	Rhizorhapis	Saccharimonadales_Genus	Fundidesulfovibrio	Neochlamydia	Bacteriovorax	Sandaracinaceae_Genus	Chryseotalea	Ga0077536_Genus	Verrucomicrobiia_Genus	Levilactobacillus	Opitutaceae_Genus	Candidatus_Alysiosphaera	Pseudomonadota_Genus	Gordonia	Pasteurella	Kineosporiaceae_Genus	Micavibrionales_Genus	Microtrichales_Genus	Paracoccus	Bdellovibrio	Cellvibrio	Sphingopyxis	Kinneretia	Rhizobiaceae_Genus	X0319.6G20_Genus	Marinifilaceae_Genus	Isosphaeraceae_Genus	cvE6_Genus	Pseudoduganella	Pir4_lineage	Aquabacterium	Bosea	Planctomycetota_Genus	Candidatus_Nomurabacteria_Genus	mle1.27_Genus	Methylibium	IMCC26207	Dyadobacter	Mycobacterium	Modestobacter	Brevundimonas	Unknown_Family_Genus	Thermoleophilia_Genus	MBNT15_Genus	Undibacterium	Pararhodobacter	Stella	Neisseriaceae_Genus	OM190_Genus	TM7a	Caedibacter	Pectobacteriaceae_Genus	Parvibium	Fusobacteriaceae_Genus	Pseudolysobacter	Citrobacter	WY65	Chryseobacterium	Glutamicibacter	Sediminibacterium	alphaI_cluster	Pseudoxanthomonas	Vampirovibrionales_Genus	Leptothrix	Chitinophagaceae_Genus	Kapabacteriales_Genus	Chlamydiaceae_Genus	Phenylobacterium	Ligilactobacillus	Candidatus_Finniella	Cyanobacteriia_Genus	Aeromicrobium	Alicyclobacillus	Geminicoccaceae_Genus	LWQ8_Genus	Gemmatimonas	TRA3.20_Genus	Bacilli_Genus	SM1A02	Tundrisphaera	Aquicella	Mariniblastus	CL500.3	KD4.96_Genus	Curvibacter	Absconditabacteriales_.SR1._Genus	PMMR1	CM1G08	Lactobacillus	Bradyrhizobium	OLB17	Bacillus	Vicinamibacteraceae_Genus	Flavihumibacter	Candidatus_Obscuribacter	Pseudomonadales_Genus	Anaerocolumna	Longivirga	Rhodospirillales_Genus	Deinococcus	BIrii41_Genus	Pontibacter	Dechlorobacter	Kineococcus	Sphingobium	Pararhizobium	Ruminiclostridium	Arenicella	Coxiella	Myxococcaceae_Genus	Barnesiellaceae_Genus	Pyrinomonadaceae_Genus	Nevskiaceae_Genus	RBG.13.54.9_Genus	Variovorax	Blastocatella	Aerococcaceae_Genus	Bacteroides	Serinicoccus	Oscillospiraceae_Genus	Opitutus	X67.14_Genus	Malacoplasma	Blastomonas	PeM15_Genus	Cypionkella	Caldilineaceae_Genus	JG30.KF.CM45_Genus	Cloacibacterium	Enterococcus	Paraconexibacter	Defluviimonas	Microbulbifer	Rheinheimera	Rhodovastum	Massilia	Lactiplantibacillus	Parageobacillus	Thermomicrobiales_Genus	Chloronema	Thermodesulfobacteriota_Genus	Fuscovulum	Paraclostridium	Alcaligenaceae_Genus	Methylorubrum	Babeliales_Genus	Brevitalea	Sporichthyaceae_Genus	Gemmatimonadaceae_Genus	Ohtaekwangia	Rubritaleaceae_Genus	Midichloriaceae_Genus	Campylobacterales_Genus	Weissella	Stenotrophomonas	Simkaniaceae_Genus	Azospira	Hirschia	Plesiomonas	Aggregatilineales_Genus	Lactococcus	Bacillales_Genus	OLB12	Thermus	Sporomusaceae_Genus	Acidiferrimicrobium	Chitinimonas	Obscuribacteraceae_Genus	Raineya	NB1.j_Genus	Lysobacteraceae_Genus	Acidovorax	Pirellulaceae_Genus	Rhodopseudomonas	Vampirovibrio	Polyangiales_Genus	Elsteraceae_Genus	Methyloligellaceae_Genus	Mesorhizobium	Pseudorhizobium	Hassallia	Nannocystis	Falsiporphyromonas	Chthoniobacter	Aureimonas	Turneriella	Polyangiaceae_Genus	Permianibacter	Geodermatophilus	Hyphomonadaceae_Genus	Nordella	Sporocytophaga	Delftia	Sandaracinus	Steroidobacter	Actinoplanes	Elstera	Latilactobacillus	Marinomonas	Candidatus_Peregrinibacteria_Genus	Vogesella	Ferruginibacter	Flectobacillus	Desulfotomaculum	Arcobacter	Candidatus_Accumulibacter	Anaerospora	Propionivibrio	Thermobrachium	Peptostreptococcaceae_Genus	Romboutsia	AKYH767_Genus	Lautropia	Bordetella	Haliscomenobacter	Acidibacter	Perlucidibaca	Acetivibrio	Aurantisolimonas	Anaerotaenia	Limosilactobacillus	CL500.29_marine_group	Vagococcus
f16	0	0	0	0	21	0	9	8	0	0	0	58296	151	8	121	5	0	737	0	0	3617	0	5	0	0	0	0	1869	0	0	0	3289	0	5	0	0	0	0	0	0	0	0	0	8	0	12	0	16	0	0	0	0	0	0	0	0	0	2	0	0	0	0	0	0	0	0	0	0	0	209	0	0	18	0	0	0	0	0	12	0	0	0	0	20	0	7	0	4	0	0	0	0	0	0	56	0	0	4	0	0	0	0	71	0	0	0	116	3	0	0	0	0	0	0	0	0	0	0	0	777	0	0	0	0	0	0	0	0	0	3560	434	0	14	16	4	0	0	52	0	0	0	0	0	0	0	0	0	5	0	581	0	0	232	225	3996	0	0	0	0	356	0	0	30	0	0	0	0	0	0	0	0	46	0	0	0	0	0	0	0	0	0	0	0	0	0	3	0	18	0	0	0	0	0	0	0	0	0	0	23	245	0	0	0	0	0	0	0	24	0	0	32	0	0	0	0	6	0	7	0	0	0	0	0	115	0	0	0	0	0	0	0	0	0	0	0	0	0	27	0	0	0	0	0	0	0	0	0	0	0	0	0	0	0	0	0	0	0	0	23	0	0	0	0	0	0	0	0	0	0	0	0	0	0	0	0	0	0	0	8	0	0	0	0	0	0	0	0	0	0	5	0	0	0	0	0	0	0	0	0	0	0	11	0	0	0	0	0	33	0	0	0	0	0	0	0	0	0	0	0	0	0	0	0	0	0	0	0	0	0	0	0	0	0	4	0	0	0	64	0	11	0	0	0	0	0	0	0	0	0	0	0	0	0	0	0	0	0	0	0	0	0	0	0	0	0	0	0	0	0	0	0	0	0	0	0	4	0	0	0	0	0	0	0	0	0	0	0	0	0	0	0	0	0	0	0	0	0	120	0	0	0	0
f17	0	0	0	71	110	0	0	23	9	0	0	27387	1116	0	304	5	0	1877	0	0	4054	0	140	0	0	0	0	3073	0	0	7	996	0	0	0	0	0	0	5	0	0	0	2	19	0	33	0	330	0	8	5	0	0	0	0	0	0	0	0	0	19	0	0	0	0	0	24	0	0	1410	0	0	0	0	0	4	0	0	8	0	0	44	0	107	0	18	0	0	0	0	0	0	0	0	0	0	0	0	0	0	0	0	0	0	0	0	338	0	0	0	0	0	0	0	0	0	0	0	0	163	0	0	0	0	0	23	0	99	0	1787	170	0	41	0	0	0	0	496	0	0	0	0	0	0	0	0	0	0	0	6278	0	0	313	146	986	0	0	0	0	399	0	0	29	37	0	5	0	0	0	0	0	426	0	0	0	0	0	0	0	0	0	0	5	0	0	0	0	31	0	0	0	0	7	0	0	0	0	0	6	2	0	0	0	26	0	0	0	0	5	0	37	0	0	0	0	22	0	38	0	0	0	0	0	0	0	0	0	0	0	0	0	0	0	0	0	0	0	0	0	0	0	0	0	0	0	0	0	0	0	0	0	0	0	0	0	0	0	0	412	0	0	0	0	0	0	0	0	0	20	0	0	0	0	0	0	0	19	0	0	0	0	0	0	0	0	0	0	0	0	10	0	0	0	0	0	0	0	0	0	0	0	3	0	0	9	0	2	16	0	0	0	0	0	115	0	0	0	0	0	0	0	0	0	0	0	0	0	0	0	0	0	0	0	0	0	0	0	190	0	0	0	0	0	0	0	0	0	0	0	0	0	0	0	0	0	0	0	0	0	0	0	0	0	0	0	0	0	0	0	0	0	0	0	0	0	0	0	0	0	0	0	0	0	0	0	0	0	0	0	0	0	0	0	0	0	0	0	785	0	0	0	0
f18	0	0	0	0	20	0	2	0	0	0	0	50350	192	0	41	0	0	358	0	0	1927	0	30	0	0	0	0	1269	0	0	0	289	0	0	0	0	0	0	14	0	0	0	0	5	0	2	0	55	0	9	0	0	0	0	0	0	0	0	0	0	0	0	0	0	0	0	0	0	0	184	0	0	0	0	0	2	0	0	0	0	0	9	0	11	0	0	0	0	0	0	0	0	0	0	0	0	0	0	0	0	0	0	0	0	0	0	71	0	0	0	0	0	0	0	0	0	0	0	0	28	0	0	0	0	0	8	0	9	0	220	242	0	7	0	0	0	0	101	0	0	0	0	0	0	0	0	0	0	0	4358	0	0	65	0	265	0	0	0	0	166	0	0	6	0	0	0	0	0	0	0	0	74	0	0	0	0	0	0	0	0	0	0	0	0	0	0	0	4	0	0	0	0	0	0	0	0	0	0	0	0	0	0	0	0	0	0	0	0	0	0	14	0	0	0	0	5	0	7	0	0	0	0	0	0	0	0	0	0	0	0	0	0	0	0	0	0	0	0	0	0	0	0	0	0	0	0	0	0	0	0	0	0	0	0	0	0	10	0	61	0	0	0	0	0	0	0	0	0	0	0	0	0	0	0	0	0	5	0	0	0	0	0	0	0	0	0	0	0	0	0	0	0	0	0	0	0	0	0	0	0	0	0	0	0	0	0	0	0	0	0	0	0	0	23	0	0	0	0	0	0	0	0	0	0	0	0	0	0	0	0	0	0	0	0	0	0	0	186	0	2	0	0	0	0	0	0	0	0	0	0	0	0	0	0	0	0	0	0	0	0	0	0	0	0	0	0	0	0	0	0	0	0	0	0	0	0	0	0	0	0	0	0	0	0	0	0	0	0	0	0	0	0	0	0	0	0	0	112	0	0	0	0
f19	0	0	0	2	41	0	0	5	0	0	0	39100	659	0	180	0	0	935	0	0	3942	0	4	0	0	0	0	2664	0	0	0	686	0	0	0	0	0	0	0	0	0	0	0	0	0	6	0	166	0	0	0	0	17	0	0	0	0	0	0	0	3	0	7	0	0	0	5	0	0	666	0	0	0	0	0	0	0	0	0	0	0	17	0	50	0	0	0	0	0	0	0	0	0	0	0	0	0	0	0	0	0	4	0	0	0	0	220	0	0	0	0	0	0	0	0	0	0	0	0	349	0	0	0	0	0	8	0	17	0	2319	114	0	0	0	0	0	0	151	0	0	0	0	0	0	0	0	0	0	0	6376	0	0	323	185	367	0	0	0	0	344	0	0	8	0	0	0	0	0	0	0	0	175	0	0	0	0	0	0	0	0	0	0	0	0	0	0	0	62	0	0	0	0	4	0	0	0	0	0	0	19	0	0	0	3	0	0	0	0	0	0	47	0	0	0	0	0	0	13	0	0	0	0	0	0	0	0	0	0	0	0	0	0	0	0	0	0	0	0	0	0	0	0	0	0	0	0	0	0	0	0	0	0	0	0	0	0	0	0	121	0	0	0	0	0	0	0	0	0	6	0	0	0	0	0	0	0	0	0	0	0	0	0	0	0	0	0	0	0	0	13	0	0	0	0	0	0	0	0	0	0	0	0	0	0	0	0	0	24	0	0	0	0	0	35	0	0	0	0	0	0	0	0	0	0	0	0	0	0	0	0	0	0	0	0	0	0	0	360	0	0	0	0	0	0	0	0	0	0	0	0	0	0	0	0	0	0	0	0	0	0	0	0	0	0	0	0	0	0	0	0	0	0	0	0	0	0	0	0	0	0	0	0	0	0	0	0	0	0	0	0	0	0	0	0	0	0	0	354	0	0	0	0
f20	0	0	0	98	175	8	0	50	12	0	3	21442	1679	0	580	10	0	2893	0	0	4373	0	9	0	0	0	0	3590	0	0	27	1688	0	0	0	0	0	0	10	0	0	0	0	37	0	37	0	538	0	0	5	0	0	0	0	0	0	3	0	0	15	0	4	0	0	0	27	0	0	2016	3	0	4	0	7	11	0	0	12	0	0	53	0	178	0	46	0	0	0	0	0	0	0	0	0	0	0	0	0	0	4	0	0	0	0	0	503	0	0	3	0	0	0	0	0	0	0	0	0	219	20	0	0	0	0	69	0	295	0	4821	133	0	86	0	0	30	0	1077	0	0	0	0	0	0	0	0	0	0	0	5772	5	0	463	297	1065	0	0	0	0	225	0	0	29	31	0	0	0	0	0	0	0	666	0	0	0	0	0	0	0	0	0	0	7	0	0	0	0	25	0	0	0	0	25	0	0	0	8	0	0	45	0	0	0	20	0	0	0	0	20	0	56	0	0	0	0	30	0	155	0	0	0	0	4	0	0	0	0	0	0	0	6	0	0	0	0	0	0	0	0	0	0	0	0	0	0	0	0	0	0	0	0	0	0	0	0	0	0	0	523	0	0	0	0	0	0	0	0	0	50	0	0	0	0	0	0	0	11	0	0	0	0	0	0	0	0	0	0	0	0	0	0	0	0	0	0	0	0	0	0	0	0	0	0	0	37	0	5	37	0	0	0	0	0	112	0	0	0	0	0	0	91	28	0	0	0	0	0	0	0	0	0	0	0	0	0	0	0	154	0	0	0	0	0	0	0	0	0	0	0	0	0	0	79	0	0	0	0	0	0	0	0	0	0	0	0	0	0	0	0	0	0	0	0	0	0	0	0	0	0	0	0	0	0	0	0	0	0	0	0	0	0	0	0	0	0	0	0	1202	0	0	0	0
f46	36	0	0	75	172	0	0	560	355	0	0	19774	1208	0	227	51	23	1627	3	4	211	0	666	0	22	36	3	558	0	0	167	2386	2	1808	5	0	0	0	310	0	18	93	994	92	0	258	13	120	0	0	35	0	12	0	0	35	0	4659	0	0	101	0	0	0	0	143	57	0	0	2545	10	0	95	0	0	0	0	0	6	0	0	0	0	54	0	58	0	0	0	3	30	0	34	0	190	0	156	0	0	122	0	0	57	4	0	106	1444	10	0	0	0	38	0	33	3	0	0	0	0	521	6	223	0	0	0	0	0	88	0	1434	22	86	308	210	0	50	0	265	131	0	13	0	79	0	38	8	4	0	0	3008	0	0	222	158	574	66	0	0	0	35	0	0	0	0	53	0	0	2	0	0	4	605	31	0	0	0	0	0	0	4	0	0	0	0	76	2239	6	0	0	9	0	0	158	0	0	0	0	12	100	295	8	0	46	25	0	0	2	10	19	107	132	0	0	18	0	18	0	185	0	0	0	0	3	435	0	0	0	320	0	0	0	0	0	68	0	13	0	10	88	19	4	0	0	4	61	0	0	0	0	0	0	0	0	0	0	0	0	0	981	0	0	0	0	17	0	0	0	0	178	0	0	41	0	221	0	0	19	0	0	48	0	0	0	0	0	0	0	0	0	6	11	3	2	0	5	0	0	0	0	10	0	0	0	0	0	0	4	86	0	4	0	0	5	0	0	0	0	0	0	0	71	0	0	0	0	0	0	16	0	0	0	0	0	0	0	0	6	109	0	0	0	43	0	243	0	0	21	0	9	0	56	0	16	0	0	5	0	0	0	47	0	0	0	0	22	0	0	0	0	17	0	0	3	0	0	1178	0	0	0	0	0	0	0	0	0	0	0	0	0	0	0	0	0	631	0	0	0	434	0	0	0	0
f47	0	0	0	31	256	0	0	3	0	0	0	50034	1028	0	281	79	0	1178	0	0	289	0	202	0	7	0	0	679	0	0	11	3930	0	0	0	0	0	0	33	0	0	0	0	0	0	33	0	85	0	6	10	0	0	0	0	11	0	24	0	0	0	0	8	0	0	0	50	0	0	2325	10	0	0	0	0	0	0	0	0	0	0	0	0	43	0	47	0	0	0	0	0	0	0	0	0	0	0	0	0	0	0	0	0	0	0	0	1149	0	0	0	0	0	0	0	0	0	0	3	0	99	0	0	0	0	0	0	0	67	0	1396	49	0	380	0	0	13	0	160	0	0	0	0	0	0	0	0	0	0	0	457	0	0	190	143	247	0	0	0	0	176	0	0	0	9	0	0	0	0	0	0	0	698	0	0	0	0	0	4	0	0	0	0	0	0	0	14	0	3	0	0	0	0	0	0	14	0	2	0	0	124	0	0	17	15	0	5	0	0	0	0	127	0	0	0	0	22	0	156	0	0	0	0	8	9	0	0	0	0	0	0	0	0	0	0	0	0	0	0	0	0	0	0	0	0	0	0	0	0	0	0	0	0	0	0	0	0	0	0	746	0	0	0	0	0	0	0	0	0	124	0	0	0	0	72	0	0	14	0	0	0	0	0	0	0	0	0	0	0	0	0	0	0	0	0	0	0	0	0	0	0	0	0	0	9	0	0	3	941	0	0	0	0	0	3	0	0	0	0	0	0	0	0	0	0	3	0	0	0	0	0	0	0	0	0	0	0	0	92	0	0	0	0	0	77	0	0	16	0	0	0	0	0	0	0	0	0	0	0	0	0	0	0	0	0	0	0	0	0	0	0	0	0	0	0	0	5	0	0	0	0	0	0	0	0	0	0	0	0	6	0	0	0	0	0	0	0	0	521	0	0	0	0
f48	158	0	3	33	13	0	34	60	0	0	0	4433	839	0	134	5	0	1430	0	0	47	0	16	0	0	8	0	831	0	0	104	6091	0	540	31	0	0	0	702	0	0	53	562	255	0	5	0	0	0	6	41	0	0	0	0	0	0	268	0	0	91	0	0	16	0	66	14	0	0	303	48	42	654	0	0	0	0	0	4	0	0	0	0	0	0	46	0	0	0	0	21	0	5	0	836	0	312	0	0	0	0	0	1048	0	0	9	42	3342	24	0	0	0	0	0	0	0	0	0	0	93	0	20	0	73	0	0	13	54	0	7083	0	0	32	0	0	173	0	224	65	0	153	0	29	19	13	0	0	0	0	229	0	0	0	230	4845	0	0	0	0	9	0	0	0	0	48	0	0	0	0	0	0	36	151	0	0	0	0	0	0	0	0	0	0	0	24	243	0	0	0	0	0	0	128	0	4	0	0	56	4019	3624	0	0	1610	3	0	0	0	5194	0	675	83	0	0	36	0	0	0	645	0	0	0	0	0	3281	0	0	39	36	0	0	0	0	0	34	0	0	0	0	135	0	0	0	0	58	5	0	14	0	0	0	0	0	0	0	0	0	0	0	176	0	0	0	0	0	0	0	0	0	41	0	0	3	0	49	0	0	0	0	0	7	0	0	0	0	0	0	0	0	0	6	0	0	0	0	0	0	0	0	0	0	0	0	25	0	0	0	9	160	0	0	0	0	0	0	0	0	0	0	0	0	205	0	0	0	0	0	0	0	0	0	0	0	0	0	0	0	25	37	0	0	0	0	0	54	0	0	0	0	0	0	66	0	0	0	0	7	0	0	0	0	0	0	0	0	21	0	0	0	0	0	0	0	0	0	0	58	0	0	0	22	44	0	0	0	0	0	0	0	0	0	0	0	0	280	0	0	0	54	0	0	0	0
f49	0	0	0	9	150	0	4	21	0	0	0	75047	574	0	227	37	0	538	0	0	669	0	239	0	0	0	0	1112	0	0	5	2078	0	0	0	0	0	0	0	0	0	0	0	0	0	34	0	59	0	0	0	0	0	0	0	27	0	0	0	0	21	0	0	0	0	0	76	0	0	1610	0	0	0	0	0	0	0	0	0	0	0	14	0	44	0	48	0	0	0	0	0	0	0	0	0	0	0	0	0	0	0	0	0	0	0	0	947	0	0	3	0	0	0	0	0	0	0	0	0	129	0	0	0	0	0	0	0	29	0	1540	104	0	188	0	0	0	0	122	0	0	0	0	0	2	0	0	0	0	0	1017	0	0	282	192	437	0	0	0	0	309	0	0	0	6	0	0	0	0	0	0	0	361	0	0	0	0	0	0	0	0	0	0	0	0	0	9	0	0	0	0	0	0	0	0	0	0	0	0	0	45	0	0	0	11	0	0	0	0	14	0	71	0	0	0	0	18	0	103	0	0	0	0	0	0	0	0	0	0	0	0	0	0	0	0	0	0	0	0	0	5	0	0	0	0	0	0	0	0	0	0	0	0	0	0	0	0	0	0	522	0	0	0	0	0	0	0	0	0	63	0	0	0	0	64	0	0	18	0	0	0	0	0	0	0	0	0	0	0	0	11	0	0	0	0	0	0	0	0	0	0	0	4	0	7	0	0	0	207	0	0	0	0	0	0	0	0	0	0	0	0	0	0	0	0	6	0	0	0	0	0	0	0	0	0	0	0	0	191	0	0	0	0	0	0	0	0	24	0	0	0	0	0	0	0	0	0	0	0	0	0	0	0	0	0	0	0	0	0	0	0	0	0	0	0	0	0	0	0	0	0	0	0	0	0	0	0	0	0	0	0	0	0	0	0	0	0	0	320	0	0	0	0
f50	0	0	0	0	60	0	0	0	0	0	0	54182	135	0	35	6	0	546	0	0	173	0	22	0	0	0	0	198	0	0	0	1300	0	0	0	0	0	0	0	0	0	0	0	0	0	6	0	0	0	16	0	0	0	0	0	0	0	0	0	0	4	0	0	0	0	0	6	0	0	417	0	0	0	0	0	0	0	0	17	0	0	0	0	5	0	9	0	0	0	0	0	0	0	0	0	0	0	0	0	0	0	0	0	0	0	0	204	0	0	0	0	0	0	0	0	0	0	0	0	19	0	0	0	0	0	0	0	18	0	295	19	0	64	0	0	0	0	38	0	0	0	0	0	0	0	0	0	0	0	297	0	0	49	45	111	0	0	0	0	132	0	0	0	0	0	0	0	0	0	0	0	161	0	0	0	0	0	0	0	0	0	0	0	0	0	0	0	0	0	0	0	0	0	0	0	0	0	0	0	8	0	0	0	0	0	0	0	0	0	0	18	0	0	0	0	0	0	26	0	0	0	0	5	0	0	0	0	0	0	0	0	0	0	0	0	0	0	0	0	0	0	0	0	0	0	0	0	0	0	0	0	0	0	0	0	0	0	0	174	0	0	0	0	0	0	0	0	0	33	0	0	0	0	15	0	0	0	0	0	0	0	0	0	0	0	0	0	0	0	0	0	0	0	0	0	0	0	0	0	0	0	18	0	0	0	0	0	80	0	0	0	0	0	0	0	0	0	0	0	0	0	0	0	0	0	0	0	0	0	0	0	0	0	0	0	0	0	23	0	0	0	0	0	0	0	0	0	0	0	0	0	0	0	0	0	0	0	0	0	0	0	0	0	0	0	0	0	0	0	0	0	0	0	0	0	0	0	0	0	0	0	0	0	0	0	0	0	0	0	0	0	0	0	0	0	0	0	87	0	0	0	0
f76	0	0	0	0	0	0	0	0	0	0	0	16260	60	0	35	0	0	0	0	0	5347	0	0	0	0	0	0	2165	0	0	0	673	0	0	0	0	0	0	0	0	0	0	0	0	0	0	0	25	0	0	0	0	0	0	0	0	0	11	0	0	7	0	0	0	0	0	2	0	0	233	0	0	0	0	0	222	0	0	3	0	0	0	0	2	0	0	0	0	0	0	0	0	0	0	0	0	0	0	0	0	0	0	0	0	0	0	107	0	0	0	0	0	0	0	0	0	0	0	0	47	0	0	0	0	0	0	0	11	0	1211	438	0	0	0	0	0	0	74	0	0	0	0	0	0	0	0	0	0	0	21934	0	0	0	0	0	0	0	0	0	1725	0	0	0	0	0	0	0	0	0	0	0	0	0	0	0	0	0	0	0	0	0	0	0	0	0	3	0	9	0	0	0	0	0	0	0	0	0	0	0	0	0	0	0	0	0	0	3	0	0	0	33	0	0	0	0	0	0	18	0	0	0	0	0	0	0	0	0	0	0	0	0	0	0	0	0	0	0	0	0	0	0	0	0	0	0	0	0	0	0	0	0	0	0	0	0	0	0	0	78	0	0	0	0	0	0	0	0	0	0	0	0	0	0	0	0	0	0	0	0	0	0	0	0	0	0	0	0	0	0	6	0	0	0	0	0	0	0	0	0	0	0	27	0	0	0	0	0	0	0	0	0	0	0	0	0	0	0	0	0	0	0	0	0	0	0	0	0	0	0	0	0	0	0	0	0	0	0	1032	0	0	0	0	0	0	0	0	0	0	0	0	0	0	0	0	0	0	0	0	0	0	0	0	0	0	0	0	0	0	0	0	0	0	0	0	0	0	0	0	0	0	0	0	0	0	0	0	0	0	0	0	0	0	0	0	0	0	0	0	0	0	0	0
f77	0	0	0	8	26	0	0	10	25	0	0	23050	187	0	218	0	0	129	0	0	2704	0	13	0	3	0	0	3834	0	0	13	1273	0	117	0	0	0	0	12	0	0	0	32	0	0	0	0	57	0	0	14	0	0	0	0	0	2	368	0	0	18	0	0	0	0	0	8	0	0	618	0	0	58	0	0	358	0	0	5	0	0	0	0	16	0	16	0	0	0	0	0	0	0	0	67	0	115	0	0	0	0	0	7	0	0	10	246	0	0	0	0	0	0	0	0	0	0	0	0	124	0	30	0	0	0	0	0	26	0	2251	320	11	43	20	0	0	0	314	24	0	0	0	0	0	3	0	9	0	0	8143	0	0	12	37	10	0	0	0	0	885	0	0	0	0	5	0	0	0	0	0	0	0	0	0	0	0	0	0	0	0	0	0	8	0	0	49	0	21	0	0	0	0	0	0	0	0	0	0	7	111	0	0	0	0	0	0	3	0	0	13	62	0	0	0	0	0	0	39	0	0	0	0	3	43	0	0	0	22	0	0	0	0	0	3	0	3	0	0	15	0	0	0	0	0	0	0	0	0	0	0	0	0	0	0	0	0	0	0	373	0	0	0	0	0	0	0	0	0	0	0	0	0	0	5	2	0	0	0	0	0	0	0	0	0	0	0	0	0	0	0	0	0	0	0	0	0	0	0	0	0	0	12	0	0	19	0	3	0	0	0	0	0	8	0	0	0	0	0	0	0	30	0	0	0	0	0	0	0	0	0	0	0	0	0	4	0	0	365	0	0	0	0	0	0	0	0	0	0	0	0	12	0	23	0	0	4	0	0	0	0	0	0	0	0	0	0	0	0	0	0	0	0	0	0	0	111	0	0	0	0	0	0	0	0	0	0	0	0	0	0	0	0	0	178	0	0	0	28	0	0	0	0
f78	0	0	0	0	21	0	4	0	0	0	0	26073	175	0	121	0	0	0	0	0	5303	0	0	0	3	0	0	845	0	0	0	497	0	0	0	0	0	0	0	0	0	0	0	0	0	0	0	23	0	0	0	0	0	0	0	0	5	22	0	0	7	0	0	0	0	0	7	0	0	402	0	0	0	0	0	357	0	0	4	0	0	0	0	0	0	12	0	0	0	0	0	0	0	0	0	0	0	0	0	0	0	0	0	0	0	0	118	0	0	0	0	0	0	0	0	0	0	0	0	115	0	0	0	0	0	0	0	13	0	2875	159	0	0	0	0	0	0	343	0	0	0	0	0	0	0	0	8	0	0	17466	0	0	0	65	3	0	0	0	0	263	0	0	0	0	0	0	0	0	0	0	0	0	0	0	0	0	0	0	0	0	0	0	7	0	0	0	0	20	0	0	0	0	0	0	0	0	0	0	0	7	0	0	0	0	0	0	0	0	0	0	53	0	0	0	0	0	0	31	0	0	0	0	0	0	0	0	0	0	0	0	0	0	0	0	0	0	0	0	0	0	0	0	0	0	0	0	0	0	0	0	0	0	0	0	0	0	0	0	294	0	0	0	0	0	0	0	0	0	0	0	0	0	0	0	0	0	0	0	0	0	0	0	0	0	0	0	0	0	0	0	0	0	0	0	0	0	0	0	0	0	0	22	0	0	0	0	5	0	0	0	0	0	0	0	0	0	0	0	0	0	0	0	0	0	0	0	0	0	0	0	0	0	0	0	0	0	0	231	0	0	0	0	0	0	0	0	0	0	0	0	0	0	0	0	0	0	0	0	0	0	0	0	0	0	0	0	0	0	0	0	0	0	0	0	0	0	0	0	0	0	0	0	0	0	0	0	0	0	0	0	0	0	0	0	0	0	0	0	0	0	0	0
f79	0	0	0	0	25	0	6	0	0	0	0	10369	158	0	256	0	0	0	0	0	8101	0	0	0	12	0	0	6997	0	0	7	987	0	0	0	0	0	0	0	0	0	0	0	0	0	2	0	28	0	0	0	0	0	0	0	0	0	134	0	0	20	0	3	0	0	0	9	0	0	698	0	0	0	0	6	841	0	0	0	0	0	0	0	0	0	11	0	0	0	0	0	0	0	0	0	0	0	0	0	0	0	0	0	0	0	0	201	0	0	0	0	0	0	0	0	0	0	0	0	146	0	0	0	0	0	0	0	29	0	6266	103	0	0	6	0	0	0	167	0	0	0	0	0	0	0	0	10	0	0	16126	0	0	0	107	0	0	0	0	0	316	0	0	0	4	0	0	0	0	0	0	0	0	0	0	0	0	0	0	0	0	0	0	0	0	0	0	0	101	0	0	0	0	0	0	0	0	0	0	0	34	0	0	0	0	0	0	7	0	0	0	125	0	0	0	0	0	0	23	0	0	0	0	0	0	0	0	0	0	0	0	0	0	0	0	0	0	0	0	14	0	0	0	0	0	0	0	0	0	0	0	0	0	0	0	0	0	0	0	289	0	0	0	0	0	0	0	0	0	0	0	0	0	0	0	0	0	0	0	0	0	0	0	0	0	0	0	0	0	0	0	0	0	0	0	0	0	0	0	0	0	0	14	0	0	0	0	0	0	0	0	0	0	0	0	0	0	0	0	0	0	0	0	0	0	0	0	0	0	0	0	0	0	0	0	0	0	0	2784	0	0	0	0	0	0	0	0	0	0	0	0	0	0	0	0	0	0	0	0	0	0	0	0	0	0	0	0	0	0	0	0	0	0	0	0	0	0	0	0	0	0	0	0	0	0	0	0	0	0	0	0	0	0	0	0	0	0	0	0	0	0	0	0
f80	7	0	0	37	112	0	0	261	65	0	0	23906	345	0	201	11	4	1680	0	0	2197	0	528	0	16	0	0	1928	0	0	19	1472	0	662	0	0	0	0	143	0	0	28	178	0	0	84	7	55	0	5	22	0	28	0	0	0	0	2700	0	0	58	0	0	0	0	82	36	0	0	927	0	0	25	0	0	284	16	0	8	0	0	0	0	37	0	22	0	0	0	0	9	0	0	0	117	0	140	0	0	0	0	2	8	0	5	57	459	18	0	0	0	0	0	10	0	0	0	0	0	378	22	117	0	0	0	0	0	72	0	1778	156	22	138	272	7	41	0	227	40	0	0	0	3	0	28	0	0	0	0	9539	0	0	36	113	146	0	0	0	0	563	0	0	0	0	9	13	0	0	0	0	9	153	43	0	0	0	0	0	0	0	0	0	0	0	21	655	0	26	0	0	0	0	160	0	0	0	0	0	153	104	0	0	59	5	0	0	0	0	2	49	57	0	0	0	0	0	0	449	0	0	0	0	0	333	0	0	0	85	0	0	0	0	0	0	0	9	0	0	71	0	0	0	0	0	5	0	0	0	0	0	0	0	0	0	0	0	0	0	442	0	0	0	0	0	0	0	0	0	81	0	0	6	0	87	0	0	4	0	12	7	0	0	0	0	0	0	0	0	0	0	0	0	0	0	7	0	0	0	0	0	4	21	0	0	0	0	3	55	0	0	0	0	5	0	0	0	0	0	0	0	38	0	0	0	0	0	0	0	0	0	0	0	0	0	0	0	8	257	0	0	0	13	0	110	0	0	16	0	0	0	25	0	0	0	0	0	0	0	0	11	0	0	0	0	11	0	0	0	0	10	0	0	0	0	0	1398	0	0	0	0	0	2	0	0	0	0	0	0	0	0	0	0	0	252	0	0	0	127	0	0	0	0
f646	0	20	0	21	0	11	0	9	0	0	0	48613	98	0	3	0	0	236	0	0	577	0	9	0	0	0	0	1892	0	0	6	3003	0	0	0	0	0	8	11	0	0	0	268	0	0	15	0	39	0	2	7	0	37	9	0	9	0	4	0	0	13	0	5	0	0	0	0	0	0	139	0	0	11	4	0	6	0	0	0	0	0	175	0	14	0	3	0	0	0	0	0	0	0	0	0	0	0	0	0	0	0	0	0	31	3	0	71	0	0	5	0	0	0	13	0	0	0	0	51	531	5	0	0	0	0	11	0	0	0	160	2615	0	0	0	0	25	0	30	0	7	0	0	0	0	0	0	8	0	0	7894	0	0	91	90	68	0	0	0	0	865	0	0	17	23	0	0	4	0	0	0	0	77	0	0	0	0	0	0	0	0	0	0	2	0	0	250	0	19	0	0	0	0	0	0	0	0	0	0	51	300	0	0	0	15	0	0	0	0	4	0	0	0	0	0	0	10	0	18	0	0	0	0	0	0	0	0	0	0	0	0	0	0	0	0	0	0	0	0	0	0	53	0	0	0	0	0	0	0	0	0	0	0	0	0	0	0	0	0	66	0	0	0	0	0	0	0	0	0	0	0	0	0	40	9	0	0	20	0	0	0	0	0	0	0	0	0	2	0	0	0	0	0	0	0	0	0	0	0	0	0	18	0	0	0	0	0	0	0	0	0	0	0	0	11	0	0	0	0	0	3	0	0	0	0	0	0	0	0	0	0	0	0	0	0	0	8	0	60	0	0	0	5	0	0	0	12	11	0	0	0	0	7	0	0	0	0	0	0	0	0	0	0	0	0	0	0	0	0	0	0	0	0	0	0	0	0	0	0	0	0	0	0	0	0	0	0	0	0	0	0	0	0	0	0	0	0	0	0	0	0	0	0
f647	0	15	0	170	26	25	0	10	16	0	0	46607	161	0	3	0	0	118	3	0	459	0	10	0	21	0	0	1552	0	0	10	5180	0	8	0	0	0	0	0	0	0	14	396	44	0	31	0	131	0	0	11	0	12	0	0	10	0	0	0	0	54	0	0	0	0	62	13	0	0	219	0	0	136	7	0	2	0	0	0	0	0	286	0	30	0	21	0	0	0	0	0	0	0	0	0	0	0	0	0	0	0	0	0	88	3	0	143	0	0	0	0	0	0	16	0	0	0	0	146	189	28	0	0	0	0	67	0	0	0	169	2934	10	13	2	5	96	0	51	5	0	0	0	0	0	0	0	16	0	0	8299	4	0	144	38	64	0	0	0	0	121	0	0	0	55	0	10	12	0	0	0	0	78	0	0	0	0	28	3	0	0	0	0	0	0	0	274	0	0	0	0	4	0	32	0	0	0	30	0	57	89	0	0	20	19	0	0	0	0	17	0	14	0	0	0	0	22	0	336	0	0	0	0	6	4	0	0	0	18	0	0	0	0	0	0	0	0	0	0	0	0	83	0	0	0	0	0	0	0	0	0	0	0	0	0	0	0	0	0	0	0	0	0	0	0	0	0	0	0	0	0	0	0	67	29	0	0	72	0	0	0	0	0	0	0	0	0	0	0	0	0	0	0	0	0	0	0	0	0	0	0	39	0	0	0	0	0	4	0	0	0	0	0	0	27	0	0	0	0	0	0	58	0	0	0	0	0	0	0	0	0	0	0	0	0	0	0	0	42	0	0	0	0	0	0	0	82	24	0	0	0	0	19	0	0	0	0	0	0	0	0	0	0	32	0	0	0	6	0	0	0	2	0	0	0	0	0	0	0	0	0	0	0	0	0	0	0	0	0	0	0	0	0	0	7	0	0	0	65	0	0	0	0
f648	0	30	0	101	19	17	0	8	17	0	0	40371	180	0	15	0	0	239	0	0	836	0	5	0	2	0	0	4453	0	0	9	4304	0	0	0	0	0	0	0	0	0	0	579	14	0	40	0	117	0	0	0	0	14	0	0	32	0	4	0	0	74	0	0	0	0	0	9	0	0	314	0	0	6	10	0	13	0	0	0	0	0	318	0	9	0	8	0	0	0	0	0	0	0	0	0	0	0	0	0	0	0	0	0	136	0	0	130	0	5	3	6	0	0	21	0	0	0	0	121	366	20	0	0	0	0	48	0	43	0	272	1862	0	0	0	0	48	0	103	0	0	0	0	0	0	0	0	12	0	0	6878	8	0	181	145	72	0	0	0	0	66	0	0	10	98	0	0	13	0	0	0	0	118	0	0	0	0	75	0	0	0	0	0	0	0	0	591	0	22	0	0	7	0	0	0	0	0	58	0	202	362	0	0	32	46	0	0	0	0	10	0	22	0	0	0	0	0	0	101	0	0	0	0	0	0	29	0	0	0	0	0	0	0	0	0	0	0	0	0	0	8	115	0	0	0	0	0	0	0	0	0	0	0	0	0	0	0	0	0	0	0	0	7	0	0	0	0	0	0	9	0	0	0	134	28	8	0	64	0	0	0	0	0	0	0	0	0	0	0	0	0	0	0	0	0	0	0	0	0	0	0	30	0	0	10	0	0	8	0	0	0	0	0	0	33	0	0	0	0	0	0	36	0	0	0	0	0	0	0	0	0	0	0	0	0	0	0	0	56	0	0	0	5	0	0	0	0	34	0	0	0	0	15	0	0	0	0	0	0	0	0	0	0	36	0	0	0	0	0	0	0	0	0	0	0	0	0	0	0	0	0	0	0	0	0	0	0	0	0	0	0	0	0	0	0	0	0	0	97	0	0	0	0
f649	0	34	0	95	15	17	0	7	0	0	0	41749	76	0	7	0	0	117	0	0	904	0	8	0	10	0	0	1281	0	0	6	2705	0	0	0	0	0	11	0	0	0	0	736	7	0	36	0	93	0	0	0	0	10	0	0	15	0	0	0	0	82	0	0	0	0	0	11	0	0	264	7	0	10	0	0	7	0	0	3	0	0	241	0	31	0	9	0	0	0	0	0	0	0	0	0	0	0	0	0	0	0	0	0	48	0	0	129	0	0	8	0	0	0	23	0	0	0	0	105	288	10	0	0	0	0	54	0	35	0	193	2878	0	0	0	0	51	0	57	0	9	0	0	0	0	0	0	10	0	0	12920	0	0	136	135	76	0	0	0	0	985	0	0	5	93	0	21	12	0	0	0	0	112	0	0	0	0	22	0	0	0	0	0	0	0	0	679	0	0	0	0	0	0	2	0	0	0	36	0	130	207	0	0	18	20	0	0	0	0	11	0	0	0	0	0	0	0	0	149	0	0	0	0	4	0	24	0	0	0	0	0	0	0	0	0	0	0	0	0	0	11	95	0	0	0	0	0	2	0	0	0	0	0	0	0	0	0	0	0	85	0	0	0	0	0	0	0	0	0	0	0	0	0	74	19	0	0	71	0	0	0	0	0	0	0	0	0	0	0	0	0	0	0	0	0	0	0	0	0	0	0	31	0	0	0	0	0	0	0	0	0	0	0	0	32	0	0	0	0	0	0	0	0	0	0	0	0	3	0	0	0	0	0	0	0	0	0	0	90	0	0	0	0	0	0	0	0	31	0	0	0	0	0	0	0	0	0	0	0	0	0	0	0	38	0	0	0	0	0	0	0	0	0	0	0	0	0	0	0	0	0	0	0	0	0	0	0	0	0	0	0	0	0	0	0	0	0	0	75	0	0	0	0
f650	0	0	0	13	10	0	4	10	0	0	0	60374	49	0	0	0	0	108	0	0	483	0	0	0	4	0	0	649	0	0	6	2598	0	0	0	0	0	0	0	0	0	0	254	15	0	19	0	28	0	3	0	0	19	0	0	0	2	0	0	3	38	0	0	0	0	0	0	0	0	89	3	0	0	0	0	0	0	0	0	0	0	108	0	5	0	0	0	0	0	0	0	0	0	0	0	0	0	0	0	0	0	0	0	0	0	0	61	0	0	0	0	0	0	0	0	0	0	0	60	196	0	0	0	0	0	11	0	3	0	218	893	0	0	4	0	22	0	23	0	0	0	0	0	0	0	0	0	0	0	3901	0	0	60	15	69	0	3	0	0	81	0	0	3	42	0	30	2	0	0	0	0	59	0	0	0	0	48	0	0	0	0	0	0	0	0	281	0	0	0	0	0	0	0	0	0	0	31	0	29	230	0	0	0	10	0	0	0	0	0	0	11	0	0	0	0	5	0	39	0	0	0	0	0	17	0	0	0	0	0	0	0	0	0	0	0	0	0	0	0	2	34	0	0	0	0	0	0	3	0	0	0	0	0	0	0	0	0	0	0	0	0	0	0	0	0	0	0	0	0	0	0	0	0	6	0	0	29	0	0	0	0	0	0	0	0	0	0	0	0	0	0	0	0	0	0	0	0	0	0	0	0	0	0	0	4	0	8	0	0	0	0	0	0	0	0	0	0	0	0	0	0	0	0	0	0	0	0	0	5	0	0	0	0	0	0	0	0	23	0	15	0	0	0	0	0	0	0	0	0	0	0	6	0	0	0	0	0	0	0	0	0	0	24	0	0	0	0	0	0	0	2	0	0	0	0	0	0	0	0	0	0	0	0	0	0	0	0	0	0	0	0	0	0	0	0	0	0	16	0	6	0	0
f676	0	0	0	16	6	0	0	2	0	0	0	44405	760	0	201	0	0	5	0	0	398	0	6	0	5	0	0	2345	16	0	12	5941	0	0	0	0	0	17	148	0	0	0	0	81	0	13	0	16	0	0	7	0	0	0	0	0	0	0	0	2	60	0	0	0	0	0	12	0	0	649	0	74	1147	23	0	0	0	0	0	0	0	44	0	16	0	7	0	0	0	0	5	0	0	0	0	0	0	0	0	0	5	2	0	0	6	0	72	0	0	6	0	0	0	0	0	0	0	0	19	65	0	0	0	0	0	0	0	0	0	1829	2429	0	17	0	0	9	0	577	0	0	0	0	0	0	0	0	40	0	0	5386	0	0	352	809	0	0	0	0	0	53	0	0	66	3	0	0	27	0	0	0	0	0	0	0	0	0	0	0	0	0	0	0	6	0	0	9	0	0	0	0	0	0	16	0	0	0	0	0	0	31	0	0	0	0	0	0	0	0	49	0	36	0	0	0	0	0	0	43	0	0	0	0	0	16	0	0	0	0	0	0	0	0	0	0	0	0	0	13	0	0	5	0	0	3	0	0	0	0	0	0	0	0	0	0	0	0	0	0	316	0	0	0	0	0	0	0	0	0	0	0	2	0	0	8	0	0	25	0	0	0	0	0	0	0	0	0	0	0	0	0	0	0	0	0	0	0	0	0	0	0	0	0	0	0	37	0	0	0	0	0	0	0	0	11	0	0	0	0	0	0	124	0	0	0	0	0	0	0	0	0	0	0	0	0	20	0	0	95	0	6	0	0	0	0	0	0	0	0	0	0	0	4	0	0	0	0	0	0	0	0	0	0	0	0	0	0	0	0	0	0	0	0	0	0	0	115	0	0	0	0	0	0	0	0	0	0	0	0	0	0	0	0	0	0	0	0	0	137	0	0	0	0
f677	0	0	0	5	0	7	0	0	0	0	0	38503	627	0	158	0	0	10	0	0	241	0	0	0	2	0	0	3212	0	3	3	5277	0	0	0	0	0	9	221	0	0	0	0	38	0	8	0	38	0	11	3	0	0	0	0	0	0	0	0	0	73	0	0	0	0	0	23	0	5	828	0	0	4	22	0	0	0	0	0	0	0	80	0	9	0	0	0	0	0	0	0	0	0	0	0	0	0	0	0	0	0	0	0	0	0	0	69	0	0	13	0	0	0	0	0	0	0	0	12	173	2	0	0	0	0	0	0	0	0	3064	1985	0	0	0	0	19	0	813	0	0	0	0	0	0	0	0	60	0	0	6067	0	0	394	857	0	0	0	0	0	15	0	0	48	0	0	0	41	0	0	0	0	14	0	0	0	0	0	0	0	0	0	0	0	0	0	48	0	0	0	0	0	0	0	0	0	0	11	0	9	2	0	0	0	0	0	5	0	8	27	0	35	0	0	0	0	6	0	32	0	0	0	0	0	0	0	0	0	0	0	0	0	0	0	0	0	0	0	0	0	0	0	0	0	0	0	0	0	0	0	0	0	0	0	0	0	0	0	0	109	0	0	0	2	0	0	0	0	0	0	0	0	0	0	7	0	0	16	0	0	0	0	0	0	0	0	0	0	0	0	0	0	0	0	0	0	0	0	0	0	0	8	0	0	0	0	0	6	0	0	0	0	0	0	0	0	0	0	0	0	0	60	0	0	0	0	0	0	0	0	0	0	0	0	8	29	0	0	132	0	0	0	0	0	0	0	0	6	0	0	2	0	0	0	0	0	0	0	0	0	0	0	0	0	0	0	0	0	0	0	0	0	0	0	0	0	0	0	0	0	0	0	0	0	0	0	0	0	0	0	0	0	0	0	4	0	0	0	149	0	0	0	0
f678	0	0	0	16	6	0	0	0	0	0	0	43879	939	0	235	0	0	0	0	0	330	0	3	0	4	0	0	3245	18	0	3	9248	0	0	7	0	0	32	222	0	0	0	0	61	0	8	0	26	23	4	22	0	0	0	0	0	0	0	0	0	73	0	0	0	0	0	22	0	0	1035	2	93	1599	43	0	0	0	0	0	0	0	83	0	19	0	3	0	0	0	0	0	0	0	0	0	0	0	0	0	0	0	0	0	0	0	0	95	0	0	8	0	0	0	0	0	0	0	0	35	89	6	0	0	0	0	9	0	34	0	2890	2382	0	0	0	0	41	0	947	0	0	0	0	0	0	0	0	62	0	0	3640	0	5	336	652	0	0	0	0	0	49	0	0	115	17	0	0	68	0	0	0	0	13	0	0	0	0	0	0	0	0	0	0	0	0	0	4	0	0	0	0	0	0	13	0	0	0	22	0	3	70	0	0	8	0	0	0	0	0	46	0	65	0	0	0	0	0	0	35	0	0	0	0	0	9	0	0	0	0	0	0	0	0	0	0	0	0	0	25	0	0	15	0	0	0	0	0	0	0	0	0	0	0	0	0	0	0	0	0	102	0	0	0	0	0	0	0	0	0	15	0	0	0	0	2	0	0	20	0	0	0	0	0	0	0	0	0	0	0	0	0	0	0	0	0	0	0	0	0	0	0	12	0	0	0	83	0	4	0	0	0	0	0	0	10	0	0	0	0	0	0	189	0	0	0	0	0	0	0	0	0	0	0	0	0	26	0	0	83	0	6	0	0	0	0	0	0	6	0	0	0	20	0	0	0	0	0	0	0	0	0	0	0	0	0	0	0	0	0	0	0	0	0	0	0	0	61	0	0	0	0	0	0	0	0	0	0	0	0	0	0	0	0	0	0	0	0	0	122	0	0	0	0
f679	0	0	0	11	0	0	0	0	0	0	0	49206	668	0	183	0	0	0	0	0	430	0	0	0	0	0	0	2618	6	0	0	7413	0	0	5	0	0	15	214	0	0	0	0	25	0	21	0	17	26	0	6	0	0	0	0	0	0	0	0	0	64	0	0	0	0	0	19	0	0	902	0	0	574	29	0	0	0	0	0	0	0	81	0	21	0	6	0	0	0	0	3	0	0	0	0	0	0	0	0	0	0	0	0	0	0	0	79	0	0	27	0	0	0	0	0	0	0	0	23	127	0	0	0	0	0	13	0	60	0	3061	3065	0	0	0	0	56	0	848	0	0	0	0	0	0	0	0	63	0	0	8367	0	0	416	704	0	0	0	0	0	101	0	0	96	19	0	0	66	0	0	0	0	19	0	0	0	0	0	0	0	0	0	0	0	0	0	19	0	2	0	0	0	4	5	0	0	0	6	0	0	12	0	0	0	3	0	11	10	0	40	0	50	0	0	0	0	0	0	50	0	0	0	0	0	12	0	0	0	0	0	0	0	0	7	0	0	0	0	21	0	0	0	0	0	0	0	0	0	0	0	0	0	0	0	0	0	0	0	0	373	0	0	0	0	0	0	0	0	0	0	0	0	0	0	7	0	0	0	0	0	0	0	0	0	0	0	0	0	0	0	0	0	0	0	0	0	0	0	0	0	0	10	0	0	0	24	0	8	0	0	0	0	0	0	11	0	0	0	0	0	0	90	0	0	0	0	0	0	0	0	0	0	0	0	0	24	0	0	157	0	0	0	0	0	0	0	0	0	0	0	0	0	13	0	0	0	0	0	0	0	0	0	0	0	0	0	0	0	0	0	0	0	0	0	0	0	75	0	0	0	0	0	0	0	0	0	0	0	0	0	0	0	0	6	0	0	0	0	147	0	0	0	0
f680	0	0	0	20	0	10	0	0	0	0	0	39556	608	0	222	0	0	28	0	0	375	0	0	0	7	0	0	1825	0	0	15	6622	0	0	0	0	0	22	289	0	0	0	0	61	0	12	0	9	13	10	0	0	0	0	0	0	0	0	0	0	42	0	4	0	0	0	21	0	0	824	0	0	0	11	0	0	0	0	0	0	0	59	0	5	0	12	0	0	0	0	0	0	0	0	0	0	0	0	0	0	0	0	0	0	0	0	63	0	0	0	0	0	0	0	0	0	0	0	13	184	6	0	0	0	0	0	0	0	0	3555	1832	0	0	0	0	29	0	804	0	0	0	0	0	0	0	0	52	0	0	6185	0	0	409	1212	0	0	0	0	0	27	0	0	101	13	0	39	42	0	0	0	0	0	0	0	0	0	0	0	0	0	0	0	4	0	0	86	0	0	0	0	0	3	0	0	0	0	10	0	7	638	0	0	0	0	0	0	0	0	44	0	48	0	0	0	0	0	0	30	0	0	0	0	0	0	0	0	0	0	0	0	0	0	0	0	0	0	0	6	0	0	0	0	0	0	0	0	0	0	0	0	0	0	0	0	0	0	0	0	49	0	0	0	0	0	0	0	0	0	0	0	0	0	0	16	0	0	17	0	0	0	0	0	0	0	0	0	0	0	0	0	0	0	0	0	0	0	0	0	0	0	3	0	0	0	27	0	6	0	0	0	0	0	4	12	0	0	0	0	0	0	132	0	0	0	0	0	0	0	0	0	0	0	0	0	17	0	0	68	0	0	0	0	0	0	0	0	0	0	0	0	0	5	0	0	0	0	0	0	0	0	0	0	0	0	0	0	0	0	0	0	0	0	0	0	0	0	0	0	0	0	0	0	0	0	0	0	0	0	0	0	0	0	0	0	0	0	0	189	0	0	0	0
f706	0	0	0	24	11	0	0	50	11	0	0	61827	42	0	11	0	0	1247	0	0	60	0	50	0	17	0	0	75	0	0	0	3984	0	0	0	0	0	0	177	0	0	7	588	9	0	12	0	93	30	0	0	0	78	0	0	0	0	0	0	0	5	0	0	0	0	0	15	0	0	141	0	0	0	11	0	0	0	0	20	0	0	0	0	13	0	0	0	0	0	0	0	0	0	0	0	0	0	0	0	0	0	3	0	18	0	0	123	0	0	0	0	0	0	40	0	0	0	0	43	0	0	0	0	0	0	9	0	45	0	31	14	0	0	0	0	36	0	0	0	0	0	0	0	0	0	0	0	0	0	206	0	0	0	0	46	0	0	0	0	110	0	25	0	29	0	0	20	0	0	0	0	36	0	0	0	0	28	0	0	0	0	0	0	0	0	55	0	0	0	0	0	0	28	0	0	0	0	0	0	9	0	0	0	0	0	0	0	0	0	0	0	0	0	0	0	0	0	86	0	0	0	0	0	0	17	0	0	0	0	0	0	0	0	0	17	0	0	0	0	16	0	0	0	0	0	0	0	0	0	0	5	0	0	0	0	0	0	6	0	3	0	0	0	0	0	0	0	0	6	0	0	0	21	0	0	0	28	0	0	0	0	0	0	0	0	0	0	0	0	0	0	0	0	0	0	0	0	0	0	0	10	0	0	0	37	0	0	0	0	0	0	0	0	51	0	0	0	0	0	0	0	0	0	0	0	0	0	0	0	0	0	0	0	0	0	0	0	17	0	0	0	84	0	32	0	0	6	0	0	0	0	0	0	0	0	0	0	0	0	0	0	0	28	0	0	0	0	0	0	0	0	0	0	0	0	0	0	0	0	1026	0	0	0	0	17	0	0	0	6	0	0	0	0	0	0	0	17	9	0	0	0	0
f707	0	0	0	61	0	0	0	73	23	0	0	72114	132	0	51	0	0	396	0	0	41	0	120	0	6	0	0	133	0	0	3	2870	0	0	0	0	3	0	216	0	0	0	871	0	0	44	0	172	10	9	4	0	39	0	0	5	0	0	0	0	9	0	0	0	0	0	24	0	0	194	5	0	7	24	0	0	0	0	0	0	0	115	5	16	0	4	0	0	0	0	0	0	0	0	0	0	0	0	0	0	0	0	0	39	0	0	116	0	0	0	0	0	0	51	0	0	0	0	169	0	0	0	0	0	0	28	0	93	0	0	14	0	0	3	0	21	0	0	0	0	0	0	0	0	0	0	0	0	0	205	0	0	0	0	69	0	0	0	0	141	0	14	0	55	0	0	41	0	0	0	0	65	0	0	0	0	23	0	0	0	0	5	2	0	0	120	0	0	0	0	7	0	0	0	0	0	4	0	0	67	0	0	0	0	0	0	0	0	4	0	0	0	0	0	0	0	0	152	0	0	0	0	0	13	29	0	0	0	0	0	0	0	0	0	48	0	0	0	0	15	0	0	0	0	0	0	0	0	0	4	0	0	0	0	0	0	0	16	0	0	0	11	0	0	0	0	0	0	5	0	0	0	0	6	0	0	55	0	0	0	0	0	0	0	0	0	0	0	0	0	0	0	0	0	0	0	0	0	0	0	0	2	0	0	71	0	0	0	3	0	0	0	0	88	0	0	0	0	0	0	0	0	0	0	0	0	0	0	0	0	0	0	0	0	0	0	0	28	0	49	0	72	0	35	0	0	0	0	0	0	0	0	0	0	0	0	0	0	0	0	0	0	19	0	0	0	0	0	0	0	0	0	0	0	0	0	6	0	0	99	0	0	0	0	14	0	0	0	0	0	0	0	0	0	0	0	10	10	0	0	0	0
f708	0	0	0	123	41	12	0	86	27	0	0	64263	143	0	77	0	0	530	0	0	76	0	231	0	22	0	0	139	0	0	0	2706	0	0	0	0	0	0	235	0	0	0	1588	18	0	86	0	221	66	13	0	0	120	0	0	12	3	0	0	0	42	0	0	0	0	0	60	0	0	255	0	0	3	19	0	0	0	0	14	0	0	117	0	62	0	6	0	0	0	0	0	0	0	0	0	0	0	0	0	0	0	2	0	42	0	0	220	0	0	15	0	0	0	141	0	6	0	0	190	13	0	0	0	0	0	47	0	135	0	74	20	0	0	0	0	35	0	16	3	0	0	10	0	0	0	3	0	0	0	226	5	0	0	0	72	0	0	0	0	250	0	14	0	113	0	0	19	0	0	0	0	119	0	0	0	0	15	0	0	0	0	11	0	0	0	388	0	0	0	0	19	0	13	0	0	0	20	0	0	55	0	0	0	0	0	0	0	0	19	25	0	0	0	0	0	2	0	275	0	0	0	0	6	0	44	0	0	0	0	0	0	0	0	0	23	0	9	0	0	22	0	0	0	0	0	0	0	0	0	0	0	0	0	0	0	0	0	0	45	0	0	7	0	0	0	0	10	0	10	0	0	0	23	20	0	0	112	0	0	2	0	0	0	0	0	0	0	0	0	0	0	0	0	0	0	0	0	0	0	0	9	8	0	13	66	0	9	0	0	0	0	0	0	116	0	0	0	0	0	0	0	0	0	0	0	0	13	0	2	0	0	0	0	0	0	0	0	14	0	0	0	180	0	88	0	37	56	0	0	0	0	5	0	0	0	0	0	0	0	0	0	0	90	0	0	0	0	0	0	0	0	0	0	0	0	0	0	0	0	0	0	0	0	0	0	0	0	0	0	0	0	0	0	6	0	0	18	32	0	0	0	0
f710	50	0	0	179	42	0	0	348	83	0	0	41826	204	0	188	0	0	924	7	0	83	0	171	0	22	0	0	77	12	5	43	1845	0	84	0	0	0	0	837	0	0	257	1588	194	0	101	8	145	47	3	30	0	148	0	0	30	0	577	0	0	62	0	0	0	0	21	54	0	0	329	0	0	64	30	0	0	0	0	2	0	0	107	0	31	0	0	0	0	0	0	97	0	39	0	29	6	122	0	0	0	0	2	58	84	9	68	180	0	0	17	2	26	0	127	0	0	0	0	135	120	28	245	0	485	5	32	0	159	0	196	31	68	41	0	0	157	0	21	121	0	10	6	18	0	0	0	0	0	0	307	0	0	0	0	533	38	0	14	0	147	0	4194	0	55	8	0	22	0	0	0	29	85	31	0	0	0	149	2	2	0	0	159	0	39	0	1191	4	0	0	0	0	2	22	0	0	53	7	0	6	394	0	42	87	48	0	0	0	8	6	334	6	0	5	17	0	0	0	146	0	0	0	0	0	720	0	0	0	108	0	0	0	5	0	0	8	27	0	24	50	26	0	0	4	2	10	0	0	0	0	0	0	0	0	0	0	0	0	0	36	0	0	0	0	15	3	0	282	0	21	0	0	20	41	65	0	0	56	0	6	43	0	21	0	0	0	0	0	8	0	0	0	4	3	0	26	0	0	0	0	11	8	0	0	5	94	0	44	0	0	0	0	0	0	76	0	0	0	0	0	0	114	0	0	0	2	0	0	5	0	0	0	0	0	0	0	35	0	17	14	0	0	209	0	316	0	77	46	0	15	0	35	0	0	0	0	0	0	12	0	78	0	0	53	0	8	9	82	0	0	7	0	0	0	7	0	3	0	0	0	318	0	0	0	0	38	0	0	0	0	0	0	0	0	514	0	0	20	29	0	0	0	0
f21	4	0	0	259	77	0	0	81	113	37	0	42717	438	0	70	0	9	258	0	0	975	0	16	0	0	96	0	875	0	0	350	382	3	4439	0	4	0	0	791	0	24	39	30	27	0	163	3	98	0	0	21	0	0	0	0	0	4	32	0	0	14	0	4	0	0	138	11	0	0	648	0	0	419	0	0	0	17	0	0	0	0	0	0	25	0	46	0	19	0	0	37	0	2	0	69	0	10084	0	0	0	0	0	64	0	12	5	131	4	115	0	0	19	0	0	0	0	3	0	0	55	55	202	0	0	0	0	0	125	0	575	156	135	66	18	0	0	0	355	226	0	0	0	14	0	2	0	2	0	0	7351	0	0	80	16	453	0	0	32	0	88	0	0	12	0	7	0	0	0	0	0	23	171	440	0	0	0	0	2	0	13	0	0	0	0	13	80	0	8	0	22	0	0	7	0	0	0	0	12	0	7	0	0	0	5	0	0	0	11	33	16	28	0	0	0	0	0	0	44	0	0	0	0	2	39	0	0	0	109	0	0	0	0	0	0	0	10	0	4	38	0	4	0	0	180	4	0	0	0	0	0	6	0	0	3	0	0	0	0	168	0	0	0	0	32	0	0	0	0	0	0	0	28	0	8	0	0	0	8	40	0	0	0	0	0	0	0	0	0	0	0	12	5	0	0	0	0	0	0	0	0	0	0	0	0	31	0	20	8	0	0	0	0	0	34	0	0	0	0	0	0	862	0	0	0	0	0	0	13	0	0	0	0	0	28	0	0	96	143	0	0	0	0	0	0	0	0	0	0	0	0	52	0	30	0	0	0	0	0	0	0	0	0	0	0	0	2	0	0	84	0	0	49	0	0	0	0	0	0	0	0	0	0	0	0	0	0	0	0	0	0	37	0	0	1167	0	0	0	129	0	0	0	0
f22	0	0	0	0	0	0	154	0	0	0	0	81812	41	0	0	0	0	37	0	0	1467	0	0	0	0	0	0	1210	0	0	0	81	0	29	0	0	0	0	0	0	0	0	0	0	24	0	0	0	0	0	0	0	0	0	0	0	0	0	0	0	0	0	0	0	27	0	0	0	0	84	40	4	0	0	0	0	0	0	0	0	0	0	0	0	0	0	0	0	0	0	0	0	0	0	0	0	6	0	0	0	16	0	0	0	0	0	0	0	0	0	0	0	0	0	0	0	0	0	0	61	17	0	0	0	0	0	0	0	0	126	35	0	10	0	0	8	0	0	45	0	0	0	0	35	0	0	0	0	0	2529	0	0	10	8	85	0	0	0	0	55	0	0	0	0	0	0	0	0	0	0	0	0	0	0	0	0	0	0	0	0	0	0	0	0	0	0	0	0	0	0	0	4	0	0	0	0	0	73	0	17	0	0	0	0	0	0	0	23	0	6	8	0	0	0	0	0	0	6	0	0	0	0	0	30	0	0	0	0	0	0	0	0	0	0	0	0	0	0	0	0	0	0	0	0	0	0	0	0	0	0	0	0	0	0	0	0	0	0	0	0	0	0	0	0	0	6	0	0	0	0	0	0	0	0	0	0	0	0	0	0	0	0	0	0	0	0	0	0	0	0	0	0	0	0	0	0	0	9	0	0	0	0	0	0	0	0	44	0	0	0	0	0	0	0	12	0	0	0	0	0	25	0	0	22	0	0	0	0	0	0	0	0	0	0	0	0	0	160	0	0	0	0	0	0	0	0	0	0	0	0	0	0	0	0	0	0	0	0	0	0	0	0	0	0	0	0	0	26	0	0	0	0	0	0	0	2	0	0	0	0	0	0	0	0	0	0	0	0	0	0	0	0	0	0	0	0	0	0	0	0	0	0
f23	0	0	0	0	40	0	0	0	0	0	0	65482	177	0	38	5	0	507	0	0	3266	0	0	0	0	0	0	1496	0	0	0	151	0	39	0	0	0	0	0	0	0	0	0	0	0	0	0	59	0	0	0	0	0	0	0	0	0	0	0	0	0	0	0	0	0	0	5	0	0	248	0	0	0	0	0	0	0	0	4	0	0	18	0	12	0	0	0	0	0	0	0	0	0	0	0	0	0	0	0	0	0	0	0	0	0	0	68	0	0	0	0	0	0	0	0	0	0	0	0	72	0	0	0	0	0	0	0	25	0	349	169	0	19	3	0	0	0	147	0	0	0	0	0	0	0	0	0	0	0	19041	3	0	131	10	223	0	0	0	0	181	0	0	12	0	0	0	0	0	0	0	0	58	0	0	0	0	0	0	0	0	0	0	0	0	0	0	0	0	0	0	0	0	3	0	0	0	0	0	0	0	0	0	0	5	0	0	0	4	0	0	8	0	0	0	0	0	0	25	0	0	0	0	0	5	0	0	0	0	0	0	0	0	0	0	0	0	0	0	0	0	0	0	0	0	0	0	0	0	0	0	0	0	0	0	0	0	0	0	21	0	0	0	0	0	0	0	0	0	0	0	0	0	0	0	0	0	0	0	0	0	0	0	0	0	0	0	0	0	0	0	0	0	0	0	0	0	0	0	0	0	0	0	0	0	0	0	0	0	0	0	0	0	0	16	0	0	0	0	0	0	0	3	0	0	0	0	0	0	0	0	0	0	0	0	0	0	0	391	0	0	0	0	0	0	0	0	0	0	0	0	0	0	0	0	0	0	0	0	0	0	0	0	0	0	0	0	0	0	0	0	0	0	0	0	0	0	0	0	0	0	0	0	0	0	0	0	0	0	0	0	0	0	0	0	0	0	0	233	0	0	0	0
f24	0	0	0	1083	115	71	3	369	0	9	13	2204	2484	0	1223	0	7	2167	0	84	328	0	163	0	33	14	0	2616	49	0	79	590	0	432	4	0	0	51	677	0	0	563	379	44	0	175	138	797	0	0	72	0	0	0	0	166	0	291	0	0	298	0	2	0	0	99	540	0	0	3254	43	0	711	0	0	28	0	9	4	0	0	1347	0	161	0	641	0	0	3	52	303	0	392	6	1009	0	190	0	0	0	15	0	1393	52	49	17	1253	133	275	23	0	4	5	855	0	0	0	0	102	115	140	1931	0	164	0	210	11	248	0	2206	42	359	59	21	0	73	0	776	164	0	152	127	8	0	9	74	10	3	0	1909	0	0	960	3426	501	0	0	229	2	25	0	0	5	1007	5	0	0	0	0	0	2011	2062	854	0	0	3	0	6	5	9	0	0	39	0	17	415	8	193	0	0	83	0	118	0	22	4	128	0	35	396	8	0	374	83	0	0	0	134	39	48	34	0	0	94	0	0	0	488	0	29	0	0	4	4551	0	10	0	179	0	0	0	46	0	91	0	0	0	0	167	207	186	0	0	15	35	3	35	0	0	0	0	0	0	0	5	0	0	31	262	0	0	32	4	0	0	0	0	0	39	0	0	26	449	199	0	0	440	11	95	78	0	0	0	3	0	0	0	7	0	0	0	57	0	53	100	0	0	0	0	0	238	9	0	709	89	0	48	559	0	0	0	0	0	60	0	0	0	0	0	27	628	0	0	0	3	4	18	28	0	0	0	0	0	13	0	6	31	62	0	0	0	27	0	0	2	0	21	17	6	0	112	0	17	0	0	8	0	11	0	55	7	0	0	0	129	0	4	0	10	22	0	0	0	0	0	73	0	0	0	0	1053	0	0	0	0	4	0	0	0	0	0	0	0	943	4	13	0	588	4	0	9	0
f25	0	0	0	0	0	0	43	0	0	0	0	384	7	0	0	0	0	0	0	0	43	0	0	0	0	0	0	0	0	0	0	289	0	229	0	0	0	0	15	0	0	0	0	1420	0	0	0	0	3	0	0	0	0	0	0	0	0	0	0	0	0	0	0	0	0	0	0	0	0	0	112	0	0	0	0	209	0	0	0	0	0	0	0	0	0	0	0	20	0	0	0	0	0	0	0	0	0	0	0	0	0	0	0	0	0	0	0	0	0	0	0	0	0	0	0	0	0	0	0	0	87	0	0	0	0	0	0	0	0	240	20	56	0	0	0	164	0	0	0	0	0	0	0	186	0	0	0	0	0	223	0	0	0	0	0	26	0	0	0	0	0	0	0	0	0	0	0	0	0	0	0	0	0	0	0	0	0	0	0	0	0	0	0	0	0	0	0	0	0	0	0	0	533	0	0	0	0	0	0	0	0	0	0	0	0	0	0	396	38	0	0	0	0	0	0	0	7	1477	0	0	0	0	0	309	0	0	0	0	0	0	0	0	0	0	0	0	134	79	0	0	0	0	0	0	0	0	0	0	0	0	0	0	0	0	0	0	0	0	0	0	0	0	0	0	0	0	0	0	0	0	0	0	0	28	0	0	0	0	31	0	0	0	17	0	0	0	0	0	0	0	0	0	0	0	0	0	0	0	0	0	0	0	0	0	0	0	0	0	0	0	0	0	0	0	0	0	0	0	0	0	0	0	0	0	0	0	0	0	0	0	0	0	0	3318	0	0	0	13	0	0	0	0	93	0	0	0	0	0	0	0	0	0	0	0	0	0	0	0	17	0	0	0	0	0	0	0	0	0	0	0	0	688	0	0	111	0	0	0	0	0	0	0	0	0	0	0	0	0	0	0	0	0	243	0	0	0	0	0	0	0	0	0
f26	13	0	0	516	81	0	0	214	342	30	0	1583	908	0	208	0	19	872	0	3	178	0	200	0	3	170	0	777	0	0	652	572	0	9909	4	4	0	11	1883	0	122	84	152	45	0	318	5	190	0	0	67	0	0	0	5	0	0	1131	0	0	102	0	0	0	0	157	21	0	0	1392	17	0	841	0	0	0	18	0	11	0	0	73	0	59	0	124	0	0	0	0	115	0	21	0	1339	0	14875	0	0	0	0	0	125	143	8	26	225	22	137	0	0	91	0	35	0	0	2	15	365	539	87	657	0	11	0	12	25	249	0	2267	0	212	232	70	0	104	0	1226	670	0	38	0	54	0	8	0	0	0	0	493	3	20	262	39	322	14	0	114	0	71	0	0	12	27	24	5	0	0	0	0	99	451	1042	0	0	0	0	10	0	32	0	0	17	0	29	312	0	0	0	36	0	3	159	0	9	0	10	0	98	74	0	0	75	14	0	0	4	28	32	185	40	0	0	14	0	0	0	187	0	0	0	2	9	280	0	5	0	382	0	0	0	0	0	0	0	9	0	25	114	0	15	8	0	164	15	0	6	0	0	0	0	0	0	0	0	5	0	0	213	0	0	0	0	50	0	0	0	0	267	0	0	65	0	24	0	0	8	11	83	4	0	0	0	0	0	0	0	0	0	0	14	50	0	0	10	0	0	0	0	9	0	0	0	0	80	0	20	0	0	0	21	0	0	73	0	0	0	0	0	0	2450	0	0	0	0	0	0	0	0	0	0	2	0	19	0	0	191	21	0	0	0	22	0	48	0	0	0	0	8	0	194	0	103	0	0	6	0	0	0	41	0	0	0	0	28	0	0	0	189	16	0	29	10	0	0	100	0	0	0	0	24	0	0	0	0	0	0	0	0	0	7	0	0	2480	0	0	0	404	3	0	0	0
f27	0	0	0	201	302	0	19	180	0	0	0	596	8315	0	81	0	0	1407	0	0	298	0	15	0	0	58	8	3529	0	0	91	84	0	2018	5	0	0	0	1980	0	127	0	3734	0	29	160	132	1024	0	0	84	0	0	0	0	0	0	26	0	0	0	0	0	0	0	53	0	0	0	2730	109	0	117	114	0	0	0	0	0	0	0	100	0	284	0	0	0	8	0	46	0	0	107	0	286	0	1293	0	0	0	0	0	0	71	0	0	199	0	282	33	0	0	0	0	0	0	0	30	0	385	0	118	0	17	0	27	0	39	0	871	0	226	76	49	0	47	0	3109	94	0	0	0	30	0	0	0	0	0	3	860	0	0	225	0	1644	0	0	0	0	0	0	0	0	0	24	0	0	0	0	0	0	1151	539	0	14	0	0	7	3	0	0	0	0	0	0	1242	0	0	0	28	0	0	18	0	0	0	86	475	167	3	0	0	104	165	0	0	0	0	34	0	180	0	0	0	0	49	0	27	0	0	0	0	0	0	0	0	0	566	0	20	0	0	0	0	0	0	0	0	44	0	0	0	0	0	387	0	0	0	0	0	0	75	0	0	0	0	0	0	699	0	0	0	0	0	0	0	0	0	133	0	0	0	0	0	0	0	19	31	306	112	0	0	0	0	0	0	0	0	0	6	0	0	0	0	0	19	0	0	0	8	0	0	0	0	0	0	13	0	0	0	0	0	0	167	0	0	0	0	0	0	659	0	124	0	0	0	0	0	0	0	0	0	0	0	0	0	0	25	0	0	0	0	0	0	0	0	0	0	0	0	0	0	0	0	0	0	65	0	0	79	0	0	0	0	0	0	0	0	64	0	0	0	0	0	0	12	0	0	0	0	0	0	0	0	0	0	0	21	0	0	0	0	0	1206	0	0	0	1431	0	0	0	0
f28	0	0	0	31	44	0	0	50	0	0	0	56875	552	0	117	0	5	1522	0	0	3738	0	48	0	0	0	0	1378	0	0	22	934	0	220	0	0	0	0	109	0	15	0	224	14	0	13	30	147	0	0	5	3	0	0	0	0	0	15	0	0	0	0	0	0	0	0	7	4	0	1247	4	0	34	0	0	0	0	0	5	0	0	45	0	95	0	10	0	0	0	0	20	0	11	0	228	0	788	0	0	0	0	0	41	48	0	15	236	0	34	0	0	0	0	0	0	0	0	0	0	484	0	128	0	0	0	0	0	61	0	2934	1087	0	12	19	0	11	0	533	18	0	0	0	0	0	3	0	8	0	0	12637	0	0	422	19	270	0	0	0	0	135	0	0	30	12	0	0	0	0	0	0	0	268	196	0	0	0	0	0	0	0	0	0	5	0	2	39	0	19	0	0	0	3	0	0	0	0	0	0	0	66	0	0	0	0	0	0	0	0	11	0	27	0	0	0	0	4	0	23	0	0	0	0	0	41	0	0	0	19	0	0	0	0	0	0	0	0	0	0	63	0	0	0	0	0	13	0	0	0	0	0	0	0	0	0	0	0	0	0	99	0	0	0	0	0	0	0	0	0	17	0	0	3	0	0	0	0	18	0	165	0	3	0	0	0	0	0	0	0	8	0	0	0	0	0	0	0	0	0	0	0	0	0	0	0	0	0	0	21	0	0	0	0	0	21	0	0	0	0	0	0	117	0	0	0	0	0	0	0	0	0	0	0	0	0	0	0	0	268	0	0	0	0	0	0	0	0	0	0	0	0	0	0	0	0	0	0	0	3	0	0	0	0	0	0	0	0	0	0	0	0	0	0	0	0	0	8	0	0	0	0	0	0	0	0	0	0	0	0	0	0	0	0	0	568	0	0	0	576	0	0	0	0
f29	0	0	0	0	0	0	0	0	0	0	0	81307	34	0	0	0	0	150	0	0	374	0	0	0	0	0	0	1855	0	0	0	467	0	33	0	0	0	0	0	0	0	0	0	0	0	0	0	9	0	5	0	0	0	0	0	0	0	0	0	0	0	0	0	3	0	0	7	0	0	91	0	0	0	0	0	0	0	0	0	0	0	0	0	0	0	0	0	0	0	0	0	0	0	0	22	0	0	0	0	0	0	0	0	0	0	0	0	0	0	0	0	0	0	0	0	0	0	0	0	135	0	0	0	0	0	0	0	0	0	331	56	0	0	0	0	4	0	0	0	0	0	0	0	0	0	0	0	0	0	1542	0	0	111	3	63	0	0	0	0	116	0	0	8	0	0	0	0	0	0	0	0	32	0	0	0	0	0	0	0	0	0	0	0	0	0	0	0	0	0	0	0	0	0	0	0	0	0	0	0	0	0	0	0	0	0	0	0	0	0	0	0	0	0	0	0	0	0	4	0	0	0	0	0	7	0	0	0	0	0	0	0	0	0	0	0	0	0	0	0	0	0	0	0	0	0	0	0	0	0	0	0	0	0	0	0	0	0	0	3	0	0	0	0	0	0	0	0	0	0	0	0	0	0	0	0	0	0	0	0	0	0	0	0	0	0	0	0	0	0	0	0	0	0	0	0	0	0	0	0	0	0	0	0	0	0	0	0	24	0	0	0	0	0	3	0	0	0	2	0	0	0	0	0	0	0	0	0	0	0	0	0	0	0	0	0	0	0	803	0	0	0	0	0	0	0	0	0	0	0	0	0	0	0	0	0	0	0	0	0	0	0	0	0	0	0	0	0	0	0	0	0	0	0	0	0	0	0	0	0	0	0	0	0	0	0	0	0	0	0	0	0	0	0	3	0	0	0	72	0	0	0	0
f30	0	0	0	10	9	0	0	4	0	3	0	45821	171	0	5	0	0	257	0	0	14344	0	8	0	0	0	0	350	0	0	0	54	0	42	0	0	0	0	0	0	0	0	0	0	0	0	0	65	0	19	0	0	0	0	0	0	8	16	0	0	0	0	0	0	0	0	5	0	0	176	2	0	0	0	0	0	0	0	0	0	0	0	0	20	0	5	0	0	0	0	0	0	0	0	21	0	19	0	0	0	0	0	0	0	0	0	69	0	0	0	0	0	0	0	0	0	0	0	0	18	0	0	0	0	0	0	0	0	0	101	450	0	0	6	0	0	0	140	0	0	0	0	0	0	0	0	0	0	0	18970	0	0	147	0	17	0	0	0	0	56	0	0	0	0	0	0	0	0	0	0	0	62	0	0	0	0	0	0	0	0	0	0	0	0	0	0	0	0	0	0	0	0	0	0	0	0	0	0	7	0	0	0	0	0	0	0	0	0	0	0	15	0	0	0	0	0	0	0	0	0	0	0	0	15	0	0	0	0	0	0	0	0	0	0	0	0	0	0	0	0	0	0	0	0	0	0	0	0	0	0	0	0	0	0	0	0	0	0	4	0	0	0	0	0	0	0	0	0	0	0	0	0	0	0	0	0	0	0	0	0	0	0	0	0	0	3	0	0	0	0	0	0	0	0	0	0	0	0	0	0	0	0	0	0	0	0	0	0	0	0	0	0	0	14	0	0	0	0	0	0	0	0	0	0	0	0	0	0	0	0	0	0	0	0	0	0	0	695	0	0	0	0	0	0	0	0	0	0	0	0	0	0	0	0	0	0	0	0	0	0	0	0	0	0	0	0	0	0	0	0	0	0	0	0	0	0	0	0	0	0	0	0	0	0	0	0	0	0	0	0	0	0	0	6	0	0	0	178	0	0	0	0
f51	0	0	0	0	96	0	14	0	0	0	0	62300	782	0	159	0	0	650	0	0	238	0	256	0	0	4	0	807	0	0	0	1217	0	179	0	0	0	0	0	0	0	0	0	0	0	81	0	64	0	0	9	0	0	0	0	0	0	190	0	0	0	0	0	11	0	0	9	0	0	1767	64	0	0	0	0	0	0	0	0	0	0	0	0	147	0	0	0	0	0	0	0	0	0	0	351	0	0	0	0	0	0	0	0	0	0	0	910	13	0	0	0	0	0	0	0	0	0	0	0	320	0	0	0	21	0	0	0	164	0	1183	106	0	264	5	0	72	0	643	0	0	0	0	0	16	0	0	0	0	0	5860	0	0	50	0	103	0	0	0	0	44	0	0	0	5	0	0	0	0	0	0	0	194	0	0	0	0	0	0	0	0	0	0	0	0	0	3	0	0	0	0	0	0	0	0	0	0	57	17	383	1228	0	0	54	0	0	0	0	0	19	0	30	0	0	0	0	31	0	200	0	0	0	0	37	93	0	0	3	0	0	0	0	0	0	0	0	0	0	0	0	17	0	0	0	0	0	0	0	0	0	0	0	0	0	0	0	0	0	0	130	0	0	0	0	0	0	0	0	0	188	0	0	0	0	0	0	0	169	0	55	0	0	0	0	0	0	113	0	0	0	0	0	0	0	0	0	0	0	0	0	0	0	0	0	0	0	0	0	119	0	0	0	0	0	0	0	0	0	0	0	0	0	0	0	6	0	0	0	0	0	0	0	0	0	0	0	0	0	23	0	0	0	0	0	82	0	0	0	0	0	0	0	0	0	0	0	0	0	0	0	0	0	0	0	10	0	0	0	0	0	0	0	0	0	0	0	50	0	0	0	0	0	0	0	0	0	0	0	0	0	0	0	0	0	0	0	0	0	615	0	0	0	0
f81	4	0	0	173	54	0	0	146	126	8	0	832	731	12	186	19	12	1056	0	0	151	0	54	0	3	13	0	376	0	0	257	237	2	4370	0	0	0	0	459	0	26	55	97	30	0	78	4	127	0	0	44	0	0	0	0	2	0	394	0	0	99	0	0	0	0	63	19	0	0	961	0	4	497	0	0	0	10	0	8	0	0	37	0	35	0	24	0	0	0	0	41	0	23	0	613	0	3131	0	0	0	9	0	110	0	0	0	224	62	36	0	0	35	0	65	0	0	0	0	8	333	116	184	0	75	0	0	0	464	0	6034	24	46	118	0	0	39	0	563	154	0	41	0	24	0	5	0	3	155	0	338	0	0	71	0	92	0	0	47	0	19	0	0	141	10	60	0	0	0	6	0	34	205	701	0	0	0	0	2	16	0	0	0	0	0	6	78	0	0	0	3	0	0	48	0	10	0	15	10	13	226	11	0	112	8	0	0	0	419	22	113	72	0	0	9	0	9	3	167	0	4	0	0	0	25187	0	0	0	213	0	0	0	0	0	15	0	0	0	0	54	0	0	0	0	56	16	0	0	0	0	0	0	0	0	0	0	0	0	0	87	0	0	0	0	14	0	0	0	0	137	0	7	17	0	14	0	0	10	11	83	2	0	0	0	0	0	0	0	0	0	5	0	80	0	0	12	0	0	0	0	0	17	0	0	9	19	0	58	22	0	0	0	0	0	38	0	0	0	0	0	0	787	0	0	0	0	0	0	4	0	0	0	0	0	0	0	0	52	24	0	0	0	0	0	2	0	0	3	0	0	0	130	0	45	0	4	0	0	0	0	22	6	0	0	0	11	0	0	0	50	21	0	0	0	0	0	146	0	0	0	0	18	0	0	0	0	0	0	0	0	0	0	0	0	1186	0	0	0	318	0	0	0	0
f82	0	0	0	216	101	0	0	54	90	0	0	20826	896	0	306	0	18	1268	0	0	1313	0	286	0	6	6	0	1519	0	0	186	783	2	4431	0	0	0	28	435	0	17	19	104	67	0	133	0	252	6	0	22	0	22	0	0	3	0	3549	0	0	34	0	2	0	0	45	25	0	0	1435	3	0	463	0	0	237	0	0	5	0	0	87	0	114	0	64	0	0	0	0	12	0	33	0	1560	2	2006	0	0	0	0	0	129	19	5	6	612	12	85	0	0	0	0	0	0	0	0	0	32	352	40	384	0	0	0	18	0	107	0	2634	54	77	74	26	0	24	0	748	106	0	33	0	20	0	32	0	8	0	0	3135	0	0	192	18	177	0	0	55	0	1129	0	0	21	33	11	0	0	0	0	0	326	387	762	0	0	0	0	0	0	0	0	0	9	0	8	57	0	43	0	0	0	0	14	0	0	0	23	0	44	84	0	0	68	21	0	0	5	9	26	92	42	0	0	2	0	13	0	202	0	0	0	0	0	97	0	0	0	174	0	0	0	0	0	37	0	0	0	0	16	21	8	0	0	80	9	0	0	0	0	0	0	0	0	0	0	0	0	0	204	0	0	0	2	0	0	0	0	0	74	0	0	18	0	0	0	0	41	8	59	0	0	0	0	0	0	14	0	0	0	0	0	3	0	0	15	0	0	0	0	0	4	0	0	20	65	0	15	0	0	0	0	0	0	49	0	0	0	0	0	0	541	0	0	0	0	0	0	7	0	0	0	0	0	4	0	0	23	82	0	0	0	0	0	53	0	0	0	0	4	0	94	0	38	0	0	0	0	0	0	0	0	0	0	0	0	0	0	0	30	0	0	0	0	0	0	246	0	0	0	0	0	0	0	0	0	0	0	0	0	0	0	0	0	1542	0	0	0	484	0	0	0	0
f83	22	0	0	222	185	0	0	744	1012	0	0	10927	2432	0	314	0	28	1018	0	0	934	0	75	0	5	101	0	919	0	0	946	934	0	7723	0	0	0	5	457	0	111	128	85	22	0	202	0	65	0	0	105	0	0	0	0	0	18	2062	0	0	500	0	0	0	0	397	38	0	0	1848	3	58	891	0	3	301	12	0	20	0	0	0	0	38	0	177	0	0	0	0	59	0	61	0	1218	0	8537	0	0	0	0	0	104	28	89	34	584	0	29	0	0	23	0	17	0	0	0	0	170	326	16	1313	0	0	0	0	0	321	0	2653	85	657	1599	19	14	168	0	510	708	0	167	0	24	0	110	7	15	0	0	1632	0	0	41	37	69	0	0	47	14	163	0	0	0	0	117	5	0	0	0	0	62	189	548	0	0	0	0	15	0	0	0	0	0	0	113	340	6	11	0	3	0	0	27	0	46	0	6	0	31	28	0	0	132	23	0	0	3	0	0	51	60	3	0	0	0	0	0	835	0	0	0	0	10	68	0	0	0	844	0	0	0	0	0	127	0	0	0	0	596	0	0	0	0	238	94	0	0	0	0	0	0	0	0	0	0	0	0	0	376	0	0	0	0	140	0	0	0	0	605	5	0	33	0	310	8	0	7	11	0	4	0	0	0	0	0	0	0	0	0	0	173	0	0	0	52	0	0	0	0	9	0	0	0	0	107	0	22	0	0	0	16	0	0	6	0	0	0	0	0	0	505	0	0	0	0	0	0	0	0	0	0	0	0	0	0	0	49	95	0	0	0	0	0	30	0	0	16	0	20	0	164	3	185	9	0	6	0	0	0	23	9	0	0	0	10	0	0	0	74	56	0	0	0	0	0	1530	0	0	0	0	0	0	0	0	0	0	0	0	7	0	0	0	0	4092	0	0	0	119	0	0	0	0
f84	0	0	0	0	5	0	3	0	0	0	0	57750	43	0	47	0	0	0	0	0	1812	0	0	0	0	0	0	1444	0	0	0	462	0	0	0	0	0	0	0	0	0	0	0	0	0	2	0	0	0	0	0	0	0	0	0	0	0	0	0	0	3	0	0	0	0	0	0	0	0	211	0	0	0	0	0	161	0	0	0	0	0	0	0	0	0	7	0	0	0	0	0	0	0	0	12	0	0	0	0	0	0	0	0	0	3	0	102	0	0	0	0	0	0	0	0	0	0	0	0	188	0	0	0	0	0	0	0	12	0	1449	207	0	0	0	0	6	0	95	0	0	0	0	0	0	0	0	4	0	0	3785	0	0	0	19	0	0	0	0	0	5412	0	0	0	0	0	6	0	0	0	0	0	0	0	0	0	0	0	0	0	0	0	0	0	0	0	0	0	5	0	0	0	0	0	0	0	0	0	0	0	3	0	0	0	0	0	0	0	0	0	0	24	0	0	0	0	0	0	38	0	0	0	0	0	7	0	0	0	0	0	0	0	0	0	0	0	0	0	0	0	0	0	0	0	0	0	0	0	0	0	0	0	0	0	0	0	0	0	0	53	0	0	0	0	0	0	0	0	0	0	0	0	0	0	0	0	0	0	0	0	0	0	0	0	0	0	0	0	0	0	0	0	0	0	0	0	0	0	0	0	0	0	0	0	0	0	0	0	0	0	0	0	0	0	0	0	0	0	0	0	0	0	0	0	0	0	0	0	0	0	0	0	0	0	0	0	0	0	263	0	0	0	0	0	0	0	0	0	0	0	0	0	0	0	0	0	0	0	0	0	0	0	0	0	0	0	0	0	0	0	0	0	0	0	0	0	0	0	0	0	0	0	0	0	0	0	0	0	0	0	0	0	0	0	0	0	0	0	4	0	0	0	0
f85	0	0	0	0	14	0	0	0	9	0	0	72187	104	0	99	0	3	89	0	0	1604	0	0	0	0	0	0	2787	0	0	0	4044	0	9	0	0	0	0	0	0	0	0	0	0	0	0	0	44	9	0	5	0	0	0	0	0	0	0	0	0	0	0	0	0	0	0	0	0	0	849	0	0	0	0	0	338	0	0	0	0	0	0	0	23	0	11	0	0	0	0	0	0	0	0	6	0	0	0	0	0	0	0	0	0	0	0	364	0	0	0	0	0	0	0	0	0	0	0	0	275	0	0	0	0	0	0	0	25	0	922	221	0	0	0	3	4	0	146	0	0	0	0	0	0	0	0	0	0	0	4789	0	0	0	23	14	0	0	0	0	207	0	0	4	0	0	0	0	0	0	0	0	0	0	0	0	0	0	0	0	0	0	0	3	0	0	2	0	6	0	0	0	0	6	0	0	0	0	0	0	0	0	0	0	0	0	0	2	0	0	0	124	0	0	0	0	0	0	93	0	0	0	0	0	0	0	0	0	0	0	0	0	0	0	0	0	0	0	0	0	0	0	0	0	0	0	0	0	0	0	0	0	0	0	0	0	0	0	0	85	0	0	0	0	0	0	0	0	0	0	0	0	0	0	0	0	0	0	0	0	0	0	0	0	0	0	0	0	0	0	0	0	0	0	0	0	0	0	0	0	0	0	0	0	0	0	0	0	0	0	0	0	0	0	0	0	0	0	0	0	0	0	0	0	0	0	0	0	0	0	2	0	0	0	0	2	0	0	96	0	0	0	0	0	0	0	0	0	0	0	0	0	0	0	0	0	0	0	0	0	0	0	0	0	0	0	0	0	0	0	0	0	0	0	0	0	0	0	0	0	4	0	0	0	0	0	0	0	0	0	0	0	0	0	0	0	0	0	88	0	0	0	0
f86	0	0	0	0	89	0	0	0	0	0	0	49396	415	0	320	0	0	30	0	0	4423	0	0	0	4	0	0	2659	0	0	5	2653	0	53	0	0	0	7	11	0	0	0	0	28	0	4	0	121	7	0	0	0	0	0	0	0	2	0	0	0	34	0	6	0	0	0	18	0	0	2050	0	0	0	0	0	1226	0	0	0	0	0	0	0	26	0	33	0	0	0	0	0	0	0	0	0	0	0	0	0	0	3	0	2	0	0	0	670	0	0	0	0	0	0	0	0	0	0	0	6	281	0	0	0	0	0	0	0	101	0	16793	155	0	34	0	8	81	0	508	0	0	0	0	0	0	0	0	15	0	0	3926	0	0	0	62	0	0	0	0	0	1483	0	0	0	6	0	0	0	0	0	0	0	25	0	0	0	0	0	0	0	0	0	0	11	0	0	0	0	20	0	0	0	0	33	0	0	0	22	0	0	4	0	0	0	0	0	0	0	5	6	0	195	0	0	0	0	0	0	392	0	0	0	0	6	0	0	0	0	0	0	0	0	0	0	0	0	0	0	12	0	0	0	0	0	0	0	0	0	0	0	0	0	0	0	0	0	0	0	0	344	0	0	0	0	0	0	0	0	0	23	0	0	0	0	0	0	0	0	0	0	0	0	0	0	0	0	0	0	0	0	4	0	0	0	0	0	0	0	0	0	0	0	0	0	19	0	0	20	0	0	0	6	0	0	0	0	0	0	0	0	0	0	0	0	0	0	0	0	0	0	0	0	0	0	0	4	0	0	192	0	0	0	0	0	0	0	0	0	0	0	0	0	0	12	0	0	0	0	10	0	0	0	0	0	0	0	0	0	0	0	0	0	0	0	0	0	0	0	0	0	0	0	0	0	0	0	0	0	0	0	0	0	0	0	6	0	0	0	92	0	0	0	0
f87	0	0	0	0	3	0	0	0	3	0	0	81360	80	0	51	0	0	71	0	0	1534	0	0	0	0	0	0	1722	0	0	0	1813	0	10	0	0	0	0	6	0	0	0	0	0	0	0	0	35	8	17	0	0	0	0	0	0	0	0	0	0	4	0	0	0	0	0	0	0	0	308	0	0	0	0	0	184	0	0	17	0	0	0	0	0	0	0	0	0	0	0	0	0	0	0	0	0	0	0	0	0	0	0	0	0	0	0	148	0	0	0	0	0	0	0	0	0	0	0	0	143	0	0	0	0	0	0	0	23	0	1861	178	0	0	0	0	7	0	80	0	0	0	0	0	0	0	0	3	0	0	2823	0	0	0	38	4	0	3	0	0	160	0	0	0	0	0	0	0	0	0	0	0	0	0	0	0	0	0	0	0	0	0	0	0	0	0	0	0	14	0	0	0	5	0	2	0	0	0	0	0	0	0	0	0	0	0	0	0	0	3	0	50	0	0	0	0	0	0	51	0	0	0	0	0	0	0	0	0	0	0	0	0	0	0	0	0	0	0	0	0	0	0	0	0	0	0	0	0	0	0	0	0	0	0	0	0	0	0	0	0	0	0	0	0	0	0	0	0	0	0	0	0	0	0	0	0	0	0	0	0	0	0	0	0	0	0	0	0	0	0	0	0	0	0	0	0	0	0	0	0	0	0	0	0	0	0	0	0	0	0	0	0	0	0	0	0	0	0	0	0	0	0	0	0	0	0	0	0	0	0	0	0	0	0	0	0	0	0	80	0	0	0	0	0	0	0	0	0	0	0	0	0	0	0	0	0	0	0	0	0	0	0	0	0	0	0	0	0	0	0	0	0	0	0	0	0	0	0	0	0	0	0	0	0	0	0	0	0	0	0	0	0	0	0	0	0	0	0	0	0	0	0	0
f88	0	0	0	239	97	3	0	133	260	4	0	24062	1100	0	392	0	6	782	5	4	1142	0	1227	0	15	91	0	1794	0	0	316	1583	0	3043	3	9	0	19	624	0	27	164	153	26	0	51	4	228	5	0	74	0	0	0	0	0	17	1526	0	0	202	0	0	0	0	117	32	0	0	2180	8	4	558	0	0	551	81	0	19	0	0	50	9	40	0	83	0	0	0	10	45	5	54	0	2411	0	2841	0	0	0	0	0	139	0	41	12	700	5	66	11	0	21	12	10	0	0	0	0	75	426	48	680	0	8	0	14	0	198	0	5534	63	255	162	27	0	654	0	946	178	0	31	0	10	0	7	8	0	0	0	1816	0	0	100	162	167	6	0	54	5	375	0	0	33	17	71	0	0	2	0	0	329	181	948	0	0	0	0	0	0	8	0	0	19	0	21	145	3	45	0	2	24	0	64	0	0	0	13	0	97	146	0	0	102	28	0	0	5	0	15	95	90	0	0	11	0	7	0	954	0	0	0	0	11	154	0	7	0	142	7	0	0	0	0	35	0	7	0	12	84	19	0	0	0	62	12	0	10	0	0	0	0	0	0	0	0	0	0	0	575	0	0	0	0	59	0	0	0	0	119	0	0	27	0	34	27	0	19	0	89	14	0	0	0	4	0	0	0	0	0	0	0	0	0	30	17	0	0	0	6	0	6	0	0	15	60	0	22	0	0	0	0	0	0	44	0	0	0	0	0	5	451	0	0	0	2	23	0	21	0	0	0	0	0	0	3	0	63	79	0	0	0	0	0	146	0	0	7	0	0	0	228	0	81	0	0	0	0	25	0	35	0	0	0	0	0	0	0	0	21	16	0	0	0	0	0	195	0	5	0	0	28	0	15	0	0	0	0	0	0	0	0	0	0	1882	0	0	0	185	0	0	0	0
f89	0	0	0	0	7	0	0	0	0	0	0	66125	19	0	0	0	0	8	0	0	10788	0	0	0	0	0	0	320	0	0	0	121	0	10	0	0	0	0	0	0	0	0	0	0	0	0	0	5	0	0	0	0	0	0	0	0	0	0	0	0	0	0	0	0	0	0	0	0	0	87	0	0	0	0	0	56	0	0	0	0	6	0	0	0	0	0	0	0	0	0	0	0	0	0	0	0	11	0	0	0	0	0	0	0	0	0	29	0	0	0	0	0	0	0	0	0	0	0	0	41	0	0	3	0	0	0	0	20	0	623	1559	0	0	0	0	0	0	0	0	0	0	0	0	0	0	0	0	0	0	16483	0	0	0	0	0	0	0	0	0	69	0	0	0	0	0	0	0	0	0	0	0	0	0	0	0	0	0	0	0	0	0	0	0	0	0	0	0	0	0	0	0	0	0	0	0	0	0	0	0	5	0	0	0	0	0	0	0	3	0	0	15	0	0	0	0	0	0	0	0	0	0	0	0	47	0	0	0	0	0	0	0	0	0	0	0	0	0	0	0	0	0	0	0	0	0	0	0	0	0	0	0	0	0	0	0	0	0	0	7	0	0	0	0	0	0	0	0	0	0	0	0	0	0	0	0	0	0	0	0	0	0	0	0	0	0	0	0	0	0	0	0	0	0	0	0	0	0	0	0	0	0	0	0	0	0	0	0	0	0	0	0	0	0	0	4	0	0	0	0	0	0	0	0	0	0	0	0	0	0	0	0	0	0	0	0	0	0	1192	0	8	0	0	0	0	0	0	0	0	0	0	0	0	0	0	0	0	0	0	0	0	0	0	0	0	0	0	0	0	0	0	0	0	0	0	0	0	0	0	0	0	0	0	0	0	0	0	0	0	0	0	0	0	0	0	0	0	0	0	0	0	0	0
f90	0	0	0	0	60	0	0	0	4	0	0	54892	288	0	165	10	0	218	0	0	1095	0	20	0	0	0	0	3947	0	0	0	2847	0	0	0	0	0	0	0	0	0	0	0	18	0	0	0	88	0	45	0	0	0	0	0	0	0	0	0	0	23	0	0	0	0	0	0	0	0	1044	0	0	0	0	0	622	0	0	15	0	0	0	0	19	0	19	0	0	0	0	0	0	0	0	0	0	0	0	0	0	0	0	0	0	0	0	594	0	0	0	0	0	0	0	0	0	0	0	0	61	2	0	0	0	0	0	0	67	0	230	292	0	47	0	0	0	0	198	0	0	0	0	0	27	0	0	16	0	0	2367	0	0	14	0	0	0	0	0	0	900	0	0	0	0	0	0	0	0	0	0	0	46	0	0	0	0	0	0	0	0	0	0	0	0	0	0	0	23	0	0	0	0	37	0	0	0	10	0	0	0	0	0	0	4	0	0	6	0	2	0	88	0	0	0	0	0	0	250	0	0	0	0	6	0	0	0	0	0	0	0	0	0	0	0	0	0	0	0	0	0	0	0	0	0	0	0	0	0	0	0	0	0	0	0	0	0	0	0	109	0	2	0	0	0	0	0	0	0	24	0	0	0	0	0	0	0	10	0	0	0	0	0	0	0	0	0	0	0	0	0	0	0	0	0	0	0	0	0	0	0	0	0	0	0	8	0	6	22	0	0	0	0	0	0	0	0	0	0	0	0	0	0	0	0	0	0	0	0	0	0	0	0	0	0	4	0	0	211	0	0	0	0	0	0	0	0	0	0	0	0	0	0	0	0	0	0	0	0	0	0	0	0	0	0	0	0	0	0	0	0	0	0	0	0	0	0	0	0	0	0	0	0	0	0	0	0	0	0	0	0	0	0	0	0	0	0	0	78	0	0	0	0
f651	0	7	0	34	0	0	0	0	0	0	0	64389	37	0	0	0	0	1076	0	0	800	0	477	0	0	0	0	3195	0	0	0	4631	0	0	0	0	0	0	11	0	0	0	79	30	0	9	0	23	0	0	3	0	112	4	0	7	0	0	0	0	8	0	0	0	0	5	0	0	0	100	0	0	15	0	0	0	0	0	3	0	0	83	0	4	0	0	0	0	0	0	0	0	0	0	0	0	0	0	0	0	0	0	0	0	0	0	114	0	0	0	0	0	0	0	0	0	0	0	29	287	0	0	0	0	0	10	0	18	0	242	2782	0	0	0	0	24	0	17	0	15	0	0	0	0	0	0	7	0	0	21979	0	0	118	10	47	0	0	0	0	369	0	0	185	12	0	27	0	0	0	0	0	35	0	0	0	0	15	0	0	0	0	0	0	0	0	17	0	16	0	0	3	0	0	0	0	0	0	0	8	25	0	0	0	0	0	0	0	0	0	0	0	0	0	0	0	0	0	44	0	0	3	0	0	5	0	0	0	2	0	0	0	0	0	0	5	0	0	0	0	0	41	0	0	0	0	0	0	0	0	0	0	0	0	0	0	0	0	0	7	0	0	0	0	0	0	0	0	0	0	0	0	0	15	12	0	0	14	0	0	0	0	0	0	0	0	0	0	0	0	0	0	0	0	0	0	0	0	0	0	0	7	0	0	0	32	0	0	0	0	0	0	0	0	10	0	0	0	0	0	0	0	0	0	0	0	0	0	0	0	0	0	0	0	0	0	0	0	129	0	0	0	0	0	0	0	0	16	0	0	0	0	0	0	0	0	0	0	0	0	0	0	0	3	0	0	0	0	0	0	0	0	0	0	0	0	0	0	0	0	0	0	0	0	0	0	0	0	0	0	0	0	0	0	0	0	0	0	63	0	0	0	0
f652	0	12	0	32	19	0	0	9	0	0	5	41579	164	0	18	0	0	154	0	0	1827	0	2	0	7	0	0	1768	0	0	7	3263	0	0	0	0	0	18	0	0	0	0	207	43	5	40	0	78	15	20	6	0	14	0	0	8	0	0	2	0	38	0	0	0	0	0	0	0	0	208	18	0	0	0	0	8	0	0	12	0	0	291	0	41	0	0	0	0	0	0	0	0	0	0	0	0	0	0	0	0	0	0	0	120	0	0	154	0	0	7	0	0	0	0	0	0	0	0	118	273	0	0	0	0	0	43	0	31	0	269	2857	0	0	0	0	51	0	91	0	0	0	7	0	0	0	0	8	0	0	8113	8	0	131	20	140	0	0	0	0	47	0	0	0	64	0	2938	0	0	0	0	0	70	0	0	0	0	2	0	0	0	0	0	0	0	0	382	0	0	2	0	10	0	13	0	0	0	48	0	79	121	0	0	15	7	0	0	0	0	7	0	20	0	0	0	0	6	0	112	0	0	0	0	0	47	0	0	0	0	0	0	0	0	0	0	0	0	0	0	0	0	113	0	0	0	0	0	0	0	0	0	0	0	0	0	0	0	0	0	17	0	0	0	0	0	0	0	0	0	0	0	4	0	79	36	0	0	152	0	9	0	0	0	0	0	0	0	0	6	0	0	0	0	0	0	0	0	0	0	0	0	48	13	0	13	0	10	4	0	0	0	0	0	0	42	0	0	0	0	0	0	0	0	0	0	0	0	16	0	0	0	0	0	0	0	0	0	0	18	0	10	0	0	0	0	0	0	24	0	0	0	23	0	0	0	0	0	0	0	0	0	0	0	27	0	0	0	0	0	0	0	0	0	0	0	0	0	0	0	0	0	0	0	0	0	0	0	0	0	0	0	0	0	0	0	0	0	0	110	0	0	0	0
f653	0	51	0	230	60	20	0	9	17	2	0	47454	349	0	39	0	0	723	0	0	3129	8	21	0	27	0	0	2996	8	0	8	5779	0	0	0	0	0	9	38	0	0	0	877	412	19	64	0	183	12	11	11	0	149	0	0	20	0	0	4	0	116	0	0	0	0	0	26	0	0	394	17	0	0	23	0	37	0	0	10	0	0	678	0	59	0	10	0	0	0	0	0	0	0	0	0	0	0	0	0	0	0	0	0	8	0	0	261	0	0	11	0	0	0	38	0	0	0	0	347	440	47	0	0	0	0	90	0	81	0	416	3318	0	0	0	0	262	0	166	0	10	0	5	0	0	0	0	23	0	0	16422	12	0	189	77	74	0	0	0	0	313	0	0	0	135	0	4	0	0	0	0	0	159	0	0	0	0	0	0	0	0	3	0	5	0	0	698	0	16	0	0	31	0	9	0	0	0	86	0	224	54	0	0	54	39	0	0	0	0	20	0	26	0	0	0	0	21	0	193	0	0	0	0	0	0	59	0	0	0	0	0	0	0	0	0	0	0	0	0	0	28	230	0	0	0	0	0	0	0	0	0	0	0	0	0	0	0	0	0	122	0	0	0	0	0	0	0	0	0	20	0	0	0	216	73	0	0	205	0	0	0	0	0	0	0	0	0	0	0	0	0	0	0	0	0	0	0	0	0	0	0	61	0	0	30	0	0	18	0	0	0	0	0	0	84	0	0	0	0	0	0	33	0	0	0	0	0	14	0	0	0	0	0	0	0	0	22	0	37	0	0	0	6	0	0	0	0	83	0	0	0	0	28	0	0	0	0	0	0	0	0	0	0	86	0	0	0	0	0	0	0	5	0	0	0	0	0	0	0	0	0	0	0	0	0	0	0	0	0	0	0	0	0	0	0	0	0	0	181	0	0	0	0
f654	0	18	0	205	28	0	0	12	17	0	0	49328	159	0	20	0	0	351	0	0	1935	0	7	0	0	0	0	2436	0	0	0	4325	0	3	0	0	0	6	14	0	0	0	390	84	9	34	0	149	12	0	8	0	57	0	0	30	0	0	0	0	105	0	0	0	0	0	12	0	0	294	6	0	8	19	0	19	0	0	0	0	0	381	0	43	0	14	0	0	0	0	0	0	0	0	0	0	0	0	0	0	0	0	0	0	0	0	158	0	7	0	0	0	0	0	0	0	0	0	193	252	42	0	0	0	0	43	0	41	0	312	2877	0	0	0	0	74	0	135	0	14	0	4	0	0	0	0	14	0	0	14575	0	0	163	0	45	0	0	0	0	91	0	0	7	79	0	0	16	0	0	0	0	121	0	0	0	0	7	0	0	0	0	0	6	0	0	179	0	11	0	0	14	0	0	0	0	0	52	0	171	0	0	0	21	11	0	0	0	0	11	0	13	0	0	0	0	10	0	128	0	0	6	0	7	0	52	0	0	0	0	0	0	0	0	0	0	0	0	0	0	11	139	0	0	0	0	0	0	0	0	0	0	0	0	0	0	0	0	0	128	0	0	0	0	0	0	0	0	0	0	0	0	0	123	41	0	0	87	0	0	0	0	0	0	0	0	0	0	0	0	0	0	0	0	0	0	0	0	0	0	0	46	15	0	11	0	0	0	0	0	0	0	0	0	42	0	0	0	0	0	0	0	0	0	0	0	0	7	0	0	0	0	0	0	0	0	0	0	36	0	0	4	0	0	0	0	0	47	0	0	0	0	16	0	0	0	0	0	0	0	0	0	0	54	0	0	0	0	0	0	0	0	0	0	0	0	0	0	0	0	0	0	0	0	0	0	0	0	0	0	0	0	0	0	0	0	0	0	95	0	0	0	0
f655	0	7	0	46	0	0	0	0	0	0	0	37181	68	0	16	0	0	116	0	0	3478	0	0	0	8	0	0	1114	0	0	6	1828	0	4	0	0	0	0	0	0	0	0	124	56	0	6	0	45	8	0	0	0	23	0	0	0	0	0	0	0	18	0	0	0	0	0	6	0	0	141	0	0	0	0	0	4	0	0	0	0	0	119	0	0	0	0	0	0	0	0	0	0	0	0	0	0	0	0	0	0	0	0	0	0	0	0	71	0	0	4	0	0	0	4	0	0	0	0	33	280	11	0	0	0	0	11	0	12	0	155	3039	0	0	0	0	50	0	33	0	0	0	0	0	0	0	0	7	0	0	19818	0	0	117	0	0	0	0	0	0	31	0	0	0	22	0	0	7	0	0	0	0	47	0	0	0	0	0	0	0	0	0	0	0	0	0	76	0	0	0	0	0	0	0	0	0	0	12	0	58	0	0	0	8	9	0	0	0	0	7	4	5	0	0	0	0	6	0	32	0	0	0	0	0	0	0	0	0	0	0	0	0	0	0	0	0	0	0	0	0	0	27	0	0	0	0	0	0	0	0	0	0	0	0	0	0	0	0	0	32	0	0	0	0	0	0	0	0	0	0	0	0	0	53	16	0	0	26	0	0	0	0	0	0	0	0	0	0	0	0	0	0	0	0	0	0	0	0	0	0	0	12	0	0	5	0	0	0	0	0	0	0	0	0	8	0	0	0	0	0	0	0	0	0	0	0	0	0	0	0	0	0	0	0	0	0	0	0	103	0	0	0	0	0	0	0	0	11	0	0	0	0	0	0	0	0	0	0	0	0	0	0	0	8	0	0	0	0	0	0	0	0	0	0	0	0	0	0	0	0	0	0	0	0	0	0	0	0	0	0	0	0	0	0	0	0	0	0	34	0	0	2	0
f656	0	0	0	1011	140	45	814	47	227	51	0	19089	1556	0	264	0	0	110	0	0	94	0	530	46	171	0	0	25	0	0	130	9699	0	0	3	0	0	132	707	0	0	7	0	856	74	18	0	0	3	941	26	0	0	0	0	0	0	127	86	0	105	0	0	0	0	1527	377	0	271	1094	305	59	1264	190	0	0	0	0	2	13	0	51	204	29	0	0	0	0	0	0	0	26	0	0	264	0	0	5	158	74	0	0	0	0	0	0	243	0	0	148	0	0	0	0	0	0	0	0	117	17	0	0	0	0	0	124	0	105	0	332	36	0	0	35	0	1378	136	0	61	0	0	0	0	14	0	0	0	0	0	235	0	0	215	0	242	210	0	23	0	576	19	0	0	0	0	46	0	0	0	49	115	112	99	13	0	0	0	0	0	12	0	4	0	0	0	251	0	0	20	0	52	0	0	0	140	0	24	201	0	10	73	0	118	0	14	0	0	45	0	233	0	0	0	0	40	17	0	521	11	0	0	0	0	503	0	0	0	729	150	0	0	0	0	50	0	0	13	0	0	0	44	0	0	0	0	0	0	33	0	0	0	0	28	0	0	68	0	0	0	0	4	0	0	37	0	0	0	96	31	0	15	0	0	0	0	71	330	0	464	0	0	0	0	0	101	0	0	0	0	5	0	0	0	149	217	0	14	24	0	5	0	7	0	4	128	94	146	0	13	3	0	7	0	0	62	64	59	0	10	0	481	0	0	179	0	0	0	0	0	0	59	0	141	0	0	0	71	51	0	546	0	0	0	488	0	188	0	0	0	0	180	0	0	0	0	0	0	0	0	0	0	91	0	0	0	0	61	0	0	0	0	0	0	0	0	0	0	81	172	841	0	0	0	16	22	0	0	0	0	26	0	34	0	0	0	0	8	0	31	137	0	27
f657	16	60	0	313	16	24	0	397	208	0	7	1452	277	0	223	0	9	1642	0	0	76	0	135	0	25	0	0	1311	6	2	99	4198	0	5529	0	0	0	14	3145	0	0	71	888	404	0	116	0	36	29	0	111	0	378	0	0	9	0	1320	14	0	64	9	0	0	0	185	21	0	0	867	9	196	3372	35	0	13	90	0	7	0	0	281	0	58	361	25	0	0	0	12	16	0	173	0	256	0	217	0	0	0	0	0	98	154	0	0	229	18	88	12	0	6	0	75	0	0	0	0	155	267	184	184	0	66	0	31	9	461	62	951	52	120	75	0	9	179	0	160	277	437	161	0	44	0	0	15	17	0	0	324	0	0	39	31	847	53	0	41	2	102	0	193	4	449	11	0	71	0	0	0	98	121	177	0	64	0	287	4	0	14	20	0	0	0	18	2200	0	2	0	32	2	0	25	0	0	29	7	0	177	55	0	125	64	109	0	0	4	1560	18	3611	35	0	0	12	51	17	0	129	0	0	0	0	5	179	0	0	0	692	0	0	0	0	0	0	0	5	0	0	152	12	41	0	0	35	362	0	0	0	17	0	0	0	0	0	0	0	0	0	105	0	0	0	0	26	0	0	0	0	339	0	0	22	55	55	0	0	86	0	60	81	0	529	0	0	0	0	0	0	0	0	0	0	21	153	47	0	0	0	0	0	35	0	0	6	0	0	7	0	0	0	0	0	233	11	0	0	0	0	0	0	925	0	0	0	0	0	12	6	0	0	0	0	0	0	0	193	48	14	0	0	0	0	0	0	0	158	0	0	5	6	122	0	27	0	0	0	0	12	0	0	0	0	17	0	46	0	507	0	39	0	0	0	0	0	0	465	0	0	0	667	0	0	0	0	87	0	46	0	22	0	0	0	0	1208	0	0	0	91	0	0	0	0
f658	0	26	0	47	17	18	0	8	7	0	4	48121	102	0	21	0	0	394	0	0	1329	0	0	0	4	0	0	6695	2	0	0	6088	0	0	0	0	0	0	48	0	0	0	298	26	0	24	0	125	20	0	0	0	23	0	0	31	0	0	0	0	55	0	2	0	0	0	3	0	0	238	0	0	0	0	0	20	0	0	5	0	0	241	0	37	0	0	3	0	0	0	0	0	0	0	0	0	0	0	0	0	0	0	0	72	0	0	116	0	0	6	0	0	0	13	0	0	0	0	99	852	21	0	0	0	0	16	0	19	0	872	4418	0	0	0	2	18	0	57	0	35	0	0	0	0	0	0	13	0	0	11996	0	0	169	30	129	0	0	0	0	123	0	0	7	16	0	0	11	0	0	0	0	119	0	0	0	0	6	0	0	0	0	0	11	0	0	306	0	5	0	0	0	0	0	0	0	0	15	0	53	586	0	0	15	2	0	0	0	0	8	0	17	0	0	0	0	16	0	89	0	0	0	0	4	0	34	0	0	0	0	0	0	0	0	0	0	0	0	0	0	0	113	0	0	0	0	0	0	0	0	0	0	0	0	0	0	0	0	0	49	0	0	4	0	0	0	0	0	0	0	0	0	0	0	25	0	0	94	0	0	0	0	0	0	0	0	0	0	0	0	0	0	0	0	0	0	0	0	0	0	0	54	9	0	15	0	0	13	0	0	0	0	0	0	30	0	0	0	0	0	0	0	0	0	0	0	0	3	0	0	0	0	0	0	0	0	18	0	68	0	21	0	0	0	0	0	0	11	0	0	0	0	7	0	0	0	0	0	0	0	0	0	0	20	0	0	0	0	0	0	0	9	0	0	0	0	0	0	0	0	0	0	0	0	0	0	0	0	0	0	0	0	0	0	0	0	0	0	115	0	0	0	0
f681	0	0	0	0	0	0	0	0	0	0	0	76828	32	0	0	0	0	0	0	0	78	0	0	0	0	0	0	558	0	0	0	1854	0	0	0	0	0	0	49	0	0	0	5	19	0	0	0	0	21	0	0	0	0	0	0	0	0	0	0	0	0	8	0	0	0	0	0	0	0	8	0	0	11	0	0	0	0	0	0	0	0	0	0	0	0	0	0	0	0	0	0	0	0	0	0	0	0	0	0	0	0	0	0	0	0	0	39	0	0	0	0	0	0	0	0	0	0	0	0	0	0	0	0	0	0	0	0	0	0	435	814	0	0	0	0	0	0	23	0	0	0	0	0	0	0	0	0	0	0	6927	0	0	14	0	0	0	0	0	0	0	0	0	28	0	0	0	0	0	0	0	0	0	0	0	0	0	0	0	0	0	0	0	0	0	0	2	0	0	0	0	0	0	9	0	0	0	0	0	0	0	0	0	0	0	0	0	0	0	0	0	0	0	0	0	0	0	0	0	0	0	0	0	0	0	0	0	0	0	0	0	0	0	0	0	0	0	0	0	0	0	0	0	0	0	0	0	0	0	0	0	0	0	0	0	0	0	0	0	10	0	0	0	0	0	0	0	0	0	0	0	0	0	0	0	0	0	0	0	0	0	0	0	0	0	0	0	0	0	0	0	0	0	0	0	0	0	0	0	0	0	0	21	0	0	0	0	0	0	0	0	0	0	0	0	0	0	0	0	0	0	0	0	0	0	0	0	0	0	0	0	0	0	0	0	0	0	0	24	0	0	0	0	0	0	0	0	0	0	0	0	0	0	0	0	0	0	0	0	0	0	0	0	0	0	0	0	0	0	0	0	0	0	0	0	0	17	0	0	0	0	0	0	0	0	0	0	0	0	0	0	0	0	0	8	0	0	0	0	0	0	0	0
f682	0	0	0	0	0	0	0	0	0	0	0	70268	0	0	2	0	0	0	0	0	21	0	0	0	0	0	0	160	0	0	0	384	0	0	0	0	0	0	29	0	0	0	0	8	0	0	0	0	9	0	0	0	0	0	0	0	0	0	0	0	0	0	0	0	0	0	0	0	0	0	0	0	0	0	0	0	0	0	0	0	0	0	0	0	0	0	0	0	0	0	0	0	0	0	0	0	0	0	0	0	0	0	0	0	0	0	16	0	0	0	0	0	0	0	0	0	0	0	0	11	0	0	0	0	0	0	0	0	0	116	485	0	0	0	0	0	0	0	0	0	0	0	0	0	0	0	0	0	0	462	0	0	3	0	0	0	0	0	0	4	0	0	15	4	0	0	0	0	0	0	0	0	0	0	0	0	0	0	0	0	0	0	0	0	0	0	0	0	0	0	0	0	0	0	0	0	0	0	0	9	0	0	0	0	0	0	0	0	0	0	7	0	0	0	0	0	0	0	0	0	0	0	0	3	0	0	0	0	0	0	0	0	0	0	0	0	0	0	0	0	0	0	0	0	0	0	0	0	0	0	0	0	0	0	0	0	0	0	0	0	0	0	0	0	0	0	0	0	0	0	0	0	0	0	0	0	2	0	0	0	0	0	0	0	0	0	0	0	0	0	0	0	0	0	0	0	0	0	0	0	0	0	0	0	0	0	0	0	0	0	0	0	0	0	0	0	0	0	0	0	0	0	0	0	0	0	0	0	0	0	0	0	0	0	0	0	0	26	0	0	0	0	0	0	0	0	0	0	0	11	0	0	0	0	0	0	0	0	0	0	0	0	0	0	0	0	0	0	0	0	0	0	0	0	0	62	0	0	0	114	0	0	0	0	0	0	0	0	0	0	0	0	0	4	0	0	0	0	0	0	0	0
f683	0	0	0	35	0	5	0	10	11	0	0	90519	44	0	26	0	0	0	0	0	37	0	6	0	9	0	0	280	0	0	14	1766	0	335	0	0	0	0	216	2	0	13	46	125	0	4	0	0	33	0	0	0	0	0	0	0	0	72	0	0	0	0	0	0	0	40	7	0	0	87	10	24	498	0	0	2	0	0	0	0	0	0	0	3	52	3	0	0	0	0	12	0	29	0	91	0	55	0	0	0	0	0	44	18	0	0	34	0	0	0	0	0	0	0	0	0	0	0	16	0	13	26	0	0	0	0	0	22	0	271	407	24	3	0	0	17	0	66	3	0	0	0	0	0	0	0	0	0	0	386	0	0	10	0	0	34	0	0	0	7	0	0	0	0	0	0	0	0	0	0	8	0	22	0	0	0	0	0	0	0	0	0	0	0	0	158	0	0	0	5	0	0	25	0	0	0	0	0	0	17	0	0	0	4	0	0	0	9	0	20	9	0	0	0	0	7	0	13	0	0	0	0	0	20	0	0	0	26	0	0	0	0	0	0	16	0	0	36	0	0	0	0	0	3	4	0	0	0	0	0	0	0	0	0	0	0	0	0	22	0	0	0	0	0	0	0	0	0	48	0	0	8	0	5	0	0	0	0	10	0	0	0	0	0	0	0	0	0	0	0	0	0	0	0	0	0	0	0	0	0	0	0	0	0	0	0	12	0	0	0	0	0	0	0	0	0	0	0	0	0	115	0	0	0	0	0	0	0	0	0	0	0	0	12	0	0	0	9	0	0	0	0	0	0	0	22	0	0	4	0	0	0	0	0	0	0	0	0	0	21	0	0	0	0	4	0	9	0	0	0	0	29	0	0	0	297	0	0	0	32	0	3	0	0	0	0	0	0	0	0	0	0	0	134	0	0	0	11	0	0	0	0
