feature	Oleiharenicola	Nitrosomonas	Coxiella	Geobacillus	Halomonas	Candidatus_Megaira	Comamonadaceae_Genus	Luteimonas	Hyphomicrobiales_Incertae_Sedis_Genus	Pseudorhodoplanes	Candidatus_Berkiella	Parachlamydiaceae_Genus	Pseudomonadota_Genus	Pedosphaeraceae_Genus	Arthrospira_PCC.7345	Fluviicoccus	Macrococcus	Flavobacterium	Alphaproteobacteria_Genus	Dechloromonas	Rickettsiaceae_Genus	Blastocatella	Rhodovarius	Chitinophagales_Genus	Mycobacterium	Aquihabitans	KD3.93_Genus	Pseudoxanthomonas	Burkholderiales_Genus	SWB02	Crenobacter	Blfdi19_Genus	Streptococcus	Chloroflexaceae_Genus	Beijerinckiaceae_Genus	Nitrospira	Gammaproteobacteria_Genus	Pseudobdellovibrionaceae_Genus	Hirschia	Gemmobacter	Rhodococcus	Frankiales_Genus	Bacillus	Mycobacteriales_Genus	Aeromonas	Clostridium	Pedomicrobium	Paracaedibacteraceae_Genus	Reyranella	Chitinilyticum	Obscuribacteraceae_Genus	Luteolibacter	Candidatus_Fritschea	Cetobacterium	Ideonella	Bradyrhizobium	Sphingorhabdus	Candidatus_Obscuribacter	env.OPS_17_Genus	Lysobacter	Gemmataceae_Genus	Hassallia	Propionibacteriales_Genus	Terrimonas	Psychromonas	Lactobacillus	Altererythrobacter	Turneriella	SM1A02	Acinetobacter	Roseomonas	Kineosporiaceae_Genus	Pseudomonas	Turicibacter	Larkinella	Haliangiaceae_Genus	Fimbriimonadaceae_Genus	Brevifollis	Candidatus_Alysiosphaera	Pajaroellobacter	Nocardioides	IS.44	Bacteroidia_Genus	Sandaracinaceae_Genus	NS9_marine_group_Genus	Hyphomicrobium	Fusobacteriaceae_Genus	IMCC26207	Pirellula	Gracilibacteria_Genus	Cytophagales_Genus	Verrucomicrobiaceae_Genus	Prosthecomicrobium	Armatimonadaceae_Genus	Shinella	DEV007_Genus	Microscillaceae_Genus	Fimbriiglobus	Candidatus_Protochlamydia	Candidatus_Jidaibacter	Gemmata	Xanthobacteraceae_Genus	Vampirovibrionaceae_Genus	Nocardia	Microtrichales_Genus	Enterobacterales_Genus	P3OB.42	Devosia	Saprospiraceae_Genus	Exiguobacterium	Ilumatobacter	Leeia	Brevundimonas	Chlamydiales_Genus	Cellvibrionaceae_Genus	Phreatobacter	Microtrichaceae_Genus	Ensifer	Novispirillum	Paucibacter	Unknown_Family_Genus	Telmatocola	Panacibacter	SH.PL14	Desulfitibacter	Chitinophagaceae_Genus	Paenirhodobacter	Opitutaceae_Genus	Aggregatilineales_Genus	Novosphingobium	Chitinibacter	Limnobacter	A21b_Genus	Sutterellaceae_Genus	Emticicia	Fluviicola	CM1G08	Leucobacter	AAP99	SM2D12_Genus	Babeliaceae_Genus	Sphaerotilus	BIrii41_Genus	Stagnimonas	Vibrio	Bdellovibrio	Burkholderia.Caballeronia.Paraburkholderia	Vampirovibrio	Shewanella	Bryobacteraceae_Genus	Dinghuibacter	Truepera	Caulobacter	Rhodospirillaceae_Genus	Chitinivorax	X0319.6G20_Genus	Holosporaceae_Genus	Enterovirga	Ahniella	Saccharimonadales_Genus	Micavibrionales_Genus	Rubrivivax	Bacteriovorax	Pseudomonadales_Genus	Lineage_IIc_Genus	Chryseotalea	Sphingomonas	Ga0077536_Genus	Verrucomicrobiia_Genus	Elstera	Phenylobacterium	Blastococcus	Chryseobacterium	Pedobacter	Paracoccus	Dyadobacter	Pseudoduganella	Rhizorhapis	Vogesella	Aquabacterium	Kinneretia	Gordonia	OM190_Genus	Paracoccaceae_Genus	cvE6_Genus	Pir4_lineage	JG30.KF.CM45_Genus	Sporocytophaga	mle1.27_Genus	Methylibium	Polymorphobacter	Caedibacter	Thermoanaerobacterium	Agromyces	Moraxellaceae_Genus	Bosea	Sphingopyxis	Geminicoccaceae_Genus	LiUU.11.161_Genus	Legionella	Neisseriaceae_Genus	TM7a	Mediterraneibacter	Mariniblastus	Afipia	Pseudolysobacter	Cellvibrio	Undibacterium	Pseudobdellovibrio	Citrobacter	Loigolactobacillus	Thermus	Anaerolineae_Genus	Glutamicibacter	Vicinamibacteraceae_Genus	Rhizobium	Sediminibacterium	Aminobacter	alphaI_cluster	Hyphomicrobiales_Genus	NS11.12_marine_group_Genus	Dietzia	Actinobacteria_Genus	Paludibaculum	Acetobacteraceae_Genus	Tetragenococcus	Peptostreptococcus	Neochlamydia	Rhizobiaceae_Genus	Thermoleophilia_Genus	Gaiellales_Genus	Rheinheimera	Bacilli_Genus	Gemmatimonas	TRA3.20_Genus	Niveibacterium	Aquicella	KD4.96_Genus	Curvibacter	Caldilineaceae_Genus	Planctomycetales_Genus	Thermoactinomyces	NB1.j_Genus	Flavihumibacter	PB19_Genus	Anaerocolumna	Agitococcus	Candidatus_Paracaedibacter	MBNT15_Genus	Deinococcus	Pirellulaceae_Genus	Kapabacteriales_Genus	SH3.11	Dechlorobacter	CL500.3	Ruminiclostridium	PeM15_Genus	Phaselicystis	Marinomonas	X67.14_Genus	Pyrinomonadaceae_Genus	Nevskiaceae_Genus	Vagococcus	Acetobacteroides	Variovorax	Sphingobium	CSP1.2	Trueperella	Tautonia	Ottowia	Oxalobacteraceae_Genus	X11.24_Genus	Longivirga	Oscillospiraceae_Genus	Granulicatella	Polyangiaceae_Genus	Stenotrophomonas	Oligoflexaceae_Genus	Sandaracinus	Lysobacteraceae_Genus	Gottfriedia	Malacoplasma	RBG.13.54.9_Genus	AKYH767_Genus	Blastomonas	X28.YEA.48	Cypionkella	Thermodesulfobacteriota_Genus	Nordella	Opitutus	Cloacibacterium	Allomeiothermus	Silvanigrellaceae_Genus	Defluviimonas	Rhodovastum	Methylorubrum	Massilia	Parageobacillus	Thermomicrobiales_Genus	Solirubrobacterales_Genus	Fuscovulum	Alcaligenaceae_Genus	Schlesneria	Staphylococcus	Candidatus_Captivus	Lacibacter	Runella	Marmoricola	Brevitalea	Spirosomataceae_Genus	Sporichthyaceae_Genus	Enterococcus	Gemmatimonadaceae_Genus	Rhodocyclaceae_Genus	oc32	Peredibacter	Lactobacillaceae_Genus	Vibrionaceae_Genus	Granulosicoccus	Leuconostoc	Weissella	Paraconexibacter	DEV114	Azospira	Eremiobacteria_Genus	Plesiomonas	Cytophaga	Ferruginibacter	Anoxybacillus	OLB12	Aneurinibacillus	Arsenicibacter	Bythopirellula	Sporomusaceae_Genus	Chitinimonas	Culicoidibacter	Levilactobacillus	Lysinibacillus	Lactococcus	Raineya	Barnesiellaceae_Genus	Hydrogenophaga	Cyclobacteriaceae_Genus	Rickettsia	Neorickettsia	Acidovorax	Rhodopseudomonas	Mesorhizobium	Nannocystis	WY65	Chthoniobacter	Permianibacter	Hyphomonadaceae_Genus	Delftia	Steroidobacter	Rothia	Latilactobacillus	Serinicoccus	Roseicella	Tundrisphaera	IMCC26134	Parcubacteria_Genus	Flectobacillus	Ligilactobacillus	Rubripirellula	KD3.10	Polyangiia_Genus	Peptostreptococcaceae_Genus	Romboutsia	Carnobacterium	SJA.28_Genus	Enhydrobacter	Methyloversatilis	Nitriliruptoraceae_Genus	Bordetella	Derxia	Haliscomenobacter	SD04E11	Chitinibacteraceae_Genus	Ramlibacter	Thermoactinomycetaceae_Genus	Aeromicrobium	Elsteraceae_Genus	Nocardiaceae_Genus	X37.13_Genus	Aurantisolimonas	Agrobacterium	Anaerotaenia	DSSD61	CL500.29_marine_group
f196	0	0	0	0	0	0	0	0	0	0	0	0	0	0	0	0	0	0	0	0	0	0	0	0	23	0	0	0	0	0	2272	0	0	0	0	0	5	0	0	23	0	0	0	0	14281	0	0	0	0	4	0	0	0	24795	0	0	0	0	0	0	0	0	0	0	0	0	0	0	0	73	0	0	4473	0	0	0	0	0	0	0	0	0	0	0	0	0	0	0	0	0	0	0	0	0	0	0	0	0	0	0	0	0	0	0	0	0	0	0	0	0	0	0	0	0	0	253	0	0	0	264	0	0	0	0	0	0	0	0	0	0	21	0	0	0	0	0	0	0	0	0	0	0	0	0	0	0	0	0	1003	0	0	0	0	0	0	0	0	0	0	0	0	0	0	0	0	0	0	0	0	0	0	0	0	0	0	0	0	0	0	0	0	0	0	274	0	0	0	0	0	0	0	0	0	0	0	72	0	0	0	0	0	0	0	0	0	0	0	0	0	0	0	0	0	0	0	0	0	0	0	0	0	0	0	0	0	0	0	0	0	0	0	0	0	0	0	0	0	0	0	0	0	0	0	0	0	0	0	0	0	0	0	0	0	0	0	0	0	0	0	0	0	0	0	0	0	0	0	0	0	0	0	0	0	0	0	0	0	0	0	0	0	0	0	0	0	0	0	0	0	0	0	0	0	0	0	0	0	0	0	0	0	0	0	0	0	0	0	0	0	0	0	0	0	0	0	0	0	0	0	0	0	0	0	0	0	2955	0	0	0	0	0	0	0	0	0	10	0	0	0	0	17	0	0	0	0	5	0	0	0	0	0	0	0	0	0	0	0	0	0	0	0	0	0	0	0	0	0	0	0	0	0	0	0	0	0	0	0	0	0	0	0	0	0	0	0	49	0	0	0	0
f197	5	0	0	0	0	0	5	31	5	0	0	0	0	3	0	0	0	28	10	103	0	0	0	0	28	7	0	0	0	0	275	0	26	0	0	0	0	8	0	36	0	0	0	0	55195	4	0	8	0	6	7	0	0	372	0	8	0	5	0	0	8	0	0	0	0	2	24	0	0	1287	0	0	2782	7	0	70	0	0	0	0	0	0	0	0	0	0	0	0	0	0	210	0	0	0	0	0	0	0	0	0	3	0	0	18	5	0	0	0	0	5	0	0	0	0	0	27	0	86	0	1483	0	0	0	0	0	0	17	0	0	0	18	0	0	0	6	0	0	0	0	0	2	0	0	0	0	0	0	0	287	0	0	0	0	0	0	0	0	0	0	0	0	0	0	0	0	10	0	0	0	75	0	25	0	0	16	0	3	0	0	272	0	0	35	126	0	0	0	0	0	0	0	0	0	0	0	18	0	0	0	0	0	0	3	0	0	0	15	337	0	0	0	0	0	0	0	0	0	0	0	0	0	0	0	0	0	0	0	0	21	0	0	0	0	0	0	6	0	0	0	0	0	0	0	0	0	0	39	0	0	43	0	0	0	0	0	0	0	0	0	0	0	0	0	0	0	0	0	0	0	0	0	0	0	0	0	0	0	0	0	0	0	0	0	0	0	0	0	0	0	0	25	0	0	0	0	0	0	0	0	0	30	0	0	0	0	0	10	0	0	0	0	9	6	0	0	0	10	0	17	14	0	0	0	0	8	54	5	0	0	0	0	0	0	0	0	7	0	0	75	0	12	12	0	0	0	14	0	0	0	7	0	0	0	0	0	0	0	0	0	22	0	0	0	0	0	0	0	0	19	0	0	6	0	0	0	0	36	0	0	0	0	0	0	0	0	0	0	0	0	0
f198	0	0	0	2	0	0	0	2	0	0	0	0	0	0	0	0	0	0	0	0	0	0	0	0	13	0	0	0	3	0	2077	0	21	0	0	0	0	0	0	0	0	0	0	0	19027	0	0	0	0	0	0	0	0	22681	0	0	0	0	0	0	0	0	0	0	0	0	0	0	0	225	0	0	6572	0	0	0	0	0	0	0	0	0	0	0	0	0	0	0	0	0	0	0	0	0	0	0	0	2	0	0	0	0	0	0	0	11	0	0	0	0	0	0	0	0	0	335	0	0	0	1141	0	0	0	0	0	0	0	0	0	0	20	0	0	0	0	0	0	0	0	0	0	0	0	0	0	0	0	0	1035	0	0	0	0	0	0	0	0	0	0	0	0	0	0	3	0	0	0	0	0	0	0	0	0	0	0	0	0	0	0	0	0	0	0	356	0	0	0	0	0	0	0	0	0	0	0	98	0	0	0	5	0	0	0	0	0	0	7	0	0	0	0	0	0	0	0	0	0	0	0	0	0	0	0	0	0	0	0	0	14	0	0	0	0	0	0	0	0	0	0	0	0	0	0	0	0	0	0	0	0	0	0	0	0	0	0	0	0	0	0	0	0	0	0	0	0	0	0	0	0	0	0	0	0	0	0	0	0	0	0	0	0	11	0	0	0	0	0	0	0	0	0	0	0	14	0	0	0	0	0	0	0	0	0	0	0	0	0	0	0	0	0	0	0	0	0	0	0	0	0	0	0	0	0	0	0	3122	0	0	0	0	0	0	0	0	0	10	0	0	0	0	23	0	0	0	0	0	0	0	0	0	0	0	0	0	0	0	0	0	0	0	0	0	0	0	0	0	0	0	0	0	0	0	0	0	0	0	0	0	0	0	0	0	0	0	0	63	0	0	0	0
f199	0	0	0	0	0	0	2	0	0	0	0	0	0	0	0	0	0	0	0	0	0	0	0	0	235	0	0	0	0	0	3819	0	17	0	0	0	7	0	0	0	0	0	0	0	21907	0	3	0	0	0	0	0	0	17025	0	3	0	0	0	0	0	0	0	0	0	0	0	0	0	162	0	0	5434	0	0	0	0	0	0	0	0	0	0	0	0	0	0	0	0	0	0	0	0	0	0	0	0	0	0	0	0	0	0	12	0	0	0	0	0	0	0	0	0	0	0	446	0	0	0	5609	0	0	0	0	0	0	40	0	0	0	13	0	0	0	0	0	0	0	0	0	0	0	0	0	0	0	0	0	1788	0	0	0	0	0	0	0	0	0	0	0	0	0	0	0	0	0	0	0	0	0	0	0	0	0	0	0	0	0	0	0	5	0	0	396	0	0	0	0	0	0	0	0	0	0	0	95	0	0	0	5	0	3	0	0	0	0	33	0	0	0	0	0	0	0	0	0	0	0	0	0	0	0	0	0	0	0	0	0	10	0	0	0	0	0	0	0	0	0	0	0	0	0	0	0	0	0	0	0	0	0	0	0	0	0	0	0	0	0	0	0	0	0	0	0	0	0	0	0	0	0	0	0	0	0	0	0	0	0	0	0	0	0	0	0	0	0	0	0	0	0	0	0	0	0	0	0	0	0	0	0	0	0	0	0	0	0	0	0	0	0	0	0	0	0	0	0	0	0	0	0	0	0	0	0	0	2492	0	0	0	0	0	0	0	0	0	0	0	0	0	0	10	0	0	0	0	65	0	0	0	0	0	0	0	0	0	0	0	0	0	0	0	0	0	0	0	0	0	0	0	0	0	0	0	0	0	0	0	0	0	0	0	0	0	0	0	67	0	0	0	0
f200	0	0	0	0	0	0	3	11	0	0	0	0	2	0	0	0	0	0	0	0	0	0	0	0	20	0	0	0	0	0	2522	0	9	0	0	0	0	2	0	35	0	0	0	0	19979	0	0	0	0	0	0	0	0	28191	0	0	0	0	0	0	2	0	0	0	0	0	0	0	0	167	0	0	5697	0	0	0	0	0	0	0	0	0	0	0	0	0	0	0	0	0	0	0	0	0	0	0	0	0	0	0	0	0	0	3	0	0	0	0	0	0	0	0	0	0	0	342	0	0	0	771	0	0	0	0	0	0	27	0	0	0	12	0	0	0	0	0	0	0	0	0	0	0	0	0	0	0	0	0	1502	0	0	0	0	0	0	0	0	0	0	0	0	0	0	0	0	0	0	0	0	0	0	0	0	0	0	0	0	0	0	18	0	0	0	284	0	0	0	0	0	0	0	0	0	0	0	68	0	0	0	3	0	0	0	0	0	0	7	0	0	0	0	0	0	0	0	0	0	0	0	0	0	0	0	0	0	0	0	0	13	0	0	0	0	0	0	0	0	0	0	0	0	0	0	0	0	0	0	0	0	0	0	0	0	0	0	0	0	0	0	0	0	0	0	0	0	0	0	0	0	0	0	0	8	0	0	0	0	0	0	0	0	9	0	0	0	0	0	0	0	0	0	0	0	0	0	0	0	0	0	0	0	0	0	0	0	0	0	0	0	0	0	0	0	0	0	0	0	0	0	0	0	0	0	0	0	2999	0	0	0	0	0	0	0	0	0	0	0	0	0	0	14	0	0	0	0	14	0	0	0	0	0	0	0	0	0	0	0	0	0	3	0	0	0	0	0	0	0	0	0	0	0	0	0	0	0	0	0	0	0	0	0	0	0	0	0	82	0	0	0	0
f226	0	0	0	0	0	0	0	0	0	0	0	0	0	0	0	0	0	80	0	143	0	0	0	0	21	2	0	0	20	0	366	0	0	0	0	0	35	7	0	93	0	0	0	0	70100	18	0	0	3	130	0	5	0	381	0	0	0	0	0	0	0	0	0	0	0	0	0	0	0	0	14	0	2933	0	0	0	0	0	0	0	0	0	0	0	0	0	0	0	3	0	14	0	0	0	0	0	0	0	0	0	0	0	0	9	0	0	0	7	0	0	0	0	0	0	0	190	0	0	0	837	0	0	0	0	0	0	22	0	0	0	0	0	0	24	0	206	0	0	0	0	0	0	0	0	0	0	0	0	27	0	40	0	0	0	0	0	0	0	0	0	0	0	0	0	0	0	0	0	0	0	0	0	0	0	0	0	0	0	0	0	0	0	0	497	0	0	0	0	0	0	0	0	0	0	0	44	0	0	0	0	0	0	0	0	0	0	0	5	0	0	0	0	0	0	0	0	0	0	0	0	0	0	0	0	0	0	0	0	22	0	0	0	0	0	0	104	0	0	0	0	0	0	0	0	0	0	0	0	0	0	0	0	0	0	0	0	0	0	0	0	0	0	0	0	0	0	0	0	0	0	0	0	5	0	0	0	0	0	0	0	0	0	0	0	0	0	16	0	0	0	138	0	0	0	4	0	0	0	0	0	0	0	0	0	0	0	0	0	0	0	0	0	0	0	0	0	0	0	0	0	0	0	0	0	0	55	0	0	0	0	0	0	0	0	0	0	0	0	0	0	0	0	0	0	0	0	0	0	0	0	0	0	0	0	0	0	0	0	0	104	0	0	0	0	0	0	0	0	0	0	0	0	0	0	0	0	0	0	0	0	0	0	0	0	0	85	0	0	0	0
f227	0	12	3	0	0	0	41	6	7	0	0	8	0	46	0	0	0	231	0	1216	0	0	0	12	152	0	0	0	6	0	1352	0	0	0	72	16	423	48	10	421	0	0	7	0	42251	52	5	0	5	221	0	0	0	2406	0	6	6	6	0	0	0	0	0	0	0	0	0	8	0	0	76	12	3326	0	0	44	0	0	0	15	0	0	0	0	0	0	0	0	17	0	4	0	0	0	0	0	0	0	20	0	32	0	0	46	0	2	0	7	8	0	0	11	0	7	0	1322	0	0	0	3484	0	27	0	15	0	2	220	0	0	8	0	0	0	124	0	358	0	0	14	0	0	0	0	0	0	0	0	0	19	0	70	0	0	0	0	0	0	0	0	0	0	0	0	0	0	5	0	2	9	0	0	0	0	0	0	0	0	0	0	54	0	0	37	2362	0	14	12	0	0	0	0	0	0	15	0	89	0	0	0	0	0	0	0	0	0	0	161	134	0	0	0	0	0	0	2	0	0	0	0	0	0	0	0	0	0	0	0	0	87	0	0	0	0	0	0	326	0	0	13	0	0	0	3	0	0	0	20	0	0	0	0	12	14	0	0	0	0	0	0	0	0	7	0	0	0	0	0	0	0	0	0	50	21	0	0	0	0	0	0	0	0	0	0	6	0	0	23	0	0	0	370	0	0	0	10	0	0	0	0	0	0	0	0	0	0	0	0	5	0	0	0	0	0	0	0	0	0	0	0	0	0	0	0	0	0	123	0	204	0	0	0	0	0	0	0	39	0	0	0	27	0	0	0	0	0	17	0	0	0	0	0	0	0	0	0	0	0	0	0	299	0	4	0	0	0	0	0	9	0	0	0	0	0	0	0	0	72	0	0	0	0	0	0	0	0	104	0	0	0	0
f228	0	0	0	0	0	0	0	0	0	0	0	0	0	0	0	0	0	35	0	10	0	0	0	0	13	0	0	0	0	0	509	0	0	0	0	0	28	0	0	24	0	0	0	0	50392	6	0	0	0	84	0	0	0	4290	0	0	0	0	0	0	0	0	0	0	0	0	0	0	0	0	5	0	304	0	0	0	0	0	0	0	0	0	0	0	0	0	0	0	0	0	23	0	0	0	0	0	0	0	0	0	0	0	0	0	0	0	0	0	0	0	0	0	0	0	0	130	0	0	0	349	0	0	0	0	0	0	16	0	0	0	0	0	0	17	0	38	0	0	0	0	0	0	0	0	0	0	0	0	289	0	0	0	0	0	0	0	0	0	0	0	0	0	0	6	0	0	0	0	4	0	0	0	0	0	0	0	0	0	0	0	0	0	0	114	0	0	0	0	0	0	0	0	0	0	0	33	0	0	0	0	0	0	0	0	0	0	0	7	0	0	0	0	0	0	0	0	0	0	0	0	0	0	0	0	0	0	0	0	12	0	0	0	0	0	0	0	0	0	0	0	0	0	0	0	0	0	3	0	0	0	0	0	0	0	0	0	0	0	0	0	0	0	0	0	0	0	0	0	0	0	0	0	0	0	0	0	0	0	0	0	0	0	0	0	0	0	0	0	0	0	38	0	0	0	0	0	0	0	0	0	0	0	0	0	0	0	0	0	0	0	0	0	0	0	0	0	0	0	0	0	0	0	0	0	0	222	0	0	0	0	0	0	0	0	0	13	0	0	0	0	0	0	0	0	0	0	0	0	0	0	0	0	0	0	0	0	0	0	0	27	0	0	0	0	0	0	0	0	0	0	0	0	0	0	0	0	0	0	0	0	0	0	0	0	0	17	0	0	0	0
f229	113	227	23	0	0	0	821	366	301	29	0	18	2	575	0	0	0	227	30	967	3	11	0	0	532	3	3	9	15	129	587	10	0	0	70	234	254	121	41	429	0	0	21	0	18784	174	144	14	47	96	27	0	0	1301	0	55	163	57	586	9	44	527	0	0	0	0	0	31	4	0	62	18	1154	0	0	2106	0	35	6	122	0	0	283	6	79	17	0	0	69	26	506	9	0	0	0	0	377	143	0	5	126	0	0	4780	8	0	12	88	929	0	0	119	0	6	0	850	0	15	0	849	0	127	3	14	0	2	224	18	0	45	0	0	0	67	357	127	0	0	69	11	0	78	73	0	0	64	0	0	0	6	153	0	0	0	0	40	0	0	0	0	5	0	0	0	6	638	0	21	0	113	0	0	0	0	0	0	5	5	0	1319	0	76	599	2318	0	11	25	0	0	11	0	0	0	0	0	124	0	0	0	42	0	39	0	0	0	9	610	1576	10	0	0	0	0	0	36	113	48	0	0	10	4	0	0	0	0	0	0	0	180	0	3	6	0	14	0	468	0	0	23	8	0	0	0	0	0	0	95	11	3	0	0	6	78	0	0	0	7	0	2	0	0	0	0	0	0	4	0	0	0	0	0	164	31	7	0	0	0	4	0	15	0	4	0	51	0	0	54	8	0	13	93	0	0	0	19	2	0	0	0	0	261	0	3	0	5	0	44	0	0	0	0	0	23	3	16	0	0	0	0	0	0	2	0	0	10	93	12	236	0	12	0	0	0	22	0	15	0	0	0	0	0	0	0	21	0	125	0	7	31	15	0	19	14	0	15	0	0	0	0	617	0	29	0	0	0	0	2	0	0	0	0	0	0	0	0	0	958	0	0	0	0	4	0	0	0	78	0	0	4	0
f230	0	0	0	0	0	0	0	0	0	0	0	0	0	0	0	0	0	23	0	12	0	0	0	0	14	2	0	0	0	0	209	0	0	0	10	0	22	2	0	26	0	0	0	0	65342	10	0	0	0	72	0	0	0	161	0	0	0	0	0	0	0	0	0	0	0	0	0	0	0	0	0	0	725	0	0	0	0	0	0	0	0	0	0	0	0	0	0	0	0	0	0	0	0	0	0	0	0	0	0	0	0	0	0	4	0	0	0	0	0	0	0	0	0	0	0	108	0	0	0	337	0	0	0	0	0	0	0	0	0	0	0	0	0	5	0	9	0	0	0	0	0	0	0	0	0	0	0	0	6	0	0	0	0	0	0	0	0	0	0	0	0	0	0	0	0	0	0	0	0	0	0	0	0	0	0	0	0	0	0	0	0	0	0	112	0	0	0	0	0	0	0	0	0	0	0	33	0	0	0	0	0	0	0	0	0	0	0	0	0	0	0	0	0	0	0	0	0	0	0	0	0	0	0	0	0	0	0	0	8	0	0	0	0	0	0	25	0	0	0	0	0	0	0	0	0	0	0	0	0	0	0	0	0	0	0	0	0	0	0	0	0	0	0	0	0	0	0	0	0	0	0	0	0	0	0	0	0	0	0	0	0	0	0	0	0	0	0	0	0	0	28	0	0	0	0	0	0	0	0	0	0	0	0	0	0	0	0	0	0	0	0	0	0	0	0	0	0	0	0	0	0	0	0	0	0	11	0	0	0	0	0	0	0	0	0	10	0	0	0	0	0	0	0	0	0	0	0	0	0	0	0	0	0	0	0	0	0	0	0	0	0	0	0	0	0	0	0	0	0	0	0	0	0	0	0	0	0	0	0	0	0	0	0	0	0	0	0	0	0	0
f256	0	0	0	0	0	0	2	19	45	0	0	10	0	26	0	0	0	0	0	970	0	0	0	0	65	0	0	0	16	0	1980	0	0	0	35	0	1169	0	0	312	0	0	0	0	39783	1349	0	0	10	415	0	12	0	3799	0	0	0	11	0	0	0	0	0	0	0	0	0	10	0	226	66	0	5664	0	0	6	0	0	0	4	0	0	2	0	0	22	6	0	0	0	0	0	0	0	0	0	0	0	0	0	0	0	0	0	0	0	0	11	0	0	0	0	0	0	0	1160	5	0	0	2055	0	7	0	0	0	0	164	0	0	0	0	0	0	0	0	0	0	0	0	0	0	0	6	0	0	2	0	0	175	0	18	0	42	0	0	0	0	0	0	0	0	0	0	3	0	0	0	0	6	4	0	0	0	0	0	0	0	0	0	0	0	46	5	638	0	0	18	0	0	0	0	0	0	0	0	70	0	0	0	0	0	0	0	0	0	0	8	25	0	0	0	0	0	0	0	0	0	0	0	5	0	0	0	0	0	0	0	0	40	0	0	0	0	0	0	3916	0	0	0	0	0	0	0	0	0	0	0	0	0	5	0	0	0	0	0	7	8	0	0	6	0	0	0	0	0	0	0	0	0	0	0	4	24	0	0	0	0	0	0	0	0	6	0	0	0	0	31	0	0	0	740	0	0	0	15	0	0	0	0	0	0	0	0	0	0	0	0	0	0	0	0	0	0	0	0	0	0	0	0	0	0	0	0	0	0	399	0	0	0	0	0	0	0	0	0	15	0	0	0	0	0	0	0	0	0	0	19	0	0	0	0	0	0	0	0	0	0	0	4	120	0	0	0	0	0	0	0	47	0	0	0	0	0	0	0	0	13	0	0	0	0	0	0	0	0	169	0	0	0	0
f257	0	0	0	0	0	0	0	9	0	0	0	0	0	0	0	0	0	0	0	305	0	0	0	0	6	0	0	0	4	0	178	0	10	0	0	0	130	0	0	0	0	0	0	0	59361	5	4	0	0	1171	0	0	0	279	0	0	3	0	0	0	2	0	0	0	0	3	0	0	0	74	0	0	3318	0	0	20	0	0	0	0	0	0	48	0	0	0	0	0	0	0	8	0	0	0	0	0	0	2	0	0	0	0	0	6	0	2	0	0	0	0	0	0	0	0	0	71	0	0	0	562	0	4	0	13	0	0	0	0	0	0	0	0	0	0	19	0	0	0	0	0	0	0	0	0	0	0	0	0	29	0	0	0	0	0	0	0	0	0	0	0	0	0	0	0	0	0	0	0	0	4	0	15	0	0	15	0	0	0	0	0	0	7	0	0	0	0	10	0	0	0	0	0	0	0	0	43	0	0	0	3	0	0	0	0	0	0	13	54	0	0	0	0	0	0	5	0	0	0	0	0	0	0	0	0	0	0	0	0	16	0	0	0	0	0	0	2820	0	0	0	0	0	0	0	0	0	0	7	0	0	0	0	0	0	0	0	0	0	0	0	0	0	0	0	0	0	0	0	0	0	0	0	6	0	0	0	0	0	0	0	0	0	0	0	3	0	0	0	0	0	0	19	0	0	0	0	0	0	0	0	0	0	0	0	48	0	0	0	0	0	0	0	0	0	0	0	0	0	0	0	0	0	0	0	0	3	28	0	0	0	0	0	0	0	0	0	5	0	0	0	0	0	0	0	0	0	0	0	0	0	0	0	0	0	0	0	0	8	0	0	0	0	0	0	0	0	0	0	0	0	0	0	0	0	0	0	0	0	0	0	0	0	0	0	0	0	0	0	0	0	0
f258	0	0	0	0	0	2	0	9	21	5	0	0	0	0	0	0	0	0	0	430	0	0	0	0	11	6	0	0	0	0	930	0	0	0	29	0	907	0	0	236	0	0	0	0	47993	109	17	0	0	291	0	0	0	11316	0	0	0	17	0	0	0	0	0	0	0	0	0	0	0	91	21	0	4338	0	0	0	0	0	0	0	0	0	0	0	0	31	0	0	6	0	0	3	0	0	0	0	0	0	0	0	0	0	0	0	4	0	0	0	0	0	0	0	0	2	0	440	0	0	0	3672	0	0	0	0	0	0	118	0	0	0	0	0	0	0	0	0	0	0	0	0	0	0	0	0	0	0	0	0	198	0	0	0	11	0	0	0	0	0	0	0	0	0	0	0	0	0	0	0	0	3	0	0	0	0	0	0	0	0	0	0	0	13	2	431	0	0	9	0	0	0	0	0	0	0	0	59	0	0	0	0	0	0	0	0	0	0	8	21	0	0	0	0	0	0	0	0	0	0	0	6	0	0	0	0	0	0	0	0	29	0	0	0	0	0	0	1894	0	0	0	0	0	0	0	0	0	0	4	0	0	0	0	0	9	0	0	0	0	0	0	0	0	0	0	0	0	0	0	0	0	0	0	0	17	0	0	0	0	0	0	2	0	0	0	0	0	0	13	0	0	0	549	0	0	0	0	0	0	0	0	0	0	0	0	0	0	0	0	0	0	0	0	0	0	0	0	0	0	0	0	0	0	0	0	0	0	210	0	3	0	4	0	0	0	0	0	16	0	0	7	0	0	0	0	0	0	0	0	0	0	0	0	0	0	0	0	0	0	0	5	32	0	0	0	0	0	0	0	0	0	0	0	0	0	0	0	0	0	0	0	0	0	0	0	0	0	118	0	0	0	0
f259	0	0	0	0	0	0	0	0	29	0	0	0	0	0	0	0	0	7	5	276	0	0	0	0	41	0	0	0	3	0	1588	0	16	0	19	0	1028	0	0	178	0	0	0	0	36874	274	0	0	4	345	0	0	0	1916	0	0	0	0	0	0	0	0	0	0	0	0	0	0	0	198	36	0	5317	0	0	0	0	0	0	0	0	0	0	0	0	0	0	0	0	0	0	0	0	0	0	0	0	0	0	0	0	0	0	20	0	0	0	0	0	0	0	0	0	0	0	635	0	0	0	3049	0	2	0	6	0	0	145	0	0	0	0	0	0	0	0	0	0	0	0	0	0	0	0	0	10	0	0	0	153	0	11	0	45	0	0	0	0	0	0	0	0	0	0	0	0	6	0	0	0	0	0	0	0	0	0	0	0	0	0	0	0	16	0	444	0	2	5	0	0	0	0	0	0	0	0	35	0	0	0	6	0	0	0	0	0	0	0	11	0	0	0	0	0	0	0	0	0	0	0	8	0	0	0	0	0	0	0	0	34	0	0	0	0	0	0	1315	0	0	0	0	0	0	0	0	0	0	0	0	0	9	0	0	0	0	0	0	0	0	0	0	0	0	0	0	0	0	2	0	0	0	0	4	28	0	0	0	0	0	0	0	0	0	0	0	0	0	26	0	0	0	436	0	0	0	11	0	0	0	0	0	0	0	0	0	0	0	0	0	0	0	0	0	0	0	0	0	0	0	2	0	0	0	0	0	0	330	0	0	0	0	0	0	0	0	0	14	0	0	0	0	0	0	0	0	0	0	0	0	0	0	0	0	0	0	0	0	0	0	0	45	0	2	0	0	0	0	0	5	0	0	0	0	0	0	0	0	6	0	0	0	0	0	0	0	0	139	0	0	0	0
f260	0	0	0	0	0	0	0	0	57	0	0	10	3	0	0	0	0	11	0	502	0	0	0	0	76	3	0	0	20	0	1877	0	13	0	37	0	1513	6	0	370	0	0	0	0	32109	267	0	0	0	333	0	13	0	4416	0	0	0	14	0	0	0	0	0	0	0	0	0	0	0	98	58	0	4225	0	0	0	0	0	0	0	0	0	0	0	0	7	3	0	0	0	0	0	0	0	0	0	0	5	0	0	0	0	0	7	9	2	0	0	0	0	0	0	0	3	0	890	5	0	0	4175	0	0	0	0	0	0	176	0	0	0	3	0	0	0	0	0	0	0	0	0	0	0	0	0	0	0	0	0	77	0	29	0	42	0	0	0	0	0	0	0	0	0	0	0	0	2	0	0	0	0	0	0	0	0	0	0	12	0	0	0	0	0	0	703	0	4	16	0	0	0	0	0	0	0	0	45	0	0	0	0	0	0	0	0	0	0	0	10	0	0	0	0	0	0	0	14	0	0	0	5	0	0	0	0	0	0	0	0	29	0	0	0	0	0	0	703	0	0	0	0	0	0	0	0	0	0	0	0	0	0	0	0	0	0	0	0	10	0	0	3	0	0	0	0	0	0	0	0	0	0	0	0	39	0	0	0	0	0	0	0	0	0	0	0	0	0	0	5	0	0	597	0	0	0	19	0	0	0	0	2	0	0	0	0	0	0	0	0	0	0	0	0	0	0	0	0	0	0	0	0	0	0	0	0	0	634	0	0	0	0	0	0	0	0	0	17	0	0	0	0	0	0	0	0	0	0	11	0	0	0	0	0	0	0	0	0	0	0	0	124	0	0	0	0	0	0	0	0	0	0	0	0	0	0	0	0	0	0	0	0	0	0	0	0	0	207	0	0	0	0
f286	56	181	0	0	0	27	1264	93	904	17	14	10	0	820	0	0	0	258	0	709	0	5	10	0	175	93	0	0	0	0	102	0	0	0	12	47	362	208	15	314	10	0	0	0	7249	63	24	0	30	15	0	400	0	215	0	0	14	15	840	0	108	5	0	0	0	0	0	2	0	11	233	12	2021	0	0	285	0	726	0	71	4	0	86	11	92	8	0	35	39	389	1217	26	0	42	0	0	27	173	0	0	99	0	29	1820	45	0	20	232	499	0	0	83	0	10	0	332	6	218	0	460	0	267	8	127	0	79	89	24	0	32	0	0	0	13	443	6	14	0	33	0	0	107	105	0	8017	6	0	20	0	0	108	0	30	0	13	37	0	0	0	5	0	207	2	20	0	308	6	0	0	5	10	0	0	0	0	0	549	0	1350	2994	0	0	99	1148	12	85	10	0	27	0	35	13	0	0	0	346	0	0	0	43	0	0	0	0	0	0	76	232	0	0	0	0	0	0	33	52	53	0	95	3	2	0	0	0	0	0	0	0	68	0	0	0	0	2	0	35	9	0	20	0	6	0	0	54	0	0	26	5	0	34	0	13	123	0	0	0	16	0	0	35	0	0	0	0	51	0	0	0	0	0	0	17	126	0	0	2	0	11	0	0	0	0	0	0	0	0	0	0	0	18	8	0	2	0	110	0	0	0	0	0	305	0	0	0	0	0	574	0	16	0	10	0	0	36	0	0	0	0	0	0	0	0	0	273	15	19	10	0	0	0	0	0	0	0	0	19	0	0	0	0	0	0	0	0	0	219	0	0	0	0	34	0	24	0	0	0	0	0	6	244	14	0	0	0	0	0	0	0	0	0	0	0	0	0	0	0	1444	0	0	0	0	0	0	0	0	82	0	0	0	0
f287	5	15	0	0	0	0	326	3	222	0	0	0	0	42	0	0	0	17	0	1928	0	3	0	0	65	0	0	0	5	0	20	0	0	0	0	6	8	12	0	0	17	0	0	0	9532	12	0	0	9	0	0	45	0	227	0	0	0	0	39	0	2	0	0	0	0	0	6	2	0	1383	17	0	4348	0	0	0	0	0	0	0	0	0	14	0	0	0	0	0	3	437	0	0	0	10	0	0	7	60	0	0	6	0	0	17	7	0	0	19	31	11	0	0	0	0	0	54	0	40	8	802	0	12	0	8	0	0	0	0	0	0	0	0	0	0	50	0	0	0	4	0	0	0	0	0	0	12	0	0	0	0	26	0	0	0	2	4	0	0	0	0	0	18	0	0	0	9	0	0	0	0	0	15	0	0	0	0	26684	0	1971	3746	0	0	0	148	0	9	3	0	0	0	8	21	0	0	0	36	0	0	0	18	16	0	0	0	0	0	3	4675	7	0	0	0	0	6	9	0	0	0	5	0	0	0	0	0	0	0	0	0	55	0	0	0	0	0	0	101	0	0	0	0	0	0	0	16	0	0	3	0	0	41	0	0	9	14	0	0	0	0	0	13	0	0	0	26	0	0	0	0	0	0	0	0	0	0	0	3	0	0	0	0	0	0	0	0	0	0	0	0	0	0	0	0	0	0	0	11	0	0	0	0	18	12	0	0	0	0	34	0	0	0	0	0	0	0	0	0	0	0	0	0	0	0	0	378	0	0	0	0	0	0	0	0	0	0	0	26	0	0	0	0	0	11	0	0	0	101	0	0	0	0	0	4	0	0	0	0	0	0	0	61	0	0	0	0	0	0	0	0	0	0	0	0	0	0	0	0	90	0	0	0	0	0	0	0	0	0	0	0	0	0
f288	2	12	0	0	12	0	69	21	62	0	7	0	4	56	0	0	0	286	0	146	0	24	0	0	155	5	0	0	4	0	130	0	0	0	0	9	99	17	0	48	0	0	0	0	48229	6	0	0	3	50	7	34	0	2520	0	0	12	0	56	0	98	0	0	0	0	0	0	4	0	0	60	0	526	0	6	96	0	86	0	6	0	0	216	0	15	0	2	0	6	13	301	26	0	6	0	0	3	30	0	0	45	0	52	109	6	0	0	32	76	0	0	0	0	0	0	146	0	0	0	133	0	26	0	29	0	0	18	3	0	20	5	0	0	11	120	37	0	0	9	0	0	0	0	0	6455	9	0	0	78	0	39	0	0	0	13	0	0	0	0	0	0	68	0	0	0	30	0	0	0	12	0	0	0	0	0	0	44	0	67	142	0	2	0	141	0	8	0	0	0	0	0	0	0	0	0	15	0	0	0	12	0	0	0	0	0	0	169	66	0	0	0	0	0	0	0	0	0	0	20	2	0	0	0	0	0	0	0	0	3	0	0	0	0	0	0	40	0	0	0	0	0	0	0	5	0	0	0	0	0	0	0	0	12	0	0	0	0	0	0	6	0	0	0	0	0	0	0	0	0	0	0	0	9	0	0	0	0	0	0	0	0	0	0	0	0	0	0	0	0	0	0	0	0	0	22	0	0	0	0	0	46	0	0	0	0	0	39	0	0	0	0	0	0	0	0	0	0	0	0	0	0	0	0	0	0	12	0	0	0	0	0	0	0	0	0	60	0	0	0	0	0	0	0	0	3	38	10	0	0	0	5	0	0	0	0	0	0	0	0	142	0	0	0	0	0	0	0	0	0	0	0	0	0	0	0	0	195	0	0	0	0	0	0	0	0	0	0	0	0	0
f289	66	316	0	0	2	14	2371	605	772	19	42	4	0	707	0	0	0	296	9	325	0	19	0	0	1984	34	0	38	12	0	84	7	0	0	25	215	142	219	34	192	941	0	17	0	21965	91	71	0	20	12	18	162	0	555	38	44	138	36	1452	4	325	82	0	49	0	0	0	34	0	51	222	27	1207	0	16	292	14	461	2	150	53	0	98	43	85	0	0	15	57	137	722	49	0	133	22	0	44	479	35	0	469	0	226	1461	22	3	26	250	535	76	0	99	0	15	0	305	0	283	0	501	10	557	17	161	0	31	81	39	3	42	0	0	0	0	209	31	66	0	139	5	0	82	55	0	14	31	0	15	40	0	95	0	0	15	7	34	0	0	0	0	14	170	0	62	0	828	0	28	0	10	0	0	0	0	15	0	476	0	239	787	390	734	369	904	0	123	26	0	98	50	11	0	0	0	0	98	22	0	0	80	5	27	0	0	0	11	230	460	85	0	0	0	0	103	51	101	69	0	100	0	7	0	0	0	0	0	0	12	56	0	0	0	0	0	0	57	17	0	30	0	0	0	13	0	0	0	27	4	11	123	0	24	141	16	0	0	15	7	0	21	0	48	0	312	79	0	0	0	0	0	2	79	104	0	0	22	29	5	0	4	0	0	0	16	0	0	0	0	8	40	12	0	3	0	50	0	0	0	0	0	393	0	0	0	2	6	388	0	6	0	7	0	12	18	21	0	0	0	0	0	0	0	90	9	34	4	37	0	0	58	0	0	0	0	24	22	0	0	0	30	0	182	0	0	0	386	28	24	31	56	4	15	23	40	38	0	0	0	0	463	3	2	0	0	0	0	0	0	0	0	0	0	0	0	18	9	1900	0	0	0	0	0	0	0	0	32	0	4	0	0
f290	0	0	0	0	0	0	0	0	3	0	0	0	0	5	0	0	0	0	0	212	0	0	0	0	0	2	0	0	0	0	41	0	0	0	0	0	0	0	0	41	0	0	0	0	69040	0	0	0	0	94	0	0	0	246	0	0	0	0	0	0	0	0	0	0	0	0	0	0	0	0	0	0	1478	0	0	0	0	0	0	0	0	0	0	0	0	0	0	0	0	4	0	0	0	0	0	0	0	0	0	0	0	0	0	0	0	0	0	0	0	0	0	0	0	0	0	0	0	0	0	50	0	0	0	0	0	0	0	0	0	0	57	0	0	0	0	0	0	0	0	0	0	0	0	0	59	0	0	0	89	0	0	0	0	0	0	0	0	0	0	0	0	0	0	0	0	0	0	0	0	0	0	0	0	0	0	0	13	0	713	0	0	0	0	0	0	0	0	0	0	0	0	0	0	0	0	0	0	0	0	0	0	0	0	0	0	0	0	11	0	0	0	0	0	0	0	0	0	0	6	0	0	0	0	0	0	0	0	0	0	0	0	0	0	0	0	83	0	0	0	0	0	0	0	0	0	0	0	0	0	0	0	0	0	0	0	0	4	0	0	0	0	0	0	0	0	0	0	0	0	0	0	0	6	0	0	0	0	0	0	0	0	0	0	0	0	0	0	0	0	0	0	0	0	0	7	0	0	0	0	0	0	0	0	0	0	0	0	0	0	0	0	0	0	10	0	0	0	0	0	0	0	0	0	0	0	11	0	0	0	0	0	0	0	0	0	0	0	0	0	0	0	0	0	0	0	0	0	0	0	0	0	0	0	0	0	0	0	0	0	12	0	0	0	0	0	0	0	0	0	0	0	0	0	0	0	0	0	0	0	0	0	0	0	0	0	0	0	0	0	0
f316	0	3	0	0	0	5	10	0	2	0	0	0	0	0	0	0	0	154	0	0	0	0	0	0	0	3	0	0	0	0	908	0	0	0	0	0	30	12	0	0	0	0	0	0	76836	2	0	0	0	160	0	0	0	8902	0	0	0	0	22	0	8	0	0	0	0	0	0	0	0	0	9	0	3361	0	0	10	0	0	0	0	3	0	4	0	0	0	0	3	0	0	8	0	0	0	0	0	0	0	0	0	0	0	0	0	4	0	0	0	0	0	0	0	0	8	0	21	0	0	0	381	19	12	0	0	0	0	0	0	0	0	0	0	0	48	0	65	0	0	0	0	0	0	0	0	0	33	0	0	2009	0	17	0	0	0	0	0	0	0	0	0	0	33	0	4	0	0	0	0	10	0	0	0	4	0	0	0	9	0	20	17	0	34	4	113	0	0	0	0	0	0	0	0	0	0	0	0	0	0	0	2	0	0	0	0	0	0	111	6	0	10	0	0	0	0	0	0	0	0	0	0	0	0	0	0	0	0	0	0	0	0	0	0	0	0	0	19	0	0	0	0	0	0	3	0	0	0	0	0	0	0	0	0	0	0	0	0	0	0	0	0	0	0	0	0	0	0	0	0	0	0	0	0	0	0	0	0	0	0	0	0	0	5	0	0	0	0	0	0	0	0	0	0	0	0	0	0	0	0	0	0	8	0	0	0	0	0	0	0	0	0	0	0	0	0	0	0	0	0	0	0	0	0	0	0	0	102	0	0	0	0	0	0	0	0	0	189	0	0	0	0	4	0	0	0	0	0	0	0	0	0	0	0	0	0	0	0	0	0	0	8	0	0	0	0	0	0	0	0	0	0	0	0	0	0	0	0	0	0	0	0	0	0	0	0	0	0	0	0	0	0
f317	0	0	0	0	0	7	2	2	0	0	0	0	0	0	0	0	0	178	0	2	0	0	0	0	36	4	0	0	0	0	364	0	0	0	0	0	28	26	0	0	25	0	0	0	59279	0	4	0	0	147	0	0	0	5233	0	0	0	0	53	0	22	0	0	0	0	0	0	0	0	0	23	0	583	0	0	0	0	0	0	0	0	0	0	0	0	0	0	0	0	0	4	0	0	0	0	0	4	0	0	0	0	0	0	35	9	0	0	0	0	0	0	0	0	23	2	44	0	11	0	265	35	0	0	3	0	0	32	0	0	0	0	0	0	69	0	183	0	0	0	0	0	0	0	0	8	43	0	0	1468	0	47	0	0	0	0	0	0	0	0	0	0	59	0	0	0	90	0	0	13	0	0	0	0	0	0	0	0	0	0	0	0	258	0	189	2	5	0	0	0	0	3	0	0	0	0	6	0	0	0	5	0	0	0	0	0	0	108	0	0	0	0	0	0	0	0	0	0	0	0	0	0	0	0	0	0	0	0	0	0	0	0	0	0	0	0	0	0	0	0	0	0	0	0	0	0	0	0	0	0	0	0	0	0	0	0	0	0	0	0	0	0	0	0	0	0	0	0	0	0	0	0	0	7	0	0	0	0	0	0	0	0	0	0	0	0	0	0	0	0	0	0	0	0	0	8	0	0	0	0	0	9	0	0	0	0	0	0	0	0	0	0	0	0	0	0	0	0	0	0	0	0	0	0	0	0	57	0	0	0	0	0	0	0	0	0	479	0	0	12	0	0	0	0	0	0	0	0	0	0	0	0	0	0	0	0	0	0	0	0	27	0	0	0	0	0	0	0	0	0	0	0	0	0	0	0	0	0	0	0	0	0	0	0	0	0	32	0	0	0	0
f318	0	0	0	0	0	0	0	4	0	0	2	0	0	0	0	0	0	27	0	0	0	0	0	0	17	0	0	0	0	0	179	0	19	0	0	0	0	0	0	0	0	0	0	0	57659	0	0	0	0	40	0	0	0	3024	0	0	0	0	0	0	5	0	0	0	0	0	0	0	0	0	4	0	911	0	0	0	0	0	0	0	0	0	0	0	0	0	0	0	0	0	0	0	0	0	0	0	0	0	0	0	0	0	0	0	0	0	0	0	0	0	0	0	0	2	0	6	0	0	0	164	4	0	0	0	0	0	0	0	0	0	0	0	0	20	0	20	0	0	0	0	0	0	0	0	0	18	0	0	1691	0	0	0	0	0	0	0	0	0	0	0	0	0	0	0	0	0	0	0	0	0	0	0	0	0	0	0	0	0	0	0	0	0	0	51	0	0	0	0	0	0	0	0	0	0	0	0	0	0	0	0	0	0	0	0	0	0	33	0	0	0	0	0	0	0	0	0	0	0	0	0	0	0	0	0	0	0	0	0	0	0	0	0	0	0	0	0	0	0	0	0	0	0	0	0	0	0	0	0	0	0	0	0	0	0	0	0	0	0	0	0	0	0	0	0	0	0	0	0	0	0	0	0	0	0	2	0	0	0	0	0	0	0	0	0	0	0	0	0	0	0	0	0	0	0	2	0	0	0	0	0	0	0	0	0	0	0	0	0	0	0	0	0	0	0	0	0	0	0	0	0	2	0	0	0	0	14	0	0	0	0	0	0	0	0	0	79	0	0	0	0	0	0	0	0	0	0	0	0	0	0	0	0	0	0	0	0	0	0	0	0	0	0	0	0	0	0	0	0	0	0	0	0	0	0	0	0	0	0	0	0	0	0	0	0	0	7	0	0	0	0
f319	14	25	0	0	0	4	133	77	22	0	0	0	0	124	14	0	0	127	0	136	0	0	0	0	44	0	0	13	0	0	478	0	4	0	0	8	69	10	6	47	17	0	0	0	70739	80	0	0	0	52	0	17	0	2337	0	0	14	4	162	0	0	10	0	24	0	4	0	0	0	0	9	0	1433	0	0	200	0	48	0	0	0	0	19	10	0	0	0	0	0	0	40	14	0	45	34	0	3	27	6	0	22	0	6	41	0	8	0	33	11	3	0	8	0	0	0	53	0	242	50	329	5	16	0	37	0	27	0	0	0	0	0	0	0	39	22	220	0	3	0	0	0	0	4	0	0	28	0	0	2015	0	73	0	0	4	0	28	19	0	0	0	0	15	0	0	0	49	0	0	6	0	0	0	0	4	0	18	67	0	20	89	0	58	7	159	0	0	0	0	8	0	4	0	0	4	0	22	0	0	0	15	0	0	0	0	0	0	172	18	0	33	0	0	2	262	0	0	21	19	0	0	14	0	0	0	0	0	0	0	0	0	0	0	0	0	0	36	0	0	0	0	0	0	0	24	2	0	0	0	0	0	0	12	59	23	0	0	3	7	0	5	0	0	0	114	0	0	0	0	0	0	0	0	0	0	0	0	0	2	0	0	0	0	0	0	0	0	0	0	0	7	0	0	0	0	3	0	0	0	0	0	0	0	0	0	0	0	38	0	0	9	0	0	0	0	0	0	0	0	0	0	5	0	0	82	0	46	58	0	0	14	0	0	0	0	10	212	0	3	18	0	0	27	0	0	0	0	14	0	3	0	0	0	0	0	0	0	0	0	0	56	0	11	0	0	0	0	0	6	0	0	0	0	0	0	57	0	215	0	0	0	0	0	0	0	0	36	23	0	0	0
f320	0	0	0	0	0	0	71	0	5	0	0	0	0	4	0	0	0	137	0	5	0	0	0	0	0	0	0	0	0	0	389	0	29	0	0	0	0	0	0	0	0	0	0	0	88208	0	0	0	0	18	0	0	0	1619	0	0	7	0	0	0	0	0	0	0	0	0	0	0	0	7	4	0	2759	0	0	15	0	0	0	0	0	0	0	0	0	0	0	0	0	0	0	0	0	0	0	0	3	0	0	0	0	0	0	0	0	0	0	0	0	0	0	0	0	0	0	20	0	0	0	422	0	0	0	0	0	0	8	0	0	0	0	0	0	30	0	25	0	0	0	0	0	0	0	0	0	11	0	0	1696	0	0	0	0	0	0	0	0	0	0	0	0	0	0	0	0	10	0	0	0	0	0	0	0	0	0	0	0	0	10	7	0	146	0	47	0	0	0	0	0	0	0	0	0	0	0	9	0	0	0	0	0	0	0	0	0	0	118	0	0	0	0	0	0	0	0	0	0	0	0	0	0	0	0	0	0	0	0	0	0	0	0	0	0	0	0	5	0	0	0	0	0	0	0	0	0	0	0	0	0	0	0	0	0	0	0	0	2	0	0	0	0	0	0	0	0	0	0	0	0	0	0	0	0	0	0	0	0	0	0	0	0	0	0	0	0	0	0	0	0	0	0	0	0	0	0	0	0	0	0	0	0	0	0	0	0	0	0	0	0	0	0	0	0	0	0	0	0	0	0	0	0	0	0	0	0	40	0	0	0	0	0	0	0	0	0	157	0	0	0	0	0	11	0	0	0	0	0	0	0	0	0	0	0	0	0	0	0	0	0	0	0	0	0	0	0	0	0	0	0	0	0	0	0	0	0	0	9	0	0	0	0	0	0	0	0	0	0	0	0	0
f346	0	0	0	0	0	5	34	8	35	11	10	0	0	25	0	0	0	0	0	35	0	0	6	0	528	100	0	0	0	0	111	0	0	0	0	0	49	27	0	53	0	0	0	0	66910	19	8	0	32	182	23	0	0	198	0	15	4	0	97	0	170	0	0	0	0	0	0	0	2	0	119	6	2924	0	0	0	0	0	5	57	0	0	0	0	108	0	0	0	8	0	8	0	0	0	0	0	31	31	0	0	30	0	162	663	32	0	0	39	0	0	0	0	0	21	0	45	0	0	0	58	0	0	0	16	0	0	20	0	0	0	19	0	0	5	0	0	0	0	0	0	0	0	0	0	4304	0	0	0	236	0	93	0	0	0	0	0	0	4	0	0	0	229	0	0	0	311	0	0	0	0	0	9	8	0	0	0	7	0	595	0	0	0	0	462	0	10	7	0	0	0	34	0	0	0	0	8	4	0	0	12	0	0	0	0	0	0	49	0	0	0	0	0	0	0	0	27	0	0	0	0	0	0	0	0	0	0	0	0	72	0	0	0	0	0	0	63	0	0	0	0	0	0	0	0	0	0	0	0	0	0	24	0	103	0	0	0	8	0	0	4	0	0	0	0	0	0	0	0	0	0	0	0	30	0	0	0	0	0	0	0	0	0	0	0	0	0	0	0	0	0	0	0	0	0	63	0	0	0	0	0	25	0	0	0	0	0	0	0	0	0	0	0	0	0	0	0	0	0	0	0	0	0	0	0	0	10	0	0	0	0	0	0	0	0	0	32	0	0	0	0	0	0	0	0	0	0	0	0	0	0	68	0	0	0	0	0	0	0	6	182	0	0	0	0	0	0	0	0	0	0	0	0	0	0	0	0	0	0	0	0	0	0	0	0	0	0	0	0	0	0
f347	0	0	0	0	5	3	115	0	53	13	14	11	0	34	0	0	0	63	0	561	0	0	10	0	740	137	0	0	0	0	120	0	40	0	5	0	43	35	0	79	0	12	0	0	58611	17	0	0	0	263	19	0	0	193	0	9	0	10	419	0	81	0	2	0	0	3	0	0	0	0	251	0	6583	0	0	0	0	0	5	0	4	0	3	0	168	0	0	0	9	0	0	4	0	0	0	0	71	20	0	0	7	0	136	339	17	0	0	14	0	0	0	0	0	35	0	88	0	15	0	406	0	0	0	21	0	0	37	0	0	0	29	0	0	8	0	0	0	0	0	0	0	0	0	0	38	0	0	0	671	0	81	0	0	0	62	0	0	0	0	0	0	354	0	2	0	739	0	0	0	0	0	0	0	0	0	0	0	0	0	0	0	55	0	1106	0	16	0	0	0	0	59	0	0	3	0	9	0	0	0	21	0	0	0	0	0	0	212	0	0	0	0	4	0	0	0	0	0	0	21	0	0	0	0	0	0	0	3	0	59	0	0	0	0	0	0	512	0	0	0	0	0	0	0	11	0	0	0	0	0	0	28	0	224	0	0	0	9	0	0	3	0	0	0	0	0	0	0	0	0	0	0	0	57	0	0	0	0	0	0	0	0	0	0	0	0	0	0	0	0	0	0	0	0	0	90	0	0	0	0	0	0	0	0	5	0	0	0	0	0	0	0	0	0	78	0	0	0	0	0	0	0	0	0	0	0	0	0	0	0	11	0	0	0	0	0	41	0	0	0	0	0	0	0	0	0	0	0	0	0	0	103	0	0	0	0	4	5	0	7	148	0	0	0	0	0	0	0	0	0	0	0	0	0	0	0	0	0	0	0	0	0	0	0	0	0	37	0	0	0	0
f348	0	0	0	0	0	0	38	0	90	0	21	9	0	28	0	0	0	106	6	551	0	0	4	0	331	88	0	0	0	0	201	0	9	0	0	0	30	31	0	111	0	0	0	0	54293	28	0	0	20	99	16	6	0	205	0	18	0	0	500	0	154	0	0	0	0	0	0	0	0	0	152	0	9503	0	0	0	0	0	9	0	4	0	0	0	127	0	0	0	0	0	0	0	0	0	0	0	68	18	0	0	0	0	103	143	31	0	0	76	0	0	0	0	0	39	0	96	0	47	0	237	0	0	0	21	0	0	35	0	0	0	7	0	0	38	0	0	0	0	0	0	0	0	0	0	9	9	0	0	1008	0	129	0	0	0	55	13	0	0	0	0	0	250	0	0	0	500	0	0	0	0	0	0	0	0	0	0	0	0	1480	0	0	0	0	683	0	0	0	0	0	0	29	0	0	3	0	8	0	0	0	23	0	0	0	0	0	0	75	0	0	0	0	0	0	0	0	19	0	0	17	0	0	0	0	0	0	0	0	0	69	0	0	0	0	0	0	213	0	0	0	0	0	0	3	9	0	0	0	0	0	0	23	0	202	0	0	0	11	0	0	0	0	0	0	0	0	0	0	0	0	0	0	0	44	0	0	0	0	0	0	0	0	0	0	0	0	0	0	0	0	0	0	0	0	0	72	0	0	0	0	0	24	0	0	0	0	0	0	0	0	0	0	0	0	49	0	0	0	0	0	0	0	0	0	27	0	10	0	0	0	0	0	0	0	0	0	109	0	0	0	0	0	0	0	0	0	0	0	0	0	0	104	0	0	0	0	0	0	0	5	164	0	0	0	0	0	0	0	0	0	0	0	0	0	0	0	0	0	0	0	0	0	0	0	0	0	45	0	0	0	0
f349	0	0	0	0	0	0	0	0	9	0	0	0	0	3	0	0	0	63	0	341	0	0	0	0	71	25	0	0	0	0	109	0	13	0	0	0	10	0	0	0	0	0	0	0	79179	2	0	0	0	201	0	0	0	193	0	0	0	0	95	0	31	0	0	0	0	0	0	0	0	0	19	0	4682	0	0	0	0	0	0	0	3	0	0	0	23	0	0	0	3	0	0	0	0	0	0	0	13	7	0	0	8	0	18	12	0	5	0	0	0	0	0	0	0	0	0	8	0	0	0	129	0	0	0	0	0	0	19	0	0	0	0	0	0	2	0	5	0	0	0	0	0	0	0	0	8	0	0	0	282	0	13	0	0	0	5	0	0	0	0	0	0	64	0	0	0	101	0	0	0	0	0	5	0	0	0	0	0	0	624	0	0	0	0	83	0	0	0	0	0	0	0	0	0	0	0	2	0	0	0	4	0	0	0	0	0	0	35	0	0	0	0	0	0	0	0	0	0	0	0	0	0	0	0	0	0	0	0	0	18	0	0	0	0	0	0	257	0	0	0	0	0	0	0	0	0	0	0	0	0	0	6	0	35	0	0	0	0	0	0	0	0	0	0	0	0	0	0	0	0	0	0	0	16	0	0	0	0	0	0	0	0	3	0	0	0	0	0	0	0	0	0	0	0	0	4	0	0	0	0	0	0	0	0	0	0	0	0	0	0	0	0	0	0	0	0	0	0	0	0	0	0	0	0	0	0	0	0	0	0	0	0	0	0	0	0	17	0	0	36	0	0	0	0	0	0	0	0	0	0	0	9	0	0	0	0	0	0	0	0	15	0	0	0	0	0	0	0	0	0	0	0	0	0	0	0	0	0	0	0	0	0	0	0	0	0	0	0	0	0	0
f350	0	14	0	0	2	0	56	20	111	19	26	9	0	40	0	0	0	110	2	365	0	0	0	0	706	119	0	0	7	0	190	0	14	0	0	7	56	27	4	107	0	9	0	0	49127	22	0	0	22	148	37	8	0	231	0	16	0	24	580	0	148	0	0	0	0	2	0	0	0	0	223	5	3716	0	0	18	0	15	15	24	10	0	63	0	164	0	0	0	5	0	176	0	0	0	0	0	45	54	6	0	42	0	166	411	46	3	0	61	7	0	0	0	0	28	0	86	0	16	0	234	2	19	0	34	0	0	40	0	0	0	0	0	0	21	30	13	0	0	0	0	0	6	0	0	49	16	0	4	1219	0	91	0	0	0	10	8	0	0	0	0	0	384	0	7	0	732	0	0	0	0	0	0	0	0	0	0	12	0	39	25	0	16	14	1084	0	0	8	0	3	0	66	0	0	0	0	10	0	0	0	46	0	2	0	0	0	0	66	0	0	0	0	0	0	0	0	20	0	0	13	0	0	0	0	4	0	0	0	0	92	0	0	0	0	0	0	109	0	0	0	0	0	0	3	0	0	0	0	0	4	0	23	5	257	0	0	0	11	0	0	6	0	0	0	29	0	0	0	0	0	0	0	0	51	0	0	0	0	0	0	0	0	0	0	0	0	0	0	0	0	0	0	0	0	0	111	0	0	0	0	0	42	0	0	0	0	0	12	0	11	0	0	0	0	73	0	0	0	0	0	0	0	0	0	30	0	8	0	0	0	0	0	0	0	0	0	77	0	0	0	0	0	0	0	0	0	0	0	5	0	3	135	0	0	0	0	0	0	0	10	178	0	0	0	0	0	0	0	0	0	0	0	0	0	0	0	0	60	0	0	0	0	0	0	0	0	99	0	0	0	0
f201	0	0	0	0	0	0	0	0	0	0	0	0	0	0	0	0	0	0	0	17	0	0	0	0	24	0	0	0	0	0	4645	0	15	0	0	0	7	0	0	58	0	0	0	0	21047	0	0	0	0	0	0	0	0	25637	0	3	0	4	0	0	0	0	0	0	0	0	0	0	0	22	7	0	1768	0	0	0	0	0	0	0	0	0	0	0	0	0	0	0	0	0	0	0	0	0	0	0	0	0	0	0	0	0	0	0	0	0	0	0	0	0	0	0	0	0	0	103	0	0	0	464	0	0	0	0	0	0	27	0	0	0	6	0	0	0	0	0	0	0	0	0	0	0	0	0	5	0	0	0	294	0	22	0	0	0	0	0	0	0	0	0	0	0	0	0	0	0	0	0	0	0	0	0	0	0	0	0	0	0	0	0	0	0	0	362	0	0	0	0	0	0	0	0	0	0	0	48	0	0	0	0	0	0	0	0	0	0	0	3	0	0	0	0	0	0	0	49	0	0	0	0	0	0	0	0	0	0	0	0	0	0	0	0	0	0	0	0	0	0	0	0	0	0	0	0	0	0	0	0	0	0	0	0	0	0	0	0	0	0	0	0	0	0	0	0	0	0	0	0	0	0	0	0	3	0	0	0	0	0	0	0	0	0	0	0	0	0	0	0	0	0	0	0	0	0	0	0	0	0	0	0	0	0	0	0	0	0	0	0	0	0	0	0	0	0	0	0	0	0	0	0	0	0	0	0	0	3266	0	0	0	0	0	0	0	0	0	68	0	0	0	0	5	0	0	0	0	0	0	0	0	0	0	0	0	0	0	0	0	0	0	9	0	0	0	0	0	0	0	0	0	0	0	0	0	0	0	0	3	0	0	0	0	0	0	0	0	131	0	0	0	0
f202	0	0	0	0	0	0	0	0	3	0	0	2	0	0	0	0	0	0	0	49	0	0	0	0	41	0	0	0	4	0	3347	0	0	0	0	0	13	4	0	33	0	0	0	0	40000	0	0	0	0	0	0	0	0	15368	0	0	0	3	0	0	0	0	0	0	0	0	0	0	0	38	0	0	7946	0	0	0	0	0	0	0	0	0	0	0	0	0	0	0	0	0	0	0	0	0	0	0	0	0	0	0	0	0	0	16	0	3	0	0	0	0	0	0	0	0	0	340	0	0	0	567	0	0	0	0	0	0	15	0	0	0	0	0	0	0	0	0	0	0	0	0	0	0	0	0	0	0	0	0	456	0	0	0	0	0	0	0	0	0	0	0	0	0	0	0	0	0	0	0	0	0	0	0	0	0	0	0	0	0	0	0	0	0	0	562	0	0	0	0	0	0	0	0	0	0	0	91	0	0	0	0	0	0	0	0	0	0	0	0	0	0	0	0	0	0	0	0	0	0	0	0	0	0	0	0	0	0	0	0	8	0	0	0	0	0	0	0	0	0	0	0	0	0	0	0	0	0	0	0	0	0	0	0	0	0	0	0	0	0	0	0	0	0	0	0	0	0	0	0	0	0	0	0	0	0	0	0	0	0	0	0	0	0	0	0	0	0	0	0	0	0	0	0	0	0	0	0	0	0	0	0	0	0	0	0	0	0	0	0	0	0	0	0	0	0	0	0	0	0	0	0	0	0	0	0	0	1704	0	0	0	0	0	0	0	0	0	45	0	0	0	0	0	0	0	0	0	0	0	0	0	0	0	0	0	0	0	0	0	0	0	0	0	0	0	0	0	0	0	0	0	0	0	0	0	0	0	0	0	0	0	0	0	0	0	0	0	201	0	0	0	0
f203	18	15	0	0	0	0	2377	1332	174	0	0	33	0	561	0	0	0	9	25	14	3	4	0	0	22555	0	0	3	18	0	31	18	0	0	0	36	0	13	47	0	0	0	0	0	533	0	304	0	25	0	0	0	0	215	0	510	763	98	902	0	190	1108	0	0	0	0	0	79	0	0	4	0	29	0	0	134	0	186	0	822	0	0	24	5	24	16	0	0	29	0	6	20	0	0	0	0	55	335	0	0	317	2	0	6621	0	0	15	325	61	0	0	0	0	8	0	2040	4	11	0	177	0	118	0	4	0	167	0	0	0	0	3	0	0	0	113	0	0	0	128	0	0	64	0	0	0	7	0	0	18	0	0	0	0	0	0	15	0	0	0	0	0	0	0	0	0	4924	0	0	0	20	140	5	0	3	0	0	0	0	0	151	0	10	806	746	0	5	13	0	35	0	0	9	0	0	0	312	11	0	4	50	0	9	0	0	140	17	0	50	5	0	0	0	0	0	0	156	24	0	0	0	0	0	0	0	0	0	0	0	62	0	0	0	0	0	0	0	0	0	0	0	0	0	0	0	0	0	0	0	0	10	0	0	0	0	0	0	0	0	0	0	0	0	0	0	0	65	0	0	0	0	0	6	0	0	0	0	0	0	9	0	0	0	0	0	0	0	0	0	37	6	0	0	0	269	0	0	0	0	0	0	48	0	0	0	0	0	15	0	0	0	0	0	0	0	0	0	0	0	0	0	0	0	0	0	28	48	0	0	0	0	0	0	0	0	0	63	0	0	0	0	4	30	0	0	0	95	0	11	41	35	0	0	0	0	0	0	0	0	0	61	0	0	0	0	0	11	4	0	0	0	0	0	0	0	0	0	1014	17	0	0	0	0	18	0	0	0	0	0	0	0
f204	0	0	0	0	0	0	9	0	0	0	0	0	0	0	0	0	0	0	0	9	0	0	0	0	15	0	0	3	0	0	47	0	0	0	0	0	5	0	0	0	0	0	0	0	55913	0	0	0	0	0	0	0	0	2475	0	0	0	0	0	0	0	0	0	0	0	0	0	0	0	60	0	0	1791	0	0	7	0	0	0	0	0	0	0	0	0	0	0	0	0	0	16	0	0	0	0	0	0	0	0	0	0	0	0	0	0	0	0	0	0	0	0	0	0	0	0	12	0	0	0	2409	0	4	0	0	0	0	0	0	0	0	0	0	0	0	0	0	0	0	0	0	0	0	0	0	0	5	0	0	98	0	0	0	0	0	0	0	0	0	0	0	0	0	0	0	0	25	0	0	0	11	0	5	0	0	0	0	33	0	0	15	0	0	0	0	0	0	0	0	0	0	0	0	0	0	0	0	0	0	0	0	0	0	0	0	0	0	0	5159	0	0	0	0	0	0	0	0	0	0	0	0	0	0	0	0	0	0	0	0	0	0	0	10	0	0	0	0	0	0	0	0	0	3	0	0	0	0	55	0	0	24	0	0	0	0	0	0	0	0	0	0	0	0	0	0	0	0	0	0	0	0	0	0	0	0	0	0	4	0	0	0	0	0	0	0	0	0	0	0	0	0	0	0	0	0	0	0	3	0	0	0	0	0	0	0	0	0	0	0	0	0	0	0	0	0	0	0	0	0	0	0	0	0	0	0	0	59	0	0	0	0	0	0	0	0	0	70	0	0	0	0	0	18	0	0	0	23	0	0	0	0	0	0	0	0	0	0	0	0	0	0	0	0	0	0	0	0	0	0	0	0	0	0	0	0	0	0	8	0	0	0	0	0	0	0	0	0	0	0	0	0
f205	0	0	0	0	0	0	112	46	22	0	0	0	0	73	0	0	0	6	0	98	0	0	0	0	4691	0	0	0	0	0	554	0	2	0	0	8	0	10	0	0	0	0	0	0	54401	0	23	0	0	7	0	0	0	9676	0	25	53	2	60	0	0	225	0	0	0	0	0	6	0	23	0	0	1941	0	0	35	0	0	0	35	0	0	73	2	0	0	0	0	0	12	0	0	2	0	0	0	0	0	0	0	19	0	0	140	0	0	0	8	0	0	0	0	0	3	0	150	0	0	0	308	0	5	0	2	0	0	0	0	0	0	0	0	0	0	0	0	0	0	0	0	0	9	0	0	0	0	0	0	252	0	0	0	0	0	0	0	0	0	0	0	0	0	0	0	0	271	0	0	0	4	0	0	0	0	0	0	61	0	0	127	0	0	38	192	0	0	0	0	3	0	0	0	0	0	0	27	0	0	0	11	0	0	0	0	19	0	0	31	0	0	0	0	0	0	0	0	15	0	0	0	0	0	0	0	0	0	0	0	48	0	0	0	0	0	0	0	0	0	0	0	0	0	0	0	0	0	0	0	0	0	0	0	0	0	0	0	0	0	0	0	0	0	0	0	0	0	0	0	0	0	0	0	0	0	0	0	0	0	0	0	0	0	0	0	0	0	0	0	0	0	0	0	0	0	0	0	0	0	0	0	0	0	0	0	0	0	0	0	0	0	0	0	0	0	0	0	0	0	0	0	0	0	0	0	0	296	0	0	0	0	0	0	0	0	0	73	0	0	0	0	5	0	0	0	0	0	0	0	3	0	0	4	0	0	0	0	0	0	0	0	0	0	0	0	0	0	0	0	0	0	0	0	0	0	0	0	74	0	0	0	0	0	0	0	0	16	0	0	0	0
f231	3	51	0	0	0	0	856	526	83	20	0	12	0	182	0	0	0	100	0	1377	3	11	0	0	2201	0	0	4	6	102	980	0	0	0	125	177	296	68	74	392	0	0	70	0	37765	186	39	0	59	142	40	0	0	280	0	29	59	22	98	27	27	24	0	29	0	0	0	26	4	18	180	23	2020	0	0	590	5	27	6	55	6	5	52	13	11	41	0	8	65	17	6	0	0	0	0	0	0	154	19	0	155	0	0	861	23	9	3	61	18	3	0	20	0	23	0	1273	5	40	0	2269	0	150	0	38	0	0	246	7	0	24	6	0	0	79	303	154	0	0	20	0	6	119	7	0	0	6	0	0	16	5	155	0	0	7	0	10	0	0	3	0	4	0	0	0	0	233	0	18	0	12	0	0	0	0	0	0	0	0	0	302	0	0	497	3040	0	13	116	0	17	0	0	0	0	14	0	46	11	0	0	26	0	11	0	0	31	0	183	403	0	0	0	0	0	0	26	78	0	0	18	11	0	0	0	0	0	0	0	0	132	0	0	0	0	9	0	1045	0	0	0	0	0	0	44	0	0	7	17	0	7	55	0	37	149	0	0	0	16	0	0	0	0	57	0	0	0	19	0	0	0	0	0	286	57	3	0	0	0	0	0	0	0	0	0	0	0	0	47	21	7	0	201	0	0	0	51	0	0	0	0	0	129	0	0	0	0	0	47	16	8	0	0	0	22	0	9	0	0	0	0	0	0	0	0	0	0	64	0	101	0	7	0	0	0	15	0	68	0	0	0	0	0	114	0	0	0	67	0	0	8	15	0	6	8	0	9	0	0	0	8	174	0	20	0	0	0	0	0	0	0	0	0	0	0	0	0	0	329	0	0	0	3	0	0	0	0	96	0	0	0	0
f232	0	0	0	0	0	0	35	21	0	0	0	0	0	4	0	0	0	18	0	22	0	0	0	0	51	0	0	0	0	0	462	0	0	0	13	0	5	0	0	78	0	0	0	0	79745	13	0	0	5	129	0	0	0	1161	0	0	0	0	0	0	0	0	0	0	0	0	0	0	0	0	7	0	274	0	0	11	0	0	0	0	0	0	0	0	0	0	4	0	0	0	4	0	0	0	0	0	0	0	0	0	0	0	0	13	0	0	0	4	0	0	0	0	0	0	0	129	0	0	0	145	0	4	0	0	0	0	0	0	0	0	0	0	0	0	0	11	0	0	0	0	0	0	0	0	0	0	0	0	111	0	21	0	0	0	0	0	0	0	0	0	0	0	0	0	0	0	0	3	0	0	0	0	0	0	0	0	0	0	0	0	0	0	10	246	0	0	0	0	0	0	0	0	0	0	0	8	0	0	0	0	0	0	0	0	0	0	8	21	0	0	0	0	0	0	0	0	0	0	0	0	0	0	0	0	0	0	0	0	0	0	0	0	0	0	0	9	0	0	0	0	0	0	0	0	0	0	6	0	0	0	0	0	8	0	0	0	0	0	0	0	0	0	0	0	0	0	0	0	0	0	0	8	0	0	0	0	0	0	0	0	0	0	0	0	0	0	0	0	0	0	32	0	0	0	0	0	0	0	0	0	0	0	0	0	0	0	4	2	0	0	0	0	0	0	0	0	0	0	0	0	0	0	0	0	0	112	0	0	0	0	0	0	0	0	0	77	0	0	0	0	0	0	0	0	0	0	0	0	0	0	0	0	0	0	0	0	0	0	0	0	0	0	0	0	0	0	0	0	0	0	0	0	0	0	0	0	0	0	0	0	0	0	0	0	0	19	0	0	0	0
f233	0	0	0	0	0	0	0	0	0	0	0	0	0	0	0	0	0	245	0	67	0	0	0	0	6	0	0	0	2	0	303	0	0	0	0	0	20	0	0	33	0	0	0	0	53638	5	0	0	0	234	0	0	0	1238	0	0	0	0	0	0	0	0	0	0	0	0	0	0	0	0	9	0	2311	0	0	0	0	0	0	0	0	0	0	0	0	0	0	0	0	0	0	0	0	0	0	0	0	0	0	0	0	0	0	0	0	10	0	0	0	0	0	0	0	0	0	56	0	0	0	625	0	0	0	0	0	0	0	0	0	0	0	0	0	23	0	10	0	0	0	0	0	0	0	0	0	0	0	0	57	0	0	0	0	0	0	0	0	0	0	0	0	0	0	0	0	0	0	0	4	0	0	0	0	0	0	0	0	0	0	0	0	0	0	90	0	0	2	0	0	0	0	0	0	0	0	9	0	0	0	0	0	0	0	0	0	0	5	17	0	0	0	0	0	0	0	5	0	0	0	0	0	0	0	0	0	0	0	0	12	0	0	0	0	0	0	40	0	0	0	0	0	0	0	0	0	0	0	0	0	0	0	0	0	0	0	0	0	0	0	0	0	0	0	0	0	0	0	0	0	0	0	0	9	0	0	0	0	0	0	0	0	0	0	0	0	0	0	0	0	0	102	0	0	0	0	0	0	0	0	0	0	0	0	0	0	0	0	0	0	0	0	0	0	0	0	0	0	0	0	0	0	0	0	0	0	60	0	0	0	0	0	0	0	0	0	64	0	0	0	0	0	0	0	0	0	0	0	0	0	0	0	0	0	0	0	0	0	0	0	0	0	0	0	0	0	0	0	0	0	0	0	0	0	0	0	0	0	0	0	0	0	0	0	0	0	0	0	0	0	0
f261	5	4	0	0	0	2	269	54	234	0	0	0	0	44	19	0	0	13	2	278	0	0	0	0	42	0	0	0	4	4	239	0	5	0	7	0	381	6	0	0	0	0	0	0	50467	19	46	0	0	315	0	0	0	531	0	18	0	0	805	0	0	164	0	0	0	0	0	39	0	310	0	10	3387	0	0	48	0	12	0	119	0	0	14	0	8	0	0	0	0	5	85	0	0	12	0	0	491	12	0	0	0	0	0	4371	0	0	0	3	86	0	0	44	0	6	0	194	0	0	0	879	0	36	0	0	0	0	0	0	0	10	6	0	0	4	46	7	0	0	0	0	0	0	0	0	7	7	0	0	65	0	0	0	0	0	0	0	0	0	0	0	0	0	0	0	0	456	3	3	0	0	0	0	0	0	0	0	0	0	0	149	0	4	69	133	0	0	8	0	27	0	0	0	0	0	0	22	0	0	0	14	0	0	0	0	0	0	0	175	0	0	0	0	0	0	0	0	0	0	0	0	0	0	0	0	0	0	0	0	27	0	0	0	0	0	0	423	0	0	0	0	0	0	0	0	0	0	5	0	0	257	0	0	0	0	0	0	0	0	0	0	0	0	0	0	0	8	0	0	0	36	0	6	0	0	0	3	0	0	0	0	0	0	0	0	11	0	10	0	0	0	33	0	0	0	0	0	0	0	0	0	0	0	0	0	0	0	24	0	0	0	0	0	0	0	0	0	0	0	0	0	0	0	0	0	0	78	0	13	0	4	0	0	0	0	0	69	0	0	0	0	4	8	0	0	0	81	0	0	83	0	0	7	0	0	80	0	0	0	0	7	0	0	0	0	0	0	0	0	0	0	0	0	0	0	0	0	242	0	0	0	0	0	0	0	0	19	0	0	0	0
f262	0	0	0	0	0	0	3	0	61	0	0	14	0	0	0	0	0	0	0	448	0	0	0	0	305	5	0	0	6	0	1740	0	43	0	53	0	2292	0	0	355	0	0	2	0	46330	363	15	0	0	406	0	12	0	2306	0	0	0	8	0	0	4	0	0	0	0	0	0	0	0	177	83	2	3571	0	0	19	0	0	0	0	3	0	6	0	0	29	0	5	0	0	0	0	0	0	0	0	0	0	0	0	2	4	0	73	28	0	0	8	0	0	0	0	0	6	0	1209	0	0	0	5592	0	0	0	5	0	0	155	0	0	0	0	0	0	0	0	0	0	0	0	0	0	0	0	0	0	0	0	0	149	0	31	0	38	0	0	0	0	0	0	0	0	13	0	0	0	0	0	0	16	0	0	0	0	0	0	0	0	0	0	0	0	180	0	870	0	15	76	0	0	0	0	0	0	0	0	42	0	0	0	13	0	0	0	0	0	0	0	0	0	0	0	0	0	0	0	27	0	0	0	20	0	0	0	0	0	0	0	0	52	0	0	0	0	0	0	414	0	0	0	0	0	0	0	0	0	0	0	0	13	0	0	0	0	0	0	0	17	0	0	27	0	0	0	0	0	0	0	0	0	0	0	0	42	0	0	0	0	0	0	0	0	0	0	0	0	0	0	0	4	0	477	0	0	0	34	0	0	0	0	0	0	0	0	0	0	0	0	0	0	0	0	0	0	0	0	0	0	0	0	0	0	0	0	0	0	294	0	0	0	0	0	0	0	0	0	101	0	0	0	0	0	0	0	0	0	0	13	0	0	0	0	0	0	0	0	0	0	0	0	24	0	0	0	0	0	0	0	0	0	0	0	0	0	0	0	0	0	0	0	0	0	0	0	0	0	212	0	0	0	0
f263	0	34	73	0	0	0	394	1883	791	0	0	55	0	4677	0	0	0	0	0	91	0	154	0	57	637	68	0	0	51	33	152	0	0	0	0	253	3807	86	0	65	0	0	0	0	928	57	191	0	317	41	36	0	0	149	0	9	85	48	695	0	0	0	0	0	0	0	29	1405	0	40	395	0	810	0	0	3122	0	922	0	127	11	0	130	450	0	0	0	95	25	21	0	0	0	2	86	0	0	351	0	0	400	0	0	90	223	0	106	1458	85	0	0	149	0	28	0	395	300	502	0	717	0	61	0	53	0	205	314	6	0	38	0	0	99	0	0	0	0	0	140	0	0	91	0	18	0	123	0	0	73	0	0	45	77	49	0	122	110	0	0	0	0	0	0	0	0	0	0	0	0	0	118	116	0	0	35	0	32	0	0	275	0	556	947	2345	0	39	200	0	0	0	0	0	82	0	0	145	0	0	0	0	0	0	0	0	0	0	0	238	0	0	0	56	0	0	33	255	31	0	0	122	0	0	2	0	0	0	0	0	180	0	0	0	0	0	0	12	0	0	33	0	0	0	0	0	0	0	274	77	121	0	0	162	316	0	0	0	624	0	0	197	0	150	0	0	0	0	0	0	0	0	0	184	165	0	0	0	0	15	0	0	0	0	0	0	0	57	0	0	0	0	0	22	0	0	157	0	0	0	0	0	867	0	0	0	0	0	0	0	0	0	0	0	0	0	0	0	0	0	0	0	0	0	49	0	41	209	0	1186	66	0	0	0	0	0	0	77	0	0	0	0	0	0	0	0	0	125	18	49	0	115	0	0	24	0	0	0	0	26	0	390	0	0	0	0	0	0	0	0	0	0	0	0	23	0	18	0	4091	0	0	0	0	0	0	0	31	0	0	0	0	0
f291	3	0	0	0	0	0	0	0	0	0	0	0	0	0	2146	105	74	31	0	67	0	48	0	0	81	258	0	22	0	0	1121	0	589	190	24	0	82	0	0	601	47	34	60	0	32346	18	0	0	0	17	0	0	12	284	0	0	0	0	0	0	0	0	0	0	9	41	17	0	0	1262	0	0	1195	0	0	0	0	0	0	0	174	0	3	0	0	21	0	284	171	0	12	0	0	0	0	29	0	0	0	0	0	0	0	38	88	0	0	0	0	21	16	11	0	0	0	128	0	100	0	188	0	0	0	0	32	0	290	0	0	0	0	29	0	14	0	0	0	0	0	0	0	0	0	0	0	231	0	0	494	0	26	0	0	0	0	0	0	0	0	0	0	79	0	0	0	0	31	0	0	0	0	316	40	0	361	0	231	72	1612	0	79	0	0	673	0	136	64	0	0	0	0	0	0	0	0	0	0	0	0	483	0	0	2	84	0	0	0	326	0	0	18	28	0	0	0	0	0	0	4	0	0	110	0	0	11	56	0	0	0	0	0	0	7	0	60	0	0	0	0	43	0	0	0	0	0	0	93	0	0	0	15	0	0	0	0	0	0	0	136	0	0	0	23	0	0	0	0	0	230	0	0	0	35	0	0	0	0	0	0	0	0	0	0	0	0	0	95	0	0	0	0	0	0	0	0	0	70	16	0	0	0	0	0	36	0	0	0	0	0	0	0	23	0	33	0	80	0	125	0	0	0	0	0	0	0	37	0	0	0	0	15	0	22	0	0	110	90	0	688	0	0	0	0	0	0	20	60	0	0	0	0	0	0	0	0	0	0	0	0	0	0	0	0	13	5	0	0	0	221	21	27	0	0	27	0	0	0	0	0	21	0	0	0	0	0	74	0	0	0	0
f321	0	0	0	0	0	22	155	0	21	0	0	18	0	0	0	0	0	645	0	10	0	0	0	0	98	13	0	0	0	0	2383	0	0	0	0	0	141	109	0	76	27	0	0	0	49431	0	6	0	6	380	0	0	0	6858	0	0	0	7	36	0	57	0	0	0	0	0	0	0	0	8	155	0	5220	0	0	0	0	0	0	6	7	0	0	0	0	0	0	0	5	0	5	0	0	0	0	0	0	17	5	0	0	0	3	56	58	0	0	0	2	0	0	0	0	88	0	223	0	41	0	1564	94	0	0	7	0	2	113	0	0	0	0	0	0	169	0	356	0	0	0	0	0	0	0	0	0	170	0	0	2753	0	90	0	0	0	0	0	0	0	0	0	0	315	0	3	0	14	0	0	77	0	0	0	0	0	0	0	0	0	0	0	0	138	0	819	0	20	0	0	0	0	0	0	0	12	0	34	0	0	0	10	0	0	0	0	0	0	0	0	0	13	0	0	0	17	0	0	0	0	10	0	0	0	0	0	0	0	0	0	10	0	0	0	0	0	0	0	0	0	0	0	0	0	0	0	0	0	0	0	0	0	11	0	14	0	0	0	5	0	0	0	0	0	0	0	0	0	0	0	0	0	0	0	14	0	0	0	0	0	0	0	0	0	0	0	0	0	0	0	0	0	0	0	0	0	52	0	0	0	0	0	0	0	0	0	0	0	0	0	0	0	0	0	0	0	0	0	0	0	0	0	0	0	0	0	0	112	0	0	0	0	0	0	0	0	0	2630	0	0	0	0	0	0	0	0	0	0	9	0	0	0	0	0	0	0	0	0	0	0	12	44	0	0	0	0	0	0	0	0	0	0	0	0	0	0	0	0	4	0	0	0	0	0	0	0	0	240	0	0	0	0
f322	0	0	0	0	0	23	254	0	44	0	15	16	2	0	0	0	0	872	0	24	0	0	0	0	72	27	0	0	0	0	918	0	0	0	8	0	235	74	0	105	0	0	0	0	39137	12	7	0	0	262	0	0	0	3885	0	18	0	0	42	0	74	0	0	0	0	0	0	0	0	0	150	0	5832	0	0	0	0	0	0	0	4	0	0	0	0	0	0	0	0	0	0	0	0	0	0	0	0	0	0	0	0	0	9	118	84	3	0	33	0	5	0	0	0	99	0	322	0	135	0	3448	72	0	0	20	0	0	118	0	0	0	0	0	0	87	0	196	0	0	0	0	0	0	0	0	0	115	0	0	3396	0	148	0	0	0	0	0	0	0	0	0	0	209	0	0	0	70	0	0	10	0	0	4	0	0	0	0	0	0	0	0	0	194	0	726	0	29	76	0	0	0	0	0	0	10	0	28	0	0	0	12	0	0	0	0	0	0	0	0	0	14	0	0	0	99	0	0	0	0	0	0	0	0	0	0	0	0	0	0	0	0	0	0	0	0	0	0	0	0	0	0	0	0	0	0	0	0	0	0	9	0	4	0	0	0	0	0	0	0	0	4	0	0	0	0	0	0	0	0	0	0	0	0	25	0	0	0	0	0	0	0	0	0	0	0	0	0	37	0	0	0	0	0	0	0	0	0	0	0	4	0	88	0	0	0	0	0	0	0	0	0	0	0	0	0	0	0	0	0	0	0	0	0	0	0	0	92	0	0	0	0	0	0	0	0	0	1155	0	0	0	0	4	0	0	0	0	0	0	0	0	0	0	0	0	0	0	0	0	0	16	45	0	0	0	0	0	0	0	0	0	0	0	0	0	0	0	0	0	0	0	0	0	0	0	0	0	256	0	0	0	0
f323	0	4	0	0	0	4	223	46	197	0	0	0	0	14	0	0	0	210	0	46	0	0	5	0	37	8	0	0	0	0	837	0	0	0	0	6	94	43	0	41	11	0	0	0	35182	10	12	0	8	29	0	34	0	10410	0	0	14	0	35	0	30	0	0	0	0	0	0	2	0	46	76	0	3324	0	0	15	23	37	0	0	3	0	75	5	7	0	0	0	0	9	64	0	0	0	0	0	5	28	0	0	27	0	7	34	13	0	0	18	24	0	0	0	0	33	0	135	0	40	0	656	17	16	0	17	0	0	42	0	0	0	0	0	0	53	90	53	20	0	0	0	0	27	0	5	0	112	0	0	1484	0	26	0	0	0	0	0	0	0	0	0	0	93	0	2	0	10	0	2	20	0	0	0	0	0	0	0	87	0	192	96	0	65	28	185	0	15	8	0	6	0	13	0	0	2	0	25	0	0	0	13	3	0	0	0	0	0	62	181	0	8	0	0	0	25	0	0	0	0	8	0	0	0	0	0	0	0	0	0	0	0	0	5	0	0	0	105	0	0	0	0	0	0	0	0	0	0	4	0	0	0	0	0	6	0	0	0	0	0	0	0	0	47	0	0	0	0	0	0	0	0	0	86	8	0	0	2	0	0	0	0	0	4	0	5	0	0	0	0	0	0	0	0	0	0	22	0	0	0	0	0	77	0	0	0	0	0	55	0	0	0	0	0	0	0	0	0	0	0	0	0	0	0	0	0	0	63	0	0	0	8	0	0	0	0	0	1068	0	0	0	0	5	0	0	0	0	20	9	0	0	6	0	6	0	0	0	0	0	0	0	13	0	0	0	0	0	0	0	0	0	0	0	0	0	0	0	0	166	0	0	0	0	0	0	0	0	45	0	0	0	0
f324	0	0	0	0	0	3	85	0	27	4	10	8	0	0	0	0	0	749	0	0	0	0	0	0	46	0	0	0	0	0	1135	0	0	0	0	0	31	20	0	54	15	0	0	0	29662	0	5	0	0	29	0	0	0	5499	0	0	0	0	0	6	24	0	0	0	0	0	0	0	0	4	41	0	9914	0	0	0	0	0	0	0	0	0	0	0	0	0	2	0	2	0	0	0	0	0	0	0	0	2	0	0	0	0	0	29	29	0	0	0	0	0	0	0	0	58	0	96	0	35	0	1071	16	2	0	0	0	0	61	0	0	0	0	0	0	33	0	36	0	0	0	0	0	0	0	0	0	13	0	0	1959	0	30	0	0	0	0	3	0	0	0	0	0	59	0	0	0	21	0	0	0	0	0	0	0	0	0	0	0	0	0	0	0	85	0	200	0	6	0	0	0	0	0	0	0	5	0	10	0	0	0	9	0	0	0	0	0	0	5	5	0	0	0	0	0	19	0	13	0	0	0	4	0	0	0	0	0	0	0	0	0	0	0	0	0	0	0	0	0	0	0	0	0	0	0	0	0	0	0	0	0	0	0	0	0	0	0	0	0	0	0	0	0	0	0	0	0	0	0	0	0	0	0	0	0	0	0	0	2	0	0	0	0	0	0	0	0	0	21	0	0	0	0	0	0	0	0	0	0	0	0	0	112	0	0	0	0	0	0	0	0	0	0	0	0	0	0	0	0	0	0	0	0	0	0	0	0	44	0	0	0	0	0	0	0	0	0	518	0	0	0	0	0	0	0	0	0	0	0	0	0	0	0	0	0	0	0	0	0	0	12	8	0	0	0	0	0	0	0	0	0	0	0	0	0	0	0	0	0	0	0	0	0	0	0	0	0	56	0	0	0	0
f325	0	0	0	0	0	0	204	5	0	0	0	0	0	0	0	0	0	383	2	24	0	0	0	0	7	0	0	0	0	0	303	0	0	0	0	0	21	0	0	0	0	5	0	0	63754	0	0	0	0	31	0	0	0	758	0	0	0	0	21	0	0	0	0	0	0	0	0	0	0	5	6	0	9619	0	5	15	0	0	0	0	0	0	41	0	0	0	0	0	0	0	49	0	0	0	0	0	0	0	0	0	0	0	0	0	0	2	0	0	0	0	4	0	0	12	0	6	0	9	0	1689	0	0	0	0	0	0	0	0	0	0	0	0	0	19	4	26	0	0	0	0	0	0	0	0	7	3	0	0	1956	0	0	0	0	0	0	0	0	0	0	0	0	0	0	0	0	0	0	0	5	0	0	0	0	0	0	0	6	0	136	44	0	0	0	41	3	0	0	0	0	0	0	0	0	0	0	0	0	0	0	0	0	0	0	0	0	0	141	36	0	0	0	0	0	0	0	0	0	0	0	0	0	0	0	0	0	0	0	0	0	0	0	5	0	0	0	0	0	0	0	0	0	0	0	0	0	0	3	0	0	0	3	0	0	0	0	0	0	0	0	0	0	0	0	0	0	0	0	0	0	0	0	0	0	0	0	0	0	0	0	0	0	5	0	0	0	0	0	0	0	0	0	0	0	0	0	0	0	0	0	0	43	0	0	0	0	0	0	0	0	0	0	0	0	0	0	0	0	0	0	0	0	0	0	0	0	23	0	0	0	0	0	0	0	0	0	129	0	0	0	0	0	0	0	0	0	0	0	0	0	0	0	0	0	0	0	0	0	0	0	0	0	0	0	0	0	0	0	0	0	0	0	0	0	0	0	0	7	0	0	11	0	0	0	0	0	27	0	0	0	0
f326	0	0	0	0	0	0	105	32	43	0	0	0	0	0	0	0	0	496	0	13	0	0	0	0	31	2	0	0	0	0	1175	0	0	0	0	0	20	6	0	0	8	0	0	0	40952	2	4	0	3	26	0	0	0	10086	0	0	9	2	131	0	0	50	0	0	0	0	0	0	0	10	0	0	2121	0	0	32	0	0	0	43	0	0	52	0	0	0	0	0	3	0	116	0	0	0	0	0	0	0	0	0	5	0	0	26	0	0	4	201	0	0	0	0	0	0	0	81	0	0	0	408	0	4	0	0	0	0	19	0	0	0	0	0	0	8	10	8	0	0	0	0	0	0	0	0	0	0	0	0	3785	0	16	0	0	0	0	0	0	0	0	0	0	27	0	0	0	103	6	0	0	3	0	0	0	0	0	0	17	0	22	91	0	14	6	107	0	0	0	0	0	0	4	0	0	0	0	24	0	0	0	0	0	0	0	0	0	0	0	9	0	0	0	0	0	0	0	0	0	0	0	0	0	0	0	0	0	0	0	0	9	0	0	0	0	0	0	19	0	0	0	0	0	0	0	2	0	0	0	0	0	0	0	0	0	0	0	0	0	0	0	0	8	0	0	0	0	0	0	0	0	0	0	0	0	0	0	0	0	3	2	0	0	4	0	0	0	0	0	0	0	0	0	0	0	0	0	0	112	0	0	0	59	0	0	0	0	0	16	0	0	0	0	0	0	0	0	0	0	0	0	0	0	0	0	0	0	225	0	0	0	0	0	0	0	0	0	1053	0	0	0	0	0	0	0	0	0	18	0	0	0	0	0	0	0	0	0	0	0	0	0	2	0	0	0	0	0	0	0	0	0	0	0	0	0	0	0	0	75	0	0	0	0	0	0	0	0	4	0	0	0	0
f327	0	0	0	0	0	6	351	8	35	0	18	9	0	0	10	0	0	1856	0	52	0	0	0	0	72	19	0	2	0	0	1379	0	0	0	0	0	200	105	0	57	15	0	0	0	40121	0	0	0	6	289	0	0	0	1365	0	0	0	0	85	0	50	0	0	0	0	0	0	0	0	0	74	0	18333	2	0	16	0	0	4	0	0	0	5	0	7	0	0	5	10	0	0	0	0	0	0	0	0	10	0	0	13	0	0	29	29	0	0	29	4	0	0	0	0	74	0	208	0	85	0	4570	83	0	0	7	0	0	89	0	0	0	0	0	0	55	0	181	0	0	0	0	0	45	0	0	0	59	0	0	3983	0	31	0	0	0	0	0	0	0	0	0	0	166	0	0	0	20	0	0	9	6	0	0	0	0	0	0	7	0	1106	0	0	90	0	455	0	24	0	0	0	0	0	0	0	6	0	23	0	0	0	0	0	0	0	0	0	0	114	22	0	14	0	0	0	23	0	17	0	0	5	0	0	0	0	0	0	0	0	0	0	0	0	18	0	0	0	0	0	0	0	0	0	0	0	0	0	0	0	2	0	0	4	0	0	0	0	0	0	0	0	0	0	0	0	0	0	0	0	0	0	0	0	0	0	0	0	0	7	0	0	0	0	0	0	0	0	0	58	0	0	0	0	0	0	0	15	0	0	0	0	0	204	0	0	0	0	0	0	0	0	0	0	0	0	0	0	0	0	0	0	0	0	0	0	0	0	21	0	0	0	0	0	0	0	0	0	385	0	0	12	0	0	0	0	0	0	0	17	0	0	0	0	0	0	0	0	0	0	0	10	11	0	0	0	0	0	0	0	0	0	0	0	0	0	0	0	0	0	0	0	0	0	0	0	0	0	161	0	0	0	0
f328	0	0	18	0	0	0	195	1371	928	84	0	0	0	0	0	0	0	419	0	0	0	37	0	0	1376	265	0	4	0	193	1789	0	64	0	11	135	82	18	52	186	12678	21	376	0	1430	110	609	0	9	23	0	0	0	204	0	633	1292	0	9	5	501	0	0	101	0	0	0	0	0	22	0	25	850	0	0	5	0	0	25	37	2636	0	78	0	0	77	0	85	606	0	74	0	0	34	0	0	0	947	12	0	0	18	52	2620	93	0	0	677	0	4	0	0	0	0	0	1277	53	285	0	3129	0	0	61	1229	0	195	334	0	0	65	0	0	0	22	12	30	0	0	25	0	0	48	0	0	0	155	19	0	322	0	782	0	73	0	0	4	94	0	0	0	0	0	0	0	0	0	0	0	0	0	0	25	0	0	113	0	72	19	619	17	0	4058	17	1121	0	542	285	0	0	12	0	0	0	0	2	160	128	0	0	97	0	0	0	0	0	0	45	74	0	0	0	0	0	110	77	2033	0	0	0	51	0	0	0	0	0	0	0	0	875	7	34	8	0	0	0	0	0	0	0	0	0	0	0	0	0	0	6	0	30	102	0	0	0	0	0	0	0	0	0	25	0	0	0	0	12	0	0	0	0	0	0	0	195	0	0	0	11	3	0	0	0	7	5	180	0	0	0	0	82	0	0	9	0	0	0	0	0	0	0	0	267	0	0	0	0	0	54	0	0	0	0	0	0	0	0	0	0	0	0	0	0	0	0	9	15	22	0	0	0	57	0	0	0	0	0	67	0	0	0	0	0	19	0	0	0	307	166	43	0	0	0	0	21	20	0	0	0	0	0	488	0	0	0	0	0	0	0	0	0	0	0	0	0	0	0	0	3	0	0	0	0	4	0	0	0	7	0	0	0	46
f329	0	0	0	0	8	19	308	33	101	0	31	16	0	0	0	0	0	1281	0	121	0	13	0	0	138	21	0	53	0	0	1922	0	0	0	7	0	233	104	3	97	33	0	2	0	27523	22	15	0	11	465	0	0	0	10412	0	0	0	0	246	0	193	0	0	0	0	0	0	0	0	9	190	0	8693	0	0	51	0	135	2	9	0	0	543	0	6	0	0	0	19	0	447	59	0	14	78	0	0	34	6	0	41	0	30	77	63	0	0	81	36	0	0	0	18	98	0	416	0	103	0	2580	72	14	0	15	0	0	151	0	0	20	12	0	0	166	250	544	0	7	9	0	0	0	0	0	0	234	0	0	3569	0	121	0	0	0	0	3	0	0	0	0	4	265	0	0	0	181	0	0	0	20	10	0	0	0	0	15	9	0	56	28	0	150	3	984	0	29	13	0	4	0	3	0	0	0	0	39	24	0	0	10	0	0	0	0	0	0	12	57	0	53	0	0	0	117	3	25	0	0	0	0	0	0	0	0	0	0	0	0	0	0	0	9	0	0	0	0	0	0	0	0	4	0	0	0	0	0	0	0	7	0	19	0	33	0	0	0	0	0	0	21	0	0	0	13	0	0	0	0	0	0	0	10	13	0	0	0	211	0	0	0	0	4	0	0	0	0	91	0	0	4	6	0	0	0	36	0	0	0	0	0	160	0	0	0	0	0	48	3	0	0	0	0	0	0	0	0	0	0	0	0	0	0	0	0	0	195	0	0	0	11	0	0	0	0	0	1491	0	0	6	0	0	0	6	0	0	46	18	0	0	0	0	14	0	685	0	0	0	0	23	82	0	0	36	0	0	0	0	0	2	0	0	0	0	0	92	0	173	0	0	0	0	0	0	0	0	282	0	0	0	0
f330	0	2	0	0	0	0	344	18	28	0	34	17	0	4	0	0	0	2037	0	37	0	0	0	0	182	24	0	0	0	3	1315	0	0	0	14	0	106	73	0	79	9	5	0	0	29659	0	0	0	0	42	0	0	0	531	0	0	0	0	11	0	33	4	0	0	0	0	0	0	0	0	155	0	12863	0	0	0	0	0	3	0	18	0	0	0	0	0	0	0	0	0	0	0	0	0	0	0	0	0	0	0	15	0	0	46	84	0	0	16	3	0	0	0	0	139	0	238	0	176	0	5647	30	0	0	14	0	0	195	0	0	0	0	0	0	72	0	165	0	0	0	0	0	0	0	0	0	35	0	0	3940	0	136	0	0	0	0	0	0	0	0	0	0	215	0	0	0	37	0	0	0	0	0	0	0	0	0	0	0	0	21	0	0	77	3	1141	0	35	0	0	0	0	0	0	0	43	0	28	0	0	0	10	0	0	0	0	0	0	22	0	0	0	0	0	0	61	4	21	0	0	7	0	0	0	0	0	0	0	0	0	21	0	0	0	0	0	0	6	0	0	0	0	0	0	0	7	0	0	0	0	0	0	13	0	9	0	0	0	0	0	0	2	0	0	0	0	0	0	0	0	0	0	0	0	15	0	0	0	9	0	0	0	0	0	0	0	0	0	17	0	0	0	4	0	0	0	0	0	0	0	0	0	10	0	0	0	0	0	0	0	0	0	0	0	0	0	0	0	0	0	0	0	0	0	0	0	0	65	0	0	0	0	0	0	0	0	0	1074	0	7	0	0	0	0	0	0	0	0	0	0	0	0	0	0	0	0	0	0	0	0	0	12	0	0	0	0	0	0	0	0	0	0	0	0	0	0	0	0	15	0	0	0	0	0	0	0	0	542	0	0	0	0
f351	0	0	0	0	0	0	73	31	152	19	20	7	0	0	0	0	0	76	2	654	0	0	11	0	526	98	0	0	3	0	278	0	11	0	0	0	54	93	0	167	0	0	0	4	61875	28	9	0	16	441	25	0	0	244	0	0	0	11	321	0	214	0	0	0	0	0	0	0	0	3	305	7	6776	0	0	0	0	0	16	0	0	0	0	0	148	0	0	0	14	0	0	0	0	0	0	0	11	18	4	0	6	0	153	239	26	5	0	150	0	0	0	0	0	41	0	114	0	29	0	232	0	0	0	40	0	0	51	0	0	0	19	0	0	12	0	0	0	0	0	0	0	0	0	0	16	0	0	0	989	0	95	0	0	0	58	23	0	0	0	0	0	398	0	0	0	284	0	0	0	0	0	0	0	0	0	0	0	0	1662	0	0	29	0	1223	2	14	8	3	0	0	57	0	0	0	0	0	0	0	0	22	0	0	0	0	0	0	21	0	0	0	0	0	0	0	0	36	0	0	30	0	0	0	0	0	0	0	0	0	95	0	0	6	0	0	0	549	0	4	0	0	0	0	0	13	0	0	0	0	5	0	43	0	219	0	0	0	12	0	0	0	0	0	0	0	0	0	0	0	0	0	0	0	64	0	0	0	4	0	0	0	0	9	0	0	0	0	0	0	0	0	0	0	0	0	115	0	0	0	0	0	21	0	0	0	0	0	0	0	0	0	4	0	0	145	0	0	0	0	0	0	0	0	0	23	0	22	0	0	0	0	0	0	0	0	0	113	0	0	0	0	0	0	0	0	0	0	0	0	0	0	126	0	0	0	0	0	0	0	12	83	0	0	0	0	0	0	0	0	0	0	0	0	0	0	0	0	0	0	5	0	0	0	0	0	0	66	0	0	0	0
f352	0	0	0	0	0	0	0	4	11	0	0	0	0	0	0	0	0	0	0	341	0	0	0	0	96	15	0	0	0	0	45	0	0	0	0	0	12	27	0	43	0	0	0	0	53909	4	0	0	0	141	5	0	0	131	0	0	0	0	39	0	15	0	0	0	0	0	0	0	0	0	52	0	2981	0	0	3	0	6	0	0	0	0	0	0	49	0	0	0	0	0	0	0	0	0	0	0	0	0	0	0	0	0	42	41	0	0	0	13	0	0	0	0	0	6	0	16	0	0	0	122	0	0	0	10	0	0	0	0	0	0	9	0	0	0	0	0	0	0	0	0	0	0	0	0	0	0	0	6	197	0	12	0	0	0	10	7	0	0	0	0	0	61	0	0	0	73	0	0	0	0	0	0	0	0	0	0	0	0	3252	0	0	0	0	125	0	0	0	0	0	0	9	0	0	0	0	4	0	0	0	5	0	0	0	0	0	0	5	0	0	0	0	0	0	0	0	0	0	0	0	0	0	0	0	0	0	0	0	0	0	0	0	0	0	0	0	215	0	0	0	0	0	0	0	0	0	0	0	0	0	0	6	0	23	0	0	0	0	0	0	0	0	0	0	0	0	0	0	0	0	0	0	0	10	0	0	0	0	0	0	0	0	0	0	0	0	0	0	0	0	0	0	0	0	0	14	0	0	0	0	0	0	0	0	0	0	0	0	0	0	0	0	0	0	14	0	0	0	0	0	0	0	0	0	0	0	21	0	0	0	0	0	0	0	0	0	14	0	0	0	0	0	0	0	0	0	0	0	0	0	0	0	0	0	0	0	0	0	0	4	9	0	0	0	0	0	0	0	0	0	0	0	0	0	0	0	0	0	0	0	0	0	0	0	0	0	0	0	0	0	0
f353	0	0	0	0	0	0	144	0	52	31	45	19	3	0	0	0	0	106	0	174	0	0	0	0	74	80	0	0	0	0	110	0	35	0	6	0	113	43	0	44	0	0	0	0	49003	0	7	0	34	549	9	0	0	172	0	0	0	22	109	0	0	0	0	0	0	0	0	0	0	6	192	6	11936	0	0	0	0	0	0	0	0	0	0	0	29	4	0	0	0	0	0	0	0	0	0	0	4	13	14	0	0	2	220	66	55	0	0	17	0	0	0	0	17	18	0	121	0	21	0	333	0	0	0	0	0	0	0	0	0	0	0	0	0	7	0	0	0	0	0	0	0	0	0	0	33	0	0	0	149	0	114	0	0	0	23	0	0	0	0	0	0	213	0	0	0	378	0	0	0	0	0	6	0	0	0	0	15	0	2803	0	0	0	0	384	0	0	40	3	0	0	42	0	0	0	0	0	0	0	0	21	0	0	0	0	0	0	23	5	0	0	0	0	0	0	0	12	0	0	0	0	0	0	0	0	3	0	0	0	57	0	0	0	0	0	0	561	0	0	0	0	0	0	0	7	0	4	0	0	12	3	0	0	33	0	0	0	4	0	0	0	0	0	0	0	0	0	0	21	0	0	0	0	46	0	0	0	0	0	0	0	0	0	0	0	0	0	0	0	0	0	0	0	0	0	42	0	0	0	0	0	15	0	0	0	0	0	0	0	0	0	4	0	0	10	0	0	0	0	0	0	0	0	0	0	0	21	0	0	0	0	0	0	0	0	0	20	0	0	0	0	0	0	0	0	0	0	0	0	0	0	66	0	0	0	0	0	0	0	0	0	0	0	0	0	0	0	0	0	0	0	0	0	0	0	0	0	0	0	0	0	0	0	0	0	0	16	0	0	0	0
f354	0	0	0	0	0	3	766	258	5	0	0	116	3	0	0	0	0	12	0	426	0	0	0	0	2103	0	0	47	4	0	94	0	0	0	0	0	39	0	18	42	0	0	0	0	38443	47	25	0	0	114	0	0	0	125	0	12	164	0	18	0	0	4	0	6	0	0	0	0	0	215	10	0	1293	0	0	11	0	42	2	6	0	0	197	0	0	0	0	0	55	5	5	0	0	43	0	0	0	56	0	0	96	8	0	9396	0	0	0	107	0	0	0	0	0	3	0	339	0	0	0	392	0	0	0	13	0	5	0	0	0	21	16	0	0	0	910	0	0	0	0	4	3	0	0	0	0	0	0	0	77	0	0	0	0	0	7	0	0	0	0	0	8	24	0	0	0	11	10	0	0	0	109	0	127	0	6	0	0	0	798	332	0	21	6	239	0	7	3	0	14	0	0	10	0	7	0	235	91	0	0	0	0	78	0	0	28	0	0	474	39	0	0	0	0	0	0	52	0	0	0	8	0	0	0	0	0	0	0	0	54	0	0	0	0	0	0	400	0	0	0	0	0	0	0	0	0	0	5	0	0	2436	0	0	7	0	0	0	0	0	0	0	0	69	0	0	0	12	0	0	0	0	0	0	0	0	0	0	0	0	0	0	5	0	0	0	0	0	0	0	0	0	0	0	0	0	5	0	0	0	0	0	0	0	0	0	0	0	78	0	0	0	0	0	0	8	0	0	0	0	0	0	0	0	0	0	4	24	0	7	0	0	0	149	0	0	0	24	0	0	0	0	0	359	0	0	0	369	9	90	4	0	0	9	0	0	0	0	0	0	0	32	0	0	0	0	0	0	0	0	0	0	0	0	0	0	0	0	161	0	0	0	0	0	0	0	0	0	0	0	0	0
f355	0	0	0	0	0	7	6	3	39	0	0	7	0	10	0	0	0	141	0	1733	0	0	14	0	405	94	0	0	0	0	89	0	0	0	4	0	35	26	0	98	0	12	0	0	57627	4	0	0	0	468	0	6	0	179	0	13	0	7	305	0	80	0	0	0	0	0	0	0	0	0	187	0	4482	0	0	0	0	0	5	0	0	0	0	0	51	0	0	0	13	0	0	0	0	0	0	0	17	0	0	0	0	0	48	145	11	7	0	0	0	0	0	0	0	11	0	48	0	0	0	173	0	0	0	0	0	0	8	0	0	0	177	0	0	0	0	11	0	0	0	0	0	0	0	0	6	16	0	0	398	0	57	0	0	0	248	4	0	0	0	0	0	302	0	0	0	268	0	0	0	0	0	0	0	0	0	0	0	0	28	0	0	0	0	631	0	0	0	0	0	0	46	0	0	0	0	6	0	0	0	21	0	0	0	0	0	0	6	0	0	5	0	0	0	0	0	21	0	0	13	0	0	0	0	0	0	0	0	0	50	0	0	0	0	0	0	980	0	0	0	0	0	0	0	0	0	0	0	0	0	0	35	0	129	0	0	0	0	0	0	0	0	0	0	0	0	0	0	0	0	0	0	0	41	0	0	0	0	0	0	0	0	3	0	0	0	0	0	0	0	0	0	0	0	0	91	0	0	0	0	0	0	0	0	0	0	0	0	0	0	0	0	0	0	182	0	0	0	0	0	0	0	0	0	45	0	15	0	0	0	0	0	0	0	0	0	34	0	0	0	0	0	0	0	0	0	0	0	0	0	0	75	0	0	0	0	0	0	0	0	16	0	0	0	0	0	0	0	0	0	0	0	0	0	0	0	0	0	0	0	0	0	0	0	2	0	94	0	0	0	0
f356	0	0	0	0	0	0	129	0	56	12	7	0	0	12	0	0	0	187	0	1250	0	0	0	0	392	103	0	0	0	0	150	0	0	0	0	0	24	42	0	116	0	0	0	0	59529	7	0	0	20	359	9	0	0	107	0	0	0	8	353	0	57	0	0	0	0	0	0	0	4	0	251	0	10141	0	0	0	0	0	8	0	5	0	3	0	106	0	0	0	0	0	0	0	0	0	0	0	25	23	0	0	0	0	65	390	10	0	0	23	0	0	0	0	0	20	0	83	0	19	0	586	0	0	0	23	0	0	39	0	0	0	46	0	0	9	0	0	0	0	0	0	0	0	0	0	17	0	0	0	916	0	112	0	2	0	27	12	0	0	0	0	0	431	0	0	0	391	0	0	0	0	0	0	0	0	0	0	0	0	34	0	0	0	0	1211	0	0	4	2	0	0	71	0	0	0	0	11	0	2	0	7	0	0	0	0	0	0	62	0	0	0	0	0	0	0	0	33	0	0	11	0	0	0	0	0	0	0	0	0	73	0	2	0	0	0	0	876	0	0	0	0	0	0	0	0	0	0	0	0	0	0	12	0	122	0	2	0	13	0	0	3	0	0	0	0	0	0	0	0	0	0	0	0	62	0	0	0	0	0	0	0	0	0	0	0	0	0	0	0	0	0	10	0	0	0	108	0	0	0	0	0	0	0	0	0	0	0	0	0	0	0	8	0	0	90	0	0	0	0	0	0	0	0	0	58	0	19	0	0	0	0	0	0	0	0	0	18	0	0	0	0	0	0	0	0	0	0	0	0	0	0	80	0	0	0	0	0	0	0	0	0	0	0	0	0	0	0	0	0	0	0	0	0	0	0	0	0	0	0	0	0	0	0	0	0	0	65	0	0	0	0
