feature	Oleiharenicola	Pirellulaceae_Genus	Polyangiia_Genus	Halomonas	Cetobacterium	Enterococcus	Planifilum	Permianibacter	Hyphomicrobiales_Incertae_Sedis_Genus	Legionella	Pseudorhodoplanes	Blastococcus	Vicinamibacteraceae_Genus	Pedosphaeraceae_Genus	Gemmataceae_Genus	Oligoflexus	Parachlamydiaceae_Genus	Phreatobacter	Fluviicoccus	Enterobacterales_Genus	Pajaroellobacter	Pseudomonadales_Genus	Caulobacter	Candidatus_Paracaedibacter	Dechloromonas	Rickettsiaceae_Genus	Rhodovarius	Chitinophagales_Genus	Culicoidibacter	Mycobacterium	Clostridium	Gammaproteobacteria_Genus	mle1.27_Genus	SWB02	Noviherbaspirillum	Crenobacter	Blfdi19_Genus	Cellvibrio	Vampirovibrionaceae_Genus	Streptococcus	Gemmata	Bosea	X37.13_Genus	Haliangiaceae_Genus	Paracaedibacteraceae_Genus	Lutispora	Beijerinckiaceae_Genus	Comamonadaceae_Genus	Piscinibacter	Nitrospira	Rhodococcus	Frankiales_Genus	Iamia	Pseudobdellovibrionaceae_Genus	Phaselicystis	Roseomonas	Alcaligenaceae_Genus	env.OPS_17_Genus	Rhizobiaceae_Genus	Alsobacter	Pseudomonas	Pedomicrobium	Reyranella	JGI_0001001.H03	Rhodocyclaceae_Genus	Candidatus_Bealeia	Luteolibacter	Hyphomicrobiales_Genus	Cytophagales_Genus	Babeliaceae_Genus	Oligoflexaceae_Genus	Micrococcus	Arthrobacter	Sphingorhabdus	SH.PL14	Planctomycetes_Genus	Paracoccaceae_Genus	Nocardioides	Lysobacter	Luteimonas	Candidatus_Megaira	Lactococcus	Bacillota_Genus	Terrimonas	Leuconostoc	Burkholderiales_Genus	Limosilactobacillus	Flavobacteriaceae_Genus	Blastocatellaceae_Genus	PeM15_Genus	Acinetobacter	Rubrivivax	Kinneretia	Gemmobacter	Aquihabitans	Aeromonas	Larkinella	Pirellula	Burkholderia.Caballeronia.Paraburkholderia	bacteriap25_Genus	Fimbriimonadaceae_Genus	Brevifollis	Granulosicoccus	IS.44	Aggregatilineales_Genus	Chitinophagaceae_Genus	Bacteroidia_Genus	Telmatocola	Sphaerotilus	Brevibacterium	Kocuria	Marmoricola	Emticicia	NS9_marine_group_Genus	Hyphomicrobium	Cytophaga	Gracilibacteria_Genus	Verrucomicrobiaceae_Genus	Candidatus_Protochlamydia	Armatimonadaceae_Genus	Alphaproteobacteria_Genus	Anaerovorax	Microscillaceae_Genus	Fimbriiglobus	Paludibaculum	Peptostreptococcus	NS11.12_marine_group_Genus	Enterobacteriaceae_Genus	Xanthobacteraceae_Genus	Runella	Defluviicoccus	Flavobacterium	Devosia	Ilumatobacter	Saprospiraceae_Genus	Staphylococcus	Leeia	Chlamydiales_Genus	Microtrichaceae_Genus	Ensifer	Novispirillum	Paucibacter	Rhizobium	Agitococcus	Nocardia	Paenirhodobacter	Nitrosomonas	Novosphingobium	Candidatus_Berkiella	Pseudobdellovibrio	Chitinibacter	Arthrospira_PCC.7345	Pseudoduganella	Sphingomonas	Rhodospirillales_Genus	P3OB.42	Roseicella	A21b_Genus	Moraxellaceae_Genus	Gaiellales_Genus	Deinococcus	Shinella	Sutterellaceae_Genus	Fluviicola	Niveibacterium	Vibrionaceae_Genus	Exiguobacterium	AAP99	SM2D12_Genus	Chitinilyticum	Eremiobacteria_Genus	Pir4_lineage	Vibrio	Candidatus_Ovatusbacter	Solirubrobacteraceae_Genus	Shewanella	Bryobacteraceae_Genus	X11.24_Genus	Verrucomicrobiia_Genus	Tetragenococcus	Sphingomonadaceae_Genus	Abditibacterium	Chitinivorax	Stagnimonas	Rhizorhapis	Neochlamydia	Sandaracinaceae_Genus	Craurococcus	Leucobacter	Chryseotalea	Ga0077536_Genus	Phenylobacterium	Sphingobacterium	Opitutaceae_Genus	Pseudomonadota_Genus	Pasteurella	Psychromonas	Aquicella	Kineosporiaceae_Genus	Micavibrionales_Genus	Microtrichales_Genus	Paracoccus	Ferruginibacter	Bdellovibrio	Candidatus_Alysiosphaera	Acidimicrobiaceae_Genus	Sphingopyxis	Isosphaeraceae_Genus	Bacillus	Longivirga	Undibacterium	cvE6_Genus	Agromyces	JG30.KF.CM45_Genus	Planctomycetota_Genus	Methylibium	IMCC26207	Polymorphobacter	Dyadobacter	Brevundimonas	Thermoleophilia_Genus	Haliscomenobacter	MBNT15_Genus	LiUU.11.161_Genus	Stella	Neisseriaceae_Genus	OM190_Genus	TM7a	Caedibacter	Pectobacteriaceae_Genus	X0319.6G20_Genus	Parvibium	Anaerobacillus	Pseudolysobacter	X67.14_Genus	Microbacteriaceae_Genus	Dinghuibacter	Citrobacter	WY65	Chryseobacterium	Glutamicibacter	Sediminibacterium	alphaI_cluster	Pseudoxanthomonas	Vampirovibrionales_Genus	Dietzia	Kapabacteriales_Genus	Chlamydiaceae_Genus	Acetobacteraceae_Genus	Gordonia	Elstera	Alicyclobacillus	LWQ8_Genus	Gemmatimonas	TRA3.20_Genus	Bacilli_Genus	Tundrisphaera	KD4.96_Genus	Curvibacter	Brucella	PMMR1	CM1G08	Bradyrhizobium	OLB17	Aerococcus	Flavihumibacter	Thermodesulfobacteriota_Genus	Rhizorhabdus	Holosporaceae_Genus	Gemmatimonadaceae_Genus	BIrii41_Genus	Pontibacter	SH3.11	Dechlorobacter	Aeromicrobium	Vogesella	Kineococcus	Sphingobium	CL500.3	Ruminiclostridium	Aquabacterium	Myxococcaceae_Genus	Barnesiellaceae_Genus	Pyrinomonadaceae_Genus	Nevskiaceae_Genus	Acetobacteroides	Variovorax	Aerococcaceae_Genus	Candidatus_Obscuribacter	Blastocatella	Serinicoccus	Obscuribacteraceae_Genus	Oscillospiraceae_Genus	Fuscovulum	Opitutus	Babeliales_Genus	Hassallia	Weeksellaceae_Genus	Malacoplasma	Fuerstia	Blastomonas	Cypionkella	Cloacibacterium	Acidovorax	Paraconexibacter	Defluviimonas	Rhodovastum	Massilia	Parageobacillus	Thermomicrobiales_Genus	Rubripirellula	Paraclostridium	Bryobacter	Methylorubrum	Propionivibrio	Brevitalea	Spirosomataceae_Genus	Sporichthyaceae_Genus	Rubritaleaceae_Genus	oc32	Campylobacterales_Genus	Weissella	Stenotrophomonas	Planococcus	Simkaniaceae_Genus	Azospira	RBG.13.54.9_Genus	Hirschia	Plesiomonas	Mangrovihabitans	OLB12	Rubinisphaeraceae_Genus	Thermus	Rheinheimera	Caldilineaceae_Genus	Mariniblastus	Sporomusaceae_Genus	Acidiferrimicrobium	Fusobacteriaceae_Genus	KD3.93_Genus	Chitinimonas	Mycobacteriales_Genus	Raineya	Hydrogenophaga	NB1.j_Genus	Bacillaceae_Genus	Altererythrobacter	Rhodopseudomonas	Vampirovibrio	Polyangiales_Genus	Elsteraceae_Genus	Methyloligellaceae_Genus	Mesorhizobium	Pseudorhizobium	Rhodospirillaceae_Genus	Nannocystis	Chthoniobacter	Aureimonas	Turneriella	Polyangiaceae_Genus	Actinobacteria_Genus	Geodermatophilus	Hyphomonadaceae_Genus	Nordella	Delftia	Sandaracinus	Steroidobacter	Actinoplanes	Corynebacterium	Latilactobacillus	Phormidesmis_ANT.LACV5.1	Marinomonas	IMCC26134	Parcubacteria_Genus	Flectobacillus	Desulfotomaculum	vadinHA49_Genus	Anaerospora	Thermobrachium	Peptostreptococcaceae_Genus	Romboutsia	AKYH767_Genus	Bordetella	Acidibacter	Gloeocapsa_PCC.7428	Panacibacter	Candidatus_Competibacter	SM1A02	Perlucidibaca	Coxiella	Aurantisolimonas	Anaerotaenia	Frisingicoccus	CL500.29_marine_group	Aeromonadaceae_Genus
f16	0	0	0	0	581	0	0	0	0	21	0	9	0	8	0	0	0	151	8	0	0	0	5	0	737	0	0	0	3617	7	5	121	0	0	0	1869	0	245	0	0	0	32	0	5	0	0	0	0	0	0	8	0	0	12	0	16	0	0	0	0	3289	0	0	0	0	0	0	0	2	0	0	0	0	0	0	0	209	0	0	18	0	11	0	0	0	12	0	0	0	0	30	0	0	116	20	58296	0	7	4	0	0	0	0	0	0	0	56	0	0	0	0	0	71	0	0	0	3	0	0	0	0	0	0	0	0	0	0	0	0	0	0	777	0	0	0	0	0	0	0	0	0	3560	14	16	0	52	0	0	0	0	0	0	24	0	0	0	0	5	0	0	8	0	232	225	3996	0	0	0	0	356	0	0	0	0	0	434	0	0	18	0	0	0	0	0	0	0	0	0	0	3	0	0	0	0	0	0	0	0	0	0	0	0	0	23	0	0	0	0	0	0	115	0	0	0	0	0	6	0	0	0	0	0	0	0	0	0	0	0	0	0	0	0	0	0	0	0	46	0	0	0	27	0	0	0	0	0	0	0	0	0	4	0	0	0	0	0	23	0	0	0	0	0	0	0	0	0	0	0	4	0	0	0	0	0	0	0	0	0	0	0	0	0	5	0	0	0	0	0	0	0	0	0	0	0	0	0	0	0	11	0	0	0	33	0	0	0	0	0	0	0	0	0	0	0	0	0	0	0	0	0	0	0	4	0	0	0	0	0	64	0	0	0	0	0	0	0	0	0	0	0	0	0	0	0	0	0	0	0	0	0	0	0	0	0	0	0	0	0	0	0	0	0	0	0	0	0	0	0	4	0	0	0	0	0	0	0	0	0	0	0	0	0	0	0	0	0	0	0	0	0	120	0	0	0	0
f17	0	0	0	0	6278	0	0	0	71	110	0	0	0	23	19	0	0	1116	0	0	0	0	5	0	1877	0	0	0	4054	38	140	304	0	0	0	3073	0	2	0	8	7	37	0	0	0	0	0	5	0	0	19	0	0	33	0	330	0	2	0	0	996	5	0	0	0	0	0	0	0	0	0	0	0	0	24	0	1410	0	0	0	0	0	0	0	0	8	0	0	0	0	29	44	0	338	107	27387	0	18	0	0	0	0	0	0	0	0	0	0	0	0	0	0	0	0	0	0	0	0	0	0	0	0	0	9	0	0	0	0	0	0	0	163	0	0	0	0	0	23	0	99	0	1787	41	0	0	496	0	0	0	0	0	0	0	0	0	0	0	0	0	0	0	0	313	146	986	0	0	0	0	399	0	5	5	0	0	170	0	0	31	0	0	0	0	0	0	5	0	0	0	0	0	0	0	0	0	0	0	0	0	0	0	0	0	6	0	0	0	0	0	19	0	0	4	2	0	0	22	0	0	0	0	0	0	0	0	0	0	0	0	0	26	0	0	0	0	0	426	0	0	0	0	0	0	0	0	0	0	0	0	7	0	0	0	0	0	0	412	0	0	0	0	0	20	0	0	0	0	0	0	0	0	0	37	0	0	0	0	0	0	0	0	0	10	0	0	0	0	0	0	0	0	0	0	0	0	0	0	0	3	0	0	9	16	0	0	0	115	0	0	0	0	0	0	0	0	0	0	0	0	0	0	0	0	0	0	0	0	0	190	0	0	0	0	0	0	0	0	0	0	0	0	0	0	0	0	0	0	0	0	0	0	0	0	0	0	0	0	0	0	0	0	0	0	0	0	0	0	0	0	0	0	0	0	0	0	0	0	0	0	0	0	0	0	0	0	0	0	0	0	0	785	0	0	0	0
f18	0	0	0	0	4358	0	0	0	0	20	0	2	0	0	0	0	0	192	0	0	0	0	0	0	358	0	0	0	1927	7	30	41	0	0	0	1269	0	0	0	9	0	14	0	0	0	0	0	14	0	0	5	0	0	2	0	55	0	0	0	0	289	0	0	0	0	0	0	0	0	0	0	0	0	0	0	0	184	0	0	0	0	2	0	0	0	0	0	0	0	0	6	9	0	71	11	50350	0	0	0	0	0	0	0	0	0	0	0	0	0	0	0	0	0	0	0	0	0	0	0	0	0	0	0	0	0	0	0	0	0	0	0	28	0	0	0	0	0	8	0	9	0	220	7	0	0	101	0	0	0	0	0	0	0	0	0	0	0	0	0	0	0	0	65	0	265	0	0	0	0	166	0	0	0	0	0	242	0	0	4	0	0	0	0	0	0	0	0	0	0	0	0	0	0	0	0	0	0	0	0	0	0	0	0	0	0	0	0	0	0	5	0	0	2	0	0	0	5	0	0	0	0	0	0	0	0	0	0	0	0	0	0	0	0	0	0	0	74	0	0	0	0	0	0	0	0	0	0	0	0	0	0	0	0	0	0	10	61	0	0	0	0	0	0	0	0	0	0	0	0	0	0	0	0	0	0	0	0	0	0	0	0	0	0	0	0	0	0	0	0	0	0	0	0	0	0	0	0	0	0	0	0	0	0	0	0	0	23	0	0	0	0	0	0	0	0	0	0	0	0	0	0	0	0	0	0	0	0	0	186	0	0	0	0	0	0	0	0	0	0	0	0	0	0	0	0	0	0	0	0	0	0	0	0	0	0	0	0	0	0	0	0	0	0	0	0	0	0	0	0	0	0	0	0	0	0	0	0	0	0	0	0	0	0	0	0	0	0	0	0	0	112	0	0	0	0
f19	0	0	0	0	6376	0	0	0	2	41	0	0	0	5	3	0	0	659	0	7	0	0	0	0	935	0	0	0	3942	13	4	180	0	0	0	2664	0	19	0	0	0	47	0	0	0	0	0	0	0	0	0	0	0	6	0	166	0	0	0	0	686	0	0	0	17	0	0	0	0	0	0	0	0	0	5	0	666	0	0	0	0	0	0	0	0	0	0	0	0	0	8	17	0	220	50	39100	0	0	0	0	0	0	0	0	0	0	0	0	0	0	0	0	0	0	0	0	0	0	0	0	4	0	0	0	0	0	0	0	0	0	0	349	0	0	0	0	0	8	0	17	0	2319	0	0	0	151	0	0	0	0	0	0	0	0	0	0	0	0	0	0	0	0	323	185	367	0	0	0	0	344	0	0	0	0	0	114	0	0	62	0	0	0	0	0	0	0	0	0	0	0	0	0	0	0	0	0	0	0	0	0	0	0	0	0	0	0	0	0	0	0	0	0	0	0	0	0	0	0	0	0	0	0	0	0	0	0	0	0	0	0	3	0	0	0	0	0	175	0	0	0	0	0	0	0	0	0	0	0	0	4	0	0	0	0	0	0	121	0	0	0	0	0	6	0	0	0	0	0	0	0	0	0	0	0	0	0	0	0	0	0	0	0	13	0	0	0	0	0	0	0	0	0	0	0	0	0	0	0	0	0	0	0	24	0	0	0	35	0	0	0	0	0	0	0	0	0	0	0	0	0	0	0	0	0	0	0	0	0	360	0	0	0	0	0	0	0	0	0	0	0	0	0	0	0	0	0	0	0	0	0	0	0	0	0	0	0	0	0	0	0	0	0	0	0	0	0	0	0	0	0	0	0	0	0	0	0	0	0	0	0	0	0	0	0	0	0	0	0	0	0	354	0	0	0	0
f20	0	0	0	0	5772	0	0	0	98	175	8	0	0	50	15	0	3	1679	0	4	0	0	10	0	2893	0	0	0	4373	155	9	580	0	0	0	3590	0	45	0	0	27	56	0	0	0	0	0	10	0	0	37	0	0	37	0	538	0	0	0	0	1688	5	0	0	0	0	0	0	3	0	0	0	0	0	27	0	2016	3	0	4	0	0	7	0	0	12	0	0	0	0	29	53	0	503	178	21442	0	46	0	0	0	0	0	0	0	0	0	0	0	0	0	4	0	0	0	0	0	0	3	0	0	0	0	12	0	0	0	0	0	0	0	219	20	0	0	0	0	69	0	295	0	4821	86	0	30	1077	0	0	0	0	0	0	0	0	0	0	0	0	0	5	0	0	463	297	1065	0	0	0	0	225	0	20	0	0	0	133	0	0	25	0	0	0	0	0	0	7	0	0	0	0	0	0	0	0	0	0	0	0	0	0	8	0	0	0	0	0	0	0	0	11	0	0	11	5	0	0	30	0	0	0	0	0	4	0	0	0	0	0	0	6	20	0	0	0	0	0	666	0	0	0	0	0	0	0	0	0	0	0	0	25	0	0	0	0	0	0	523	0	0	0	0	0	50	0	0	0	0	0	0	0	0	0	31	0	0	0	0	0	0	0	0	0	0	0	0	0	0	0	0	0	0	0	0	91	0	0	0	0	0	0	0	37	37	0	0	0	112	0	0	0	0	28	0	0	0	0	0	0	0	0	0	0	0	0	0	0	0	0	154	0	0	0	0	0	0	0	0	0	0	0	0	0	0	0	0	0	0	79	0	0	0	0	0	0	0	0	0	0	0	0	0	0	0	0	0	0	0	0	0	0	0	0	0	0	0	0	0	0	0	0	0	0	0	0	0	0	0	0	0	0	1202	0	0	0	0
f46	36	0	38	0	3008	0	0	0	75	172	0	0	41	560	101	0	0	1208	0	0	34	0	51	23	1627	3	0	4	211	185	666	227	18	36	3	558	0	295	0	0	167	132	2	1808	5	0	0	310	18	93	92	0	0	258	13	120	0	994	46	0	2386	35	22	0	12	0	35	0	4659	0	0	0	0	143	57	0	2545	10	0	95	0	0	0	0	0	6	0	0	0	0	0	0	0	1444	54	19774	0	58	0	0	3	30	0	0	0	4	190	86	156	0	122	0	57	4	0	106	10	0	0	38	0	0	33	355	3	0	0	0	0	31	0	521	6	0	223	0	0	0	0	88	0	1434	308	210	50	265	131	13	0	79	0	0	10	0	0	8	4	0	0	0	0	0	222	158	574	0	0	0	0	35	53	19	0	2	0	22	0	4	0	0	0	0	0	0	4	0	76	0	0	2239	6	0	0	9	0	0	0	0	0	0	0	12	0	100	0	0	8	0	0	19	435	2	0	4	0	0	18	0	0	0	0	631	3	0	0	0	320	0	0	0	25	0	0	68	0	0	605	0	13	0	10	88	19	4	0	0	61	0	0	158	1178	0	0	0	0	0	981	0	17	0	0	0	178	0	0	0	0	0	0	16	48	0	0	0	0	0	0	0	0	0	107	0	6	11	3	0	0	0	221	5	0	21	0	71	10	0	47	0	0	0	0	0	86	56	4	0	0	0	0	0	0	0	0	0	0	0	0	0	0	0	0	0	0	0	0	0	2	6	109	0	43	0	0	5	0	0	243	0	0	0	0	0	0	66	9	0	0	16	0	0	5	0	0	0	0	0	0	0	22	0	0	0	0	17	0	3	0	0	0	0	0	0	0	0	0	0	0	0	0	0	0	0	0	0	0	0	0	0	0	0	434	0	0	0	0
f47	0	0	0	0	457	0	0	0	31	256	0	0	0	3	0	0	0	1028	0	8	0	0	79	0	1178	0	0	0	289	156	202	281	0	0	0	679	0	124	0	6	11	127	0	0	0	0	0	33	0	0	0	0	0	33	0	85	0	0	17	0	3930	10	7	0	0	0	11	0	24	0	4	0	0	0	50	0	2325	10	0	0	0	0	0	0	0	0	0	0	0	9	0	0	0	1149	43	50034	0	47	0	0	0	0	0	0	0	0	0	0	0	0	0	0	0	0	0	0	0	0	0	0	0	0	0	0	0	0	0	0	3	0	0	99	0	0	0	0	0	0	0	67	0	1396	380	0	13	160	0	0	0	0	0	0	0	0	0	0	0	0	0	0	0	0	190	143	247	0	0	0	0	176	0	0	0	0	0	49	0	0	3	0	0	0	0	0	0	0	0	0	0	14	0	0	0	0	0	0	0	0	14	0	2	0	0	0	0	0	0	5	0	14	9	0	0	3	0	0	22	0	0	0	0	0	8	0	0	0	0	0	0	0	15	0	0	0	0	0	698	0	0	0	0	0	0	0	0	0	0	0	0	0	5	0	0	0	0	0	746	0	0	0	0	0	124	0	0	0	0	0	0	0	0	0	9	0	0	0	0	0	0	0	0	0	0	0	0	0	0	0	72	0	0	16	0	0	0	3	0	0	0	0	0	0	941	0	0	0	3	0	0	0	0	0	0	0	0	0	0	0	0	0	0	0	0	0	0	0	0	0	92	0	0	0	0	0	0	0	77	0	0	0	0	0	0	0	0	0	0	0	0	0	0	0	0	0	0	0	0	0	0	0	0	0	0	0	0	0	0	0	0	0	0	0	0	0	0	0	0	0	0	6	0	0	0	0	0	0	0	0	0	0	521	0	0	0	0
f48	158	0	13	0	229	0	3	0	33	13	0	34	3	60	91	0	0	839	0	0	5	0	5	0	1430	0	0	0	47	645	16	134	36	8	0	831	0	3624	0	6	104	83	0	540	31	0	0	702	0	53	255	0	0	5	0	0	0	562	1610	0	6091	41	0	0	0	0	0	0	268	0	0	16	0	66	14	0	303	48	42	654	0	0	0	0	0	4	0	0	0	0	0	0	0	42	0	4433	0	46	0	0	0	21	0	0	0	58	836	0	312	0	0	0	1048	0	0	9	3342	24	0	0	0	0	0	0	0	0	0	0	0	151	0	93	0	0	20	0	73	0	13	54	0	7083	32	0	173	224	65	153	0	29	0	0	5194	19	0	0	0	0	0	0	0	0	0	230	4845	0	0	0	0	9	48	0	0	0	0	0	0	0	0	0	0	0	0	0	0	0	24	0	0	243	0	14	0	0	0	0	0	0	4	0	0	56	44	4019	0	0	0	0	0	0	3281	0	0	9	0	0	0	0	0	0	0	280	0	0	0	39	36	0	0	0	3	0	0	34	0	0	36	0	0	0	0	135	0	0	0	0	5	0	0	128	58	0	0	0	0	0	176	0	0	0	0	0	41	0	0	0	0	0	0	0	7	0	0	0	0	22	0	0	0	0	675	0	6	0	0	0	0	0	49	0	0	0	0	205	0	0	0	0	0	0	25	0	160	66	0	0	0	0	0	0	0	0	0	0	0	0	0	0	0	0	0	0	0	0	0	0	0	25	37	0	0	0	0	0	0	0	54	0	0	0	0	0	0	0	0	0	0	0	0	0	7	0	0	0	0	0	0	0	21	0	0	0	0	0	0	0	0	0	0	0	0	0	0	0	0	0	0	0	0	0	0	0	0	0	0	0	0	0	0	0	54	0	0	0	0
f49	0	0	0	0	1017	0	0	0	9	150	0	4	0	21	21	0	0	574	0	0	0	0	37	0	538	0	0	0	669	103	239	227	0	0	0	1112	0	45	0	0	5	71	0	0	0	0	0	0	0	0	0	0	0	34	0	59	0	0	0	0	2078	0	0	0	0	0	27	0	0	0	0	0	0	0	76	0	1610	0	0	0	0	0	0	0	0	0	0	0	0	7	0	14	0	947	44	75047	0	48	0	0	0	0	0	0	0	0	0	0	0	0	0	0	0	0	0	0	0	0	3	0	0	0	0	0	0	0	0	0	0	0	0	129	0	0	0	0	0	0	0	29	0	1540	188	0	0	122	0	0	0	0	0	0	0	2	0	0	0	0	0	0	0	0	282	192	437	0	0	0	0	309	0	14	0	0	0	104	0	0	0	0	0	0	0	0	0	0	0	0	0	9	0	0	0	0	0	0	0	0	0	0	0	0	0	0	0	0	0	0	0	18	0	0	0	0	0	0	18	0	0	0	0	0	0	0	0	0	0	0	0	0	11	0	0	0	0	0	361	0	0	0	0	0	5	0	0	0	0	0	0	0	0	0	0	0	0	0	522	0	0	0	0	0	63	0	0	0	0	0	0	0	0	0	6	0	0	0	0	0	0	0	0	0	11	0	0	0	0	0	64	0	0	24	0	0	0	6	0	0	4	0	0	0	207	0	0	0	0	0	0	0	0	0	0	0	0	0	0	0	0	0	0	0	0	0	0	0	0	0	191	0	0	0	0	0	0	0	0	0	0	0	0	0	0	0	0	0	0	0	0	0	0	0	0	0	0	0	0	0	0	0	0	0	0	0	0	0	0	0	0	0	0	0	0	0	0	0	0	0	0	0	0	0	0	0	0	0	0	0	0	0	320	0	0	0	0
f50	0	0	0	0	297	0	0	0	0	60	0	0	0	0	4	0	0	135	0	0	0	0	6	0	546	0	0	0	173	26	22	35	0	0	0	198	0	8	0	16	0	18	0	0	0	0	0	0	0	0	0	0	0	6	0	0	0	0	0	0	1300	0	0	0	0	0	0	0	0	0	0	0	0	0	6	0	417	0	0	0	0	0	0	0	0	17	0	0	0	0	0	0	0	204	5	54182	0	9	0	0	0	0	0	0	0	0	0	0	0	0	0	0	0	0	0	0	0	0	0	0	0	0	0	0	0	0	0	0	0	0	0	19	0	0	0	0	0	0	0	18	0	295	64	0	0	38	0	0	0	0	0	0	0	0	0	0	0	0	0	0	0	0	49	45	111	0	0	0	0	132	0	0	0	0	0	19	0	0	0	0	0	0	0	0	0	0	0	0	0	0	0	0	0	0	0	0	0	0	0	0	0	0	0	0	0	0	0	0	0	0	0	0	0	0	0	0	0	0	0	0	0	0	5	0	0	0	0	0	0	0	0	0	0	0	0	0	161	0	0	0	0	0	0	0	0	0	0	0	0	0	0	0	0	0	0	0	174	0	0	0	0	0	33	0	0	0	0	0	0	0	0	0	0	0	0	0	0	0	0	0	0	0	0	0	0	0	0	0	15	0	0	0	0	0	0	0	0	0	18	0	0	0	80	0	0	0	0	0	0	0	0	0	0	0	0	0	0	0	0	0	0	0	0	0	0	0	0	0	23	0	0	0	0	0	0	0	0	0	0	0	0	0	0	0	0	0	0	0	0	0	0	0	0	0	0	0	0	0	0	0	0	0	0	0	0	0	0	0	0	0	0	0	0	0	0	0	0	0	0	0	0	0	0	0	0	0	0	0	0	0	87	0	0	0	0
f76	0	0	0	0	21934	0	0	0	0	0	0	0	0	0	7	0	0	60	0	0	0	0	0	0	0	0	0	0	5347	18	0	35	0	0	0	2165	0	0	0	0	0	33	0	0	0	0	0	0	0	0	0	0	0	0	0	25	0	0	0	0	673	0	0	0	0	0	0	0	11	0	0	0	0	0	2	0	233	0	0	0	0	0	0	0	0	3	0	0	0	0	0	0	0	107	2	16260	0	0	0	0	0	0	0	0	0	0	0	0	0	0	0	0	0	0	0	0	0	0	0	0	0	0	0	0	0	0	0	0	0	0	0	47	0	0	0	0	0	0	0	11	0	1211	0	0	0	74	0	0	0	0	0	0	0	0	0	0	0	0	0	0	0	0	0	0	0	0	0	0	0	1725	0	0	0	0	0	438	0	0	9	0	0	0	0	0	0	0	0	0	0	3	0	0	0	0	0	0	0	0	0	0	0	0	0	0	0	0	0	0	0	0	0	3	222	0	0	0	0	0	0	0	0	0	0	0	0	0	0	0	0	0	0	0	0	0	0	0	0	0	0	0	0	0	0	0	0	0	0	0	0	0	0	0	0	0	0	0	78	0	0	0	0	0	0	0	0	0	0	0	0	0	0	0	0	0	0	0	0	0	0	0	0	0	6	0	0	0	0	0	0	0	0	0	0	0	0	0	0	0	27	0	0	0	0	0	0	0	0	0	0	0	0	0	0	0	0	0	0	0	0	0	0	0	0	0	0	0	0	0	1032	0	0	0	0	0	0	0	0	0	0	0	0	0	0	0	0	0	0	0	0	0	0	0	0	0	0	0	0	0	0	0	0	0	0	0	0	0	0	0	0	0	0	0	0	0	0	0	0	0	0	0	0	0	0	0	0	0	0	0	0	0	0	0	0	0	0
f77	0	0	3	0	8143	0	0	0	8	26	0	0	0	10	18	0	0	187	0	0	0	2	0	0	129	0	0	0	2704	39	13	218	0	0	0	3834	0	111	0	0	13	62	0	117	0	0	0	12	0	0	0	0	0	0	0	57	0	32	0	0	1273	14	3	0	0	0	0	2	368	0	0	0	0	0	8	0	618	0	0	58	0	0	0	0	0	5	0	0	0	0	0	0	0	246	16	23050	0	16	0	0	0	0	0	0	0	0	67	11	115	0	0	0	7	0	0	10	0	0	0	0	0	0	0	25	0	0	0	0	0	0	0	124	0	0	30	0	0	0	0	26	0	2251	43	20	0	314	24	0	0	0	0	0	0	0	0	0	9	0	0	0	0	0	12	37	10	0	0	0	0	885	5	0	0	0	0	320	0	0	21	0	0	0	0	0	0	8	0	0	0	49	0	0	0	0	0	0	0	0	0	0	0	0	0	7	0	0	0	0	0	0	43	3	358	3	0	0	0	0	0	0	0	178	3	0	0	0	22	0	0	0	0	0	0	3	0	0	0	0	3	0	0	15	0	0	0	0	0	0	0	0	111	0	0	0	0	0	373	0	0	0	0	0	0	0	0	0	0	0	0	0	0	0	0	0	0	0	0	0	0	0	13	0	0	0	0	0	0	0	5	0	0	0	0	30	0	0	0	0	12	0	0	19	0	12	0	0	0	0	0	0	0	0	0	0	0	0	0	0	0	0	0	0	0	0	4	0	0	0	365	0	0	0	0	8	0	0	0	0	0	0	0	0	0	0	0	0	0	23	0	0	4	0	0	0	0	0	0	0	0	0	0	0	0	0	0	0	0	0	0	0	0	0	0	0	0	0	0	0	0	0	0	0	0	0	0	0	0	0	0	0	28	0	0	0	0
f78	0	0	0	0	17466	0	0	0	0	21	0	4	0	0	7	0	0	175	0	0	0	0	0	0	0	0	0	0	5303	31	0	121	0	0	0	845	0	7	0	0	0	53	0	0	0	0	0	0	0	0	0	0	0	0	0	23	0	0	0	0	497	0	3	0	0	0	0	5	22	0	0	0	0	0	7	0	402	0	0	0	0	0	0	0	0	4	0	0	0	0	0	0	0	118	0	26073	0	12	0	0	0	0	0	0	0	0	0	0	0	0	0	0	0	0	0	0	0	0	0	0	0	0	0	0	0	0	0	0	0	0	0	115	0	0	0	0	0	0	0	13	0	2875	0	0	0	343	0	0	0	0	0	0	0	0	0	0	8	0	0	0	0	0	0	65	3	0	0	0	0	263	0	0	0	0	0	159	0	0	20	0	0	0	0	0	0	7	0	0	0	0	0	0	0	0	0	0	0	0	0	0	0	0	0	0	0	0	0	0	0	0	0	0	357	5	0	0	0	0	0	0	0	0	0	0	0	0	0	0	0	0	0	0	0	0	0	0	0	0	0	0	0	0	0	0	0	0	0	0	0	0	0	0	0	0	0	0	294	0	0	0	0	0	0	0	0	0	0	0	0	0	0	0	0	0	0	0	0	0	0	0	0	0	0	0	0	0	0	0	0	0	0	0	0	0	0	0	0	0	22	0	0	0	0	0	0	0	0	0	0	0	0	0	0	0	0	0	0	0	0	0	0	0	0	0	0	0	0	0	231	0	0	0	0	0	0	0	0	0	0	0	0	0	0	0	0	0	0	0	0	0	0	0	0	0	0	0	0	0	0	0	0	0	0	0	0	0	0	0	0	0	0	0	0	0	0	0	0	0	0	0	0	0	0	0	0	0	0	0	0	0	0	0	0	0	0
f79	0	0	0	0	16126	0	0	0	0	25	0	6	0	0	20	0	0	158	0	3	0	0	0	0	0	0	0	0	8101	23	0	256	0	0	0	6997	0	34	0	0	7	125	0	0	0	0	0	0	0	0	0	0	0	2	0	28	0	0	0	0	987	0	12	0	0	0	0	0	134	0	0	0	0	0	9	0	698	0	0	0	0	0	6	0	0	0	0	0	0	0	0	0	0	201	0	10369	0	11	0	0	0	0	0	0	0	0	0	0	0	0	0	0	0	0	0	0	0	0	0	0	0	0	0	0	0	0	0	0	0	0	0	146	0	0	0	0	0	0	0	29	0	6266	0	6	0	167	0	0	0	0	0	0	0	0	0	0	10	0	0	0	0	0	0	107	0	0	0	0	0	316	0	0	0	0	0	103	0	0	101	0	0	0	0	0	0	0	0	0	0	0	0	0	0	0	0	0	0	0	0	0	0	0	0	0	0	0	0	0	0	0	0	7	841	0	0	0	0	0	0	0	0	0	0	0	0	0	0	0	0	0	0	0	0	0	0	0	0	0	0	0	0	14	0	0	0	0	0	0	0	0	0	0	0	0	0	0	289	0	0	0	0	0	0	0	0	0	0	0	0	0	0	0	4	0	0	0	0	0	0	0	0	0	0	0	0	0	0	0	0	0	0	0	0	0	0	0	0	0	14	0	0	0	0	0	0	0	0	0	0	0	0	0	0	0	0	0	0	0	0	0	0	0	0	0	0	0	0	0	2784	0	0	0	0	0	0	0	0	0	0	0	0	0	0	0	0	0	0	0	0	0	0	0	0	0	0	0	0	0	0	0	0	0	0	0	0	0	0	0	0	0	0	0	0	0	0	0	0	0	0	0	0	0	0	0	0	0	0	0	0	0	0	0	0	0	0
f80	7	0	28	0	9539	0	0	0	37	112	0	0	6	261	58	0	0	345	0	0	0	0	11	4	1680	0	0	0	2197	449	528	201	0	0	0	1928	0	104	0	5	19	57	0	662	0	0	0	143	0	28	0	0	0	84	7	55	0	178	59	0	1472	22	16	0	28	0	0	0	2700	0	0	0	0	82	36	0	927	0	0	25	0	0	0	16	0	8	0	0	0	0	0	0	0	459	37	23906	0	22	0	0	0	9	0	0	0	0	117	22	140	0	0	0	8	0	5	57	18	0	0	0	2	0	10	65	0	0	0	0	0	43	0	378	22	0	117	0	0	0	0	72	0	1778	138	272	41	227	40	0	0	3	0	0	0	0	0	0	0	0	0	0	12	0	36	113	146	0	0	0	0	563	9	2	13	0	0	156	0	9	26	0	0	0	0	0	0	0	21	0	0	655	0	0	0	0	0	0	0	0	0	0	0	0	0	153	0	0	0	0	0	4	333	0	284	3	0	0	0	0	0	0	0	252	0	0	0	0	85	0	0	0	5	0	0	0	4	0	153	0	9	0	0	71	0	0	0	0	5	0	0	160	1398	0	0	0	0	0	442	0	0	0	0	0	81	0	0	0	0	0	7	0	7	0	0	0	0	0	0	0	0	0	49	0	0	0	0	0	0	0	87	7	0	16	0	38	0	0	11	0	21	0	0	0	55	25	0	0	0	0	0	0	0	0	0	0	0	0	0	0	0	0	0	0	0	0	0	0	0	8	257	0	13	0	0	5	0	0	110	0	0	0	0	0	0	0	0	0	0	0	0	0	0	0	0	0	0	0	0	0	11	0	0	0	0	10	0	0	0	0	0	0	0	0	0	0	2	0	0	0	0	0	0	0	0	0	0	0	0	0	0	0	127	0	0	0	0
f106	3	25	0	21	4182	0	0	0	207	159	21	0	0	176	162	0	11	458	0	0	0	10	0	0	673	0	27	0	657	1085	108	275	0	0	0	1856	0	244	151	0	32	45	0	0	0	0	0	505	0	0	0	7	0	146	0	60	0	2157	112	0	5677	30	22	0	561	0	0	7	6	0	0	0	0	0	8	0	1779	0	0	0	22	10	0	0	0	5	0	0	0	7	18	577	0	237	234	37891	0	44	0	0	0	0	0	0	0	0	0	0	0	0	0	0	0	0	0	0	0	0	51	0	0	0	7	15	0	0	0	0	0	0	0	256	31	0	0	0	0	0	0	114	0	1871	23	0	115	442	0	0	0	0	0	0	0	0	0	0	5	0	0	0	0	0	615	428	322	0	0	0	0	202	0	70	0	0	5	551	0	0	33	0	0	0	4	0	0	0	0	0	7	101	0	0	0	0	4	0	0	0	0	0	64	0	0	201	8	0	0	0	0	77	0	0	0	7	0	0	38	96	0	0	0	0	0	0	0	0	0	0	0	0	54	0	0	0	165	0	125	0	0	0	0	0	10	0	0	0	0	0	0	86	0	0	0	0	0	0	412	0	0	0	0	0	32	0	0	17	0	0	0	0	0	0	145	0	0	0	0	0	0	0	0	0	0	0	0	14	0	0	15	0	0	0	0	105	0	0	0	0	19	0	0	0	0	0	0	0	25	0	0	0	0	0	0	0	4	0	0	0	0	0	0	0	0	3	0	86	0	0	25	0	0	0	0	0	0	0	0	0	0	0	0	0	0	0	0	0	0	47	0	0	0	0	8	0	0	0	11	0	0	0	0	0	0	0	0	0	0	0	0	0	0	0	0	0	0	0	0	0	0	0	0	0	0	0	0	0	0	0	0	0	254	0	0	0	0
f107	0	0	0	0	380	0	0	0	7	0	0	0	0	0	0	0	0	42	0	0	0	0	0	0	183	0	0	0	149	97	0	17	0	0	0	559	0	71	6	0	0	0	0	0	0	0	0	133	0	0	0	0	0	0	0	0	0	44	0	0	4043	3	0	0	32	0	0	0	6	0	0	0	0	0	0	0	91	0	2	0	0	18	8	0	0	7	0	0	0	0	8	21	0	0	7	83523	0	0	0	0	0	0	0	0	0	0	0	0	0	0	0	0	0	0	0	0	0	0	0	0	0	0	0	8	0	0	0	0	0	0	0	34	0	0	0	0	0	0	0	14	6	563	0	0	0	28	0	0	0	0	0	10	0	0	0	0	0	0	0	0	0	0	51	20	272	0	0	0	0	89	0	0	0	0	0	174	0	0	0	0	0	0	5	0	0	0	0	0	0	0	0	0	0	0	0	0	0	0	0	0	0	0	0	24	0	0	0	0	0	6	15	0	0	0	0	0	0	0	0	0	0	0	0	0	0	0	0	0	0	0	0	0	0	0	7	0	0	0	0	0	0	0	0	0	0	0	0	0	0	0	0	0	0	0	0	0	13	0	0	0	0	0	0	0	0	0	0	0	0	0	0	0	0	0	0	64	0	0	0	0	0	0	0	2	0	0	0	0	2	0	0	0	0	0	0	0	0	0	0	0	0	21	0	0	0	0	0	0	0	0	0	0	0	0	0	0	0	0	0	0	0	0	0	0	0	0	0	0	13	0	0	0	0	0	0	0	0	0	0	0	0	0	0	0	0	0	0	0	0	0	0	0	0	0	0	0	0	0	0	0	0	0	0	0	0	0	0	0	0	3	2	0	0	0	0	0	0	0	0	0	0	0	0	0	0	0	0	0	0	0	29	0	0	0	0
f108	0	0	0	0	4016	0	0	0	77	9	0	0	0	23	8	0	2	86	0	0	0	0	0	0	176	0	6	0	247	106	5	38	0	0	0	1125	0	29	2	0	12	9	0	0	0	0	0	74	0	0	0	0	0	23	0	14	0	263	21	0	1706	0	2	0	110	0	0	0	0	0	0	0	0	0	4	0	306	3	0	0	7	16	0	0	0	0	0	0	0	0	10	157	0	72	27	58082	0	23	0	0	0	0	0	0	0	0	0	0	0	0	0	0	0	0	0	0	0	0	6	0	0	0	4	0	0	0	0	0	0	0	0	111	0	2	0	0	0	0	0	18	3	223	0	0	8	95	0	0	0	0	0	39	0	0	0	0	4	0	0	0	0	0	135	52	126	0	0	0	0	92	0	0	0	0	0	371	0	0	12	0	0	0	4	0	0	0	0	0	0	9	0	0	0	0	0	0	0	0	0	0	11	0	0	27	0	0	0	0	0	12	0	0	0	3	0	0	0	15	0	0	0	0	0	0	0	0	0	0	0	0	8	0	0	0	15	0	42	0	0	0	0	0	0	0	0	0	0	0	0	0	0	0	0	0	0	0	122	0	0	0	0	0	23	0	0	0	0	0	0	0	0	0	9	0	0	0	0	0	0	0	0	0	0	0	0	36	0	0	2	0	0	0	0	11	0	0	0	0	9	0	0	0	5	0	0	0	0	0	0	0	0	0	0	0	0	0	0	0	0	0	0	0	0	0	0	33	0	0	15	0	0	0	0	0	0	0	0	0	0	0	0	0	0	0	0	0	0	0	0	0	0	0	0	0	0	0	0	0	0	0	0	0	0	0	0	0	0	0	0	0	0	0	0	0	0	0	0	0	0	0	0	0	0	0	0	0	0	0	0	0	77	0	0	0	0
f109	0	0	0	0	773	0	0	0	0	41	0	5	0	0	0	0	0	9	0	0	0	2	0	0	60	0	0	0	66	17	0	10	0	0	0	547	0	92	3	71	0	0	0	0	0	0	0	91	0	0	0	0	0	6	0	0	0	51	0	0	1448	0	0	0	28	0	0	0	0	0	0	0	0	0	0	0	70	0	0	0	0	0	0	0	0	0	0	0	0	0	11	16	0	0	0	71459	0	0	0	0	0	0	0	0	0	0	0	0	0	0	0	0	0	0	0	0	0	0	0	0	0	0	0	0	0	0	0	0	0	0	0	116	0	0	0	0	0	0	0	0	2	298	0	0	0	0	0	0	0	0	0	0	0	0	0	0	0	0	0	0	0	0	64	6	98	0	0	0	0	59	0	0	237	0	0	117	0	0	0	0	0	0	3	0	0	0	0	0	0	0	0	0	0	0	0	0	0	0	0	0	0	0	0	0	0	0	0	0	0	0	7	0	0	0	0	0	0	0	0	0	0	0	0	0	0	0	0	0	0	0	0	0	0	0	0	0	0	0	0	0	0	0	0	0	0	0	0	0	0	0	0	0	0	0	0	0	12	0	0	0	0	0	0	0	0	0	0	0	0	0	0	0	0	0	0	23	0	0	0	0	8	0	0	0	0	0	0	0	0	0	0	0	0	8	0	0	0	0	0	0	0	8	0	0	0	0	0	0	0	0	0	0	0	0	0	0	0	0	0	0	0	0	0	0	0	0	0	0	14	0	0	0	0	0	0	0	0	0	0	0	0	0	0	0	0	0	0	0	0	0	0	0	0	0	0	0	0	0	0	0	0	0	0	0	0	0	0	0	0	0	0	0	0	0	0	0	0	0	0	0	0	0	0	0	0	0	0	0	0	0	0	0	4	0	0
f110	0	0	0	3	998	2	0	0	9	0	0	0	0	0	0	0	0	19	0	0	0	0	0	0	41	0	0	0	132	0	0	5	0	0	0	1710	0	25	0	24	4	7	0	6	0	0	0	76	0	9	25	0	0	0	0	0	0	19	0	0	1569	0	0	0	26	0	0	0	0	0	0	0	0	6	0	0	82	0	0	0	0	0	0	0	0	0	0	0	0	0	9	0	0	0	5	62793	0	3	0	0	0	0	0	0	0	0	0	0	0	0	0	0	0	3	0	0	0	0	0	0	0	0	0	6	0	0	0	0	0	0	0	143	0	0	0	0	0	0	0	9	3	246	0	0	0	10	0	0	0	0	0	28	0	0	0	0	0	0	0	0	0	0	72	7	76	0	0	0	2	56	0	0	0	0	0	737	0	0	0	0	0	0	0	0	0	0	0	0	0	13	0	0	0	0	0	0	0	0	0	0	0	0	0	5	0	0	0	0	0	0	7	0	0	0	0	0	0	4	0	0	0	20	0	0	0	0	0	0	0	0	0	0	0	0	5	0	0	0	0	0	0	3	0	0	0	0	0	0	0	0	4	0	0	0	0	0	15	0	0	0	0	0	3	0	0	0	0	0	0	2	0	0	0	0	0	29	0	0	0	0	6	0	0	0	0	0	0	0	0	0	0	0	0	0	0	0	0	0	7	0	0	15	0	0	0	0	0	0	0	0	0	0	0	0	0	0	0	0	0	0	0	0	0	0	0	0	0	0	21	0	0	0	0	0	0	2	0	0	0	0	0	0	0	0	0	0	0	0	0	0	0	0	0	0	0	0	0	0	0	0	0	0	0	0	0	0	0	0	0	0	0	0	0	0	0	0	0	0	0	0	0	0	0	0	3	0	0	0	0	0	26	0	0	0	0
f138	7	0	0	6	255	0	0	0	1423	98	19	0	0	138	101	0	3	225	0	0	42	0	0	0	890	0	21	0	17	222	96	71	0	0	0	536	0	70	13	0	19	185	0	692	0	0	0	282	0	8	0	0	0	102	0	87	0	437	56	0	22821	13	0	0	80	0	53	0	1264	0	10	0	0	0	42	0	623	0	0	133	27	0	0	0	0	0	0	0	0	24	292	117	0	135	95	32208	64	0	0	0	0	29	0	0	0	4	175	18	0	0	0	0	0	25	0	6	0	0	0	0	0	0	35	24	0	0	0	5	0	8	0	93	40	0	23	0	0	12	0	257	0	393	25	21	155	125	41	4	0	0	0	0	0	0	0	6	5	0	0	0	0	12	50	33	645	0	0	0	0	51	0	53	0	0	0	20	0	0	0	0	0	0	11	0	0	15	2	0	0	168	0	0	0	0	0	0	0	0	0	0	9	0	0	33	0	0	0	0	0	46	0	12	0	7	0	0	9	56	0	0	0	314	0	5	0	18	39	0	0	0	47	0	0	0	49	0	51	27	0	0	0	13	34	10	0	0	25	0	3	0	88	0	0	0	0	0	314	0	39	0	0	0	54	0	0	16	0	0	0	0	0	0	72	41	0	571	0	0	0	0	126	0	0	9	0	6	0	0	10	0	0	0	0	199	6	0	0	0	8	0	0	0	0	33	0	0	70	0	0	0	0	0	0	0	0	0	44	3	0	0	0	0	0	0	0	50	0	0	11	0	0	0	0	0	0	0	0	0	0	0	0	0	0	0	0	0	0	0	0	0	0	0	0	0	0	0	6	0	0	0	0	0	5	0	0	0	0	0	0	0	0	0	0	0	0	0	0	0	0	14	0	0	0	0	0	0	0	0	0	0	89	0	0	0	0
f139	0	3	0	0	205	2	0	0	1346	57	14	0	0	62	37	0	0	116	0	10	0	0	0	0	269	0	14	0	0	112	83	48	0	0	0	99	0	0	22	15	5	110	0	5	0	0	0	104	0	0	0	0	0	42	0	81	0	10	10	0	11463	0	9	0	5	0	70	0	0	0	0	0	0	0	58	0	248	0	0	3	7	0	0	0	0	0	0	0	0	16	283	0	0	74	22	51648	0	3	0	0	0	7	0	0	0	0	0	0	0	0	0	0	0	6	0	0	0	0	0	0	0	0	28	0	0	3	0	0	0	0	0	12	23	0	0	0	0	18	0	126	0	163	15	0	22	74	0	0	0	0	0	0	18	0	0	0	5	0	0	0	0	0	0	0	235	0	0	0	0	43	0	30	6	0	0	0	0	0	0	0	0	0	0	0	0	6	0	0	0	0	0	0	0	0	0	0	0	0	0	0	8	0	0	0	0	0	0	0	0	13	0	13	0	9	0	0	22	23	0	0	0	0	0	0	0	69	0	0	0	0	18	0	0	0	25	2	25	13	0	0	0	0	23	0	0	0	0	0	0	0	0	0	0	0	0	0	190	0	0	0	0	0	0	0	0	0	0	0	0	0	0	0	48	0	0	202	0	0	0	0	8	0	0	0	0	0	0	0	0	0	0	0	0	56	0	0	0	0	9	0	0	0	0	0	0	0	48	0	0	0	0	0	0	0	0	0	0	3	0	0	0	0	0	0	0	0	0	0	0	0	0	0	0	0	0	0	0	0	0	0	0	0	0	0	0	0	0	0	0	0	0	0	0	0	0	0	0	0	0	0	0	0	0	0	0	0	0	0	0	0	0	0	0	0	0	0	0	0	0	0	0	0	0	0	0	0	0	0	0	0	19	0	0	0	0
f140	0	0	0	0	207	0	0	0	0	0	0	20	0	0	0	7	0	9	0	0	0	0	0	0	0	0	0	0	6	0	0	0	0	0	0	15	0	0	0	16	0	7	0	0	0	0	0	0	0	0	0	0	0	0	0	0	0	0	0	0	49	0	0	0	0	0	0	0	0	0	0	64	0	0	0	0	93	33	16	0	0	0	0	0	0	0	17	0	0	0	0	0	0	0	0	1124	0	0	0	84	0	0	0	0	0	0	0	0	0	0	0	0	0	0	0	0	0	0	0	0	23	0	0	0	0	0	0	0	0	0	0	0	0	0	0	0	0	0	0	0	0	0	0	0	0	0	0	0	0	0	0	0	3	0	20	0	0	0	0	0	0	0	0	0	0	0	0	0	0	2	0	0	2923	0	0	0	0	0	0	0	0	0	0	0	0	0	0	4	0	0	0	0	0	0	0	0	0	0	0	0	0	44	0	0	0	5	0	0	9	0	0	0	0	17	0	0	0	0	0	0	0	0	18	0	0	0	0	0	0	0	0	0	0	0	0	0	0	0	0	0	0	0	0	0	0	0	0	0	0	0	0	0	0	0	56	0	0	0	0	0	0	0	0	0	0	0	0	62	0	0	0	0	0	0	0	0	0	0	0	0	0	0	0	0	0	0	0	0	0	0	0	0	0	0	0	0	0	43	9	0	0	0	0	58	0	0	0	0	5	0	0	0	0	118	0	0	0	0	0	0	0	0	0	0	0	0	0	0	12	0	0	0	0	0	0	0	0	0	0	0	0	0	0	0	0	0	0	0	0	0	0	0	0	0	0	0	0	0	0	0	0	0	0	0	0	0	0	0	0	0	0	0	0	0	0	0	0	0	0	0	0	0	0	0	0	0	20	0	0	0	0	0	0	0	0
f166	2	0	0	8	29401	0	0	0	34	7	0	0	0	18	43	0	0	66	0	0	0	0	0	0	8	0	0	0	382	31	3	51	0	0	0	639	0	95	57	0	21	7	0	3	0	0	0	7	0	7	0	0	0	0	0	6	0	14	3	0	681	0	0	0	0	0	8	0	85	0	0	0	0	0	0	0	89	0	0	0	0	0	0	0	0	0	0	0	0	0	14	0	0	0	5	18566	0	0	0	0	0	27	0	0	0	0	36	0	0	0	0	0	21	0	0	0	0	0	5	0	0	0	0	0	0	0	0	0	0	0	0	110	9	0	5	0	0	0	0	0	0	117	0	0	13	0	2	2	0	0	0	2	20	0	0	0	6	0	0	0	0	0	10	29	8	0	0	0	0	33	0	2	0	0	0	1321	0	0	14	0	0	0	0	0	0	0	0	0	0	21	0	0	0	0	0	0	0	0	0	0	0	0	0	8	0	0	0	0	0	2	8	4	0	0	0	0	0	0	0	0	0	16	0	0	0	0	2	0	0	0	0	0	0	0	9	0	0	0	0	0	0	0	0	0	0	0	0	0	0	0	0	0	0	0	0	0	9	0	0	0	0	0	0	0	0	0	0	0	0	0	0	0	0	0	0	9	0	0	0	0	34	0	5	0	0	0	0	0	0	0	0	0	0	16	0	0	0	0	6	0	0	0	0	0	0	0	4	0	0	0	0	0	0	0	0	0	0	0	0	0	0	0	0	0	0	0	0	0	28	0	0	0	0	0	0	0	0	0	0	0	0	0	0	0	0	0	0	5	0	0	0	0	0	0	0	0	0	0	0	0	0	0	0	0	0	0	0	0	0	0	0	0	0	0	0	0	0	0	0	0	0	0	0	0	0	0	0	0	0	0	0	0	0	0	0
f167	0	0	0	14	31390	0	0	0	12	8	0	0	0	0	123	0	0	171	0	0	0	0	0	0	0	0	0	0	437	84	5	70	0	0	0	510	0	112	117	19	0	0	0	0	0	0	0	0	0	0	0	0	0	0	0	24	0	18	0	0	1279	0	0	0	17	0	0	0	0	0	0	0	0	0	0	0	119	0	0	0	3	0	0	0	0	0	0	0	0	4	5	19	0	0	0	29870	0	0	0	0	0	0	0	0	0	0	0	0	0	0	0	0	0	0	0	0	0	0	4	0	0	0	0	0	0	0	0	0	0	0	2	249	0	0	0	0	0	8	0	0	0	120	0	0	20	0	0	0	0	0	0	0	0	0	0	0	9	0	0	0	0	0	9	94	0	0	0	0	0	93	0	0	0	0	0	1039	0	0	17	0	0	0	0	0	0	0	0	0	0	27	0	0	0	0	0	0	0	0	0	0	0	0	0	0	0	0	0	0	0	0	0	0	0	0	0	0	0	0	0	0	0	0	0	0	0	0	0	0	0	0	0	0	0	0	14	0	0	5	0	0	0	0	0	0	0	0	0	0	0	3	0	0	0	0	0	0	25	0	0	0	0	0	0	0	0	0	0	0	0	0	0	0	0	0	0	0	0	0	0	0	0	0	0	0	0	0	0	0	0	0	0	0	0	0	0	0	0	0	0	0	0	0	0	0	0	0	12	0	0	0	0	0	0	0	0	0	0	0	0	0	0	0	0	0	0	0	0	0	32	0	0	0	0	0	0	0	0	0	0	0	0	0	0	0	0	0	0	0	0	0	0	0	0	0	0	0	0	0	0	0	0	0	0	0	0	0	0	0	0	0	0	0	0	0	0	0	0	0	0	0	0	0	0	0	0	0	0	0	0	0	14	0	0	0	0
f168	0	0	0	7	3524	0	0	0	5	0	0	0	0	3	26	0	0	60	0	0	0	0	0	0	0	0	0	0	366	32	0	23	0	0	0	510	0	155	18	0	0	22	0	7	0	0	0	0	0	0	0	0	0	0	0	6	0	0	0	0	2301	0	0	0	0	0	0	0	0	0	0	0	0	0	0	0	90	0	0	0	0	19	0	0	0	3	0	0	0	0	2	0	0	0	0	48267	0	0	0	0	0	0	0	0	0	0	0	0	0	0	0	0	0	0	0	0	0	0	0	0	0	0	0	0	0	0	0	0	0	0	0	162	0	0	0	0	0	0	0	0	0	105	0	0	8	0	0	0	3	0	18	0	22	0	0	0	2	0	0	0	0	0	0	25	0	0	0	0	0	37	0	3	0	0	0	802	0	0	12	0	0	0	0	0	0	0	0	0	0	0	0	0	0	0	0	0	0	0	0	0	0	0	0	0	0	0	0	0	0	0	9	0	0	0	0	0	0	0	0	0	0	0	0	0	0	0	0	0	0	0	0	0	0	0	0	0	0	0	0	0	0	0	0	0	0	0	0	0	0	0	0	0	0	0	0	0	10	0	0	0	0	0	0	0	0	0	0	0	0	0	0	0	0	4	0	10	0	0	0	0	0	0	12	0	0	0	0	0	0	0	0	0	0	0	0	0	0	0	0	0	0	0	0	0	0	0	0	0	0	0	0	0	0	0	0	0	0	0	0	0	0	0	0	0	0	0	0	0	32	0	0	0	0	0	0	0	0	0	2	0	0	0	0	0	0	0	0	0	0	0	0	0	0	0	0	0	0	0	0	0	0	0	0	0	0	0	0	0	0	0	0	0	0	0	0	0	0	0	0	0	0	0	0	0	0	0	0	0	0	0	0	0	0	0	0
f169	0	0	0	6	25316	0	0	0	0	5	0	0	0	0	22	0	0	49	0	10	0	0	0	0	0	0	0	0	117	30	0	4	0	0	0	431	0	0	23	0	3	23	0	0	0	0	0	0	0	0	0	0	0	0	0	6	0	0	0	0	363	0	0	0	0	0	0	0	0	0	0	0	0	0	0	0	60	0	0	0	0	0	0	0	0	0	0	0	0	0	5	0	0	0	0	15082	0	0	0	0	0	0	0	0	0	0	0	0	0	0	0	0	0	0	0	0	0	0	0	0	0	0	0	0	0	0	0	0	0	0	0	94	0	0	0	0	0	0	0	0	0	70	0	0	4	0	0	0	0	0	18	0	0	0	0	0	2	0	0	0	0	0	9	18	0	0	0	0	0	52	0	0	0	0	0	767	0	0	8	0	0	0	0	0	0	0	0	0	0	7	0	0	0	0	0	0	0	0	0	0	0	0	0	0	0	0	0	0	0	0	0	0	0	0	0	0	0	0	0	0	0	0	4	0	0	0	0	0	0	0	0	0	0	0	0	0	2	0	0	0	0	0	0	0	0	0	0	0	0	0	0	0	0	0	0	0	0	0	0	0	0	0	0	0	0	0	0	0	0	0	0	0	0	0	0	0	0	0	0	0	0	0	14	0	0	0	0	0	0	0	0	0	0	0	0	0	0	0	0	0	0	0	0	0	0	0	0	0	0	0	0	0	0	0	0	0	0	2	0	0	0	0	0	0	0	0	0	0	30	0	0	0	0	0	0	0	0	0	0	0	0	0	0	0	0	0	0	0	0	0	0	0	0	0	0	0	0	0	0	0	0	0	0	0	0	0	0	0	0	0	0	0	0	0	0	0	0	0	0	0	0	0	0	0	0	0	0	0	0	0	0	0	0	0	0
f170	0	0	0	5	17078	0	0	0	12	0	0	0	0	0	42	0	0	70	0	2	0	0	0	0	0	0	0	0	180	13	0	33	0	0	0	495	0	88	29	7	0	21	0	0	0	0	0	0	0	0	0	0	0	0	0	14	0	9	0	0	1537	0	0	0	0	0	0	0	0	0	0	0	0	0	0	0	110	0	0	0	0	9	0	0	0	0	0	0	0	0	2	5	0	0	0	40175	0	0	0	0	0	0	0	0	0	0	0	0	0	0	0	0	0	0	0	0	0	0	0	0	0	0	0	0	0	0	0	0	0	0	0	147	5	0	0	0	0	0	0	0	0	97	0	0	0	0	0	0	5	0	19	0	4	0	0	0	0	0	0	0	0	0	6	35	0	0	0	0	0	25	0	0	0	0	0	625	0	0	6	0	0	0	0	0	0	0	0	0	0	0	0	0	0	0	0	0	0	0	0	0	3	0	0	0	0	0	0	0	0	0	0	0	0	3	0	0	0	0	0	0	0	0	0	0	0	0	0	0	0	0	0	0	0	0	0	0	0	0	0	0	0	0	0	0	0	0	0	0	0	0	0	0	0	0	0	0	12	0	0	0	0	0	0	0	0	0	0	0	0	0	0	0	0	0	0	0	0	0	0	0	0	0	11	0	0	0	0	0	0	0	0	0	0	0	0	0	0	0	0	0	0	0	0	0	0	0	0	0	0	0	0	0	0	0	0	0	0	0	0	0	0	0	0	0	0	0	0	0	28	0	0	0	0	0	0	0	0	0	0	0	0	0	0	0	0	0	0	0	0	0	0	0	0	0	0	0	0	0	0	0	0	0	0	0	0	0	0	0	0	0	0	0	0	0	0	0	0	0	0	0	0	0	0	0	0	0	0	0	0	0	14	0	0	0	2
f21	4	0	2	0	7351	0	0	0	259	77	0	0	28	81	14	0	0	438	0	4	2	0	0	9	258	0	0	0	975	44	16	70	0	96	0	875	0	7	0	0	350	28	3	4439	0	4	0	791	24	39	27	0	0	163	3	98	0	30	0	0	382	21	0	0	0	0	0	4	32	0	2	0	0	138	11	0	648	0	0	419	0	0	0	17	0	0	0	0	0	0	12	0	0	131	25	42717	0	46	19	0	0	37	0	0	0	180	69	135	10084	0	0	0	64	0	12	5	4	115	0	19	0	0	0	113	0	0	3	0	0	440	0	55	55	0	202	0	0	0	0	125	0	575	66	18	0	355	226	0	0	14	0	0	11	0	8	0	2	0	0	0	40	0	80	16	453	0	37	32	0	88	7	33	0	0	0	156	0	23	8	0	0	0	0	0	13	0	13	0	0	80	0	0	0	22	0	0	0	0	0	0	0	12	0	0	0	0	0	0	0	0	39	0	0	20	0	0	0	0	0	0	0	1167	2	0	0	0	109	0	0	0	5	0	0	0	0	0	171	0	10	0	4	38	0	4	0	0	4	0	0	7	0	0	3	0	0	0	168	0	32	0	0	0	0	0	0	0	0	0	0	13	0	0	0	0	6	0	0	0	0	0	16	0	0	12	5	0	0	0	8	0	0	0	0	862	0	0	0	0	0	0	0	31	8	52	0	0	34	0	0	0	0	0	0	0	0	0	0	0	0	0	0	0	28	0	0	0	0	96	143	0	0	0	0	0	0	0	0	0	0	0	0	0	0	0	0	0	0	30	0	0	0	0	0	0	0	0	0	0	0	2	0	0	84	0	49	0	0	0	0	0	0	0	0	0	0	0	0	0	0	0	0	37	0	0	0	0	0	0	0	0	129	0	0	0	0
f22	0	0	0	0	2529	0	0	0	0	0	0	154	0	0	0	0	0	41	0	0	0	0	0	0	37	0	0	0	1467	6	0	0	0	0	0	1210	0	17	0	0	0	8	0	29	0	0	0	0	0	0	0	24	0	0	0	0	0	0	0	0	81	0	0	0	0	0	0	0	0	0	0	0	27	0	0	0	84	40	4	0	0	0	0	0	0	0	0	0	0	0	0	0	0	0	0	81812	0	0	0	0	0	0	0	0	0	0	0	0	6	0	0	16	0	0	0	0	0	0	0	0	0	0	0	0	0	0	0	0	0	0	0	61	17	0	0	0	0	0	0	0	0	126	10	0	8	0	45	0	0	0	0	0	23	35	0	0	0	0	0	0	0	0	10	8	85	0	0	0	0	55	0	0	0	0	0	35	0	0	0	0	0	0	0	0	0	0	0	0	0	0	0	0	0	0	4	0	0	0	0	0	0	73	0	0	0	0	0	0	0	0	30	0	0	44	0	0	0	0	0	0	0	0	0	0	0	0	0	0	0	0	0	0	0	0	0	0	0	0	0	0	0	0	0	0	0	0	0	0	0	0	2	0	0	0	0	0	0	0	0	0	6	0	0	0	0	0	0	0	0	0	0	0	0	0	0	0	0	0	0	0	6	0	0	0	0	0	0	0	0	0	9	0	0	25	0	0	0	0	0	0	0	0	0	0	0	0	0	12	0	0	0	0	0	22	0	0	0	0	0	0	0	0	0	0	0	0	0	0	160	0	0	0	0	0	0	0	0	0	0	0	0	0	0	0	0	0	0	0	0	0	0	0	0	0	0	0	0	0	0	0	0	26	0	0	0	0	0	0	0	0	0	0	0	0	0	0	0	0	0	0	0	0	0	0	0	0	0	0	0	0	0	0	0	0	0
f23	0	0	0	0	19041	0	0	0	0	40	0	0	0	0	0	0	0	177	0	0	0	0	5	0	507	0	0	0	3266	25	0	38	0	0	0	1496	0	0	0	0	0	8	0	39	0	0	0	0	0	0	0	0	0	0	0	59	0	0	0	0	151	0	0	0	0	0	0	0	0	0	0	0	0	0	5	0	248	0	0	0	0	0	0	0	0	4	0	0	0	0	12	18	0	68	12	65482	0	0	0	0	0	0	0	0	0	0	0	0	0	0	0	0	0	0	0	0	0	0	0	0	0	0	0	0	0	0	0	0	0	0	0	72	0	0	0	0	0	0	0	25	0	349	19	3	0	147	0	0	0	0	0	0	4	0	0	0	0	0	0	3	0	0	131	10	223	0	0	0	0	181	0	0	0	0	0	169	0	0	0	0	0	0	0	0	0	0	0	0	0	0	0	0	0	0	0	0	0	0	0	0	0	0	0	0	0	0	0	0	0	0	5	0	0	0	0	0	0	0	0	0	0	0	0	0	0	0	0	0	0	0	5	0	0	0	0	0	58	0	0	0	0	0	0	0	0	0	0	0	0	3	0	0	0	0	0	0	21	0	0	0	0	0	0	0	0	0	0	0	0	0	0	0	0	0	0	0	0	0	0	0	0	0	0	0	0	0	0	0	0	0	0	0	0	0	0	0	0	0	0	0	0	0	0	0	0	0	16	0	0	0	0	3	0	0	0	0	0	0	0	0	0	0	0	0	0	0	0	0	391	0	0	0	0	0	0	0	0	0	0	0	0	0	0	0	0	0	0	0	0	0	0	0	0	0	0	0	0	0	0	0	0	0	0	0	0	0	0	0	0	0	0	0	0	0	0	0	0	0	0	0	0	0	0	0	0	0	0	0	0	0	233	0	0	0	0
f24	0	0	9	0	1909	0	0	4	1083	115	71	3	26	369	298	0	13	2484	0	2	392	0	0	7	2167	0	0	84	328	488	163	1223	94	14	0	2616	49	396	102	0	79	34	0	432	4	0	51	677	0	563	44	0	0	175	138	797	0	379	374	0	590	72	33	0	0	0	166	0	291	0	6	0	0	99	540	0	3254	43	0	711	0	0	0	0	9	4	0	0	0	709	5	1347	0	1253	161	2204	0	641	0	3	52	303	0	6	0	15	1009	359	190	0	0	15	1393	52	49	17	133	275	23	4	0	5	855	0	0	0	0	0	0	854	0	115	140	0	1931	0	164	210	11	248	0	2206	59	21	73	776	164	152	127	8	0	0	134	0	11	74	10	3	0	0	95	0	960	3426	501	0	9	229	2	25	5	39	0	0	0	42	0	2011	193	0	0	3	0	5	9	39	17	0	0	415	8	35	0	0	0	0	0	0	22	4	128	0	1053	35	83	0	8	0	0	440	4551	0	28	48	0	0	0	0	0	29	0	943	4	0	10	0	179	0	0	0	83	46	0	91	238	0	2062	0	0	0	0	167	207	186	0	0	35	3	0	118	73	0	0	5	0	0	262	4	0	0	0	0	39	0	0	449	27	0	0	28	78	0	1007	0	0	0	0	3	32	0	48	0	0	0	57	0	53	0	199	100	0	21	0	628	0	3	55	0	9	0	0	89	559	112	0	0	60	0	0	0	0	0	0	0	0	4	0	18	0	0	0	0	13	0	0	6	0	31	62	0	27	0	0	0	0	0	0	2	0	0	0	0	17	0	6	0	0	17	0	0	8	0	11	0	0	7	0	0	129	0	0	0	10	22	0	0	0	0	0	0	0	0	0	0	0	0	0	4	0	0	0	0	0	4	0	0	0	31	13	7	588	4	0	9	0
f25	0	0	0	0	223	0	0	0	0	0	0	43	0	0	0	0	0	7	0	0	0	0	0	0	0	0	0	0	43	1477	0	0	0	0	0	0	0	0	0	0	0	0	0	229	0	0	0	15	0	0	1420	0	0	0	0	0	0	0	0	0	289	0	0	0	0	0	0	0	0	0	0	0	0	0	0	0	0	112	0	0	0	0	0	0	0	0	0	0	0	0	0	0	0	0	0	384	0	0	20	0	0	0	0	0	0	0	0	56	0	0	0	0	0	0	0	0	0	0	0	0	0	0	0	0	0	0	0	0	0	0	0	0	87	0	0	0	0	0	0	0	0	240	0	0	164	0	0	0	0	0	3	0	396	186	0	0	0	0	0	0	31	0	0	0	0	0	0	0	0	0	0	38	0	0	0	20	0	0	0	0	0	0	0	0	0	0	0	0	0	0	0	0	0	0	0	0	0	0	0	0	0	0	0	0	0	0	0	0	0	0	309	0	209	0	0	0	0	0	7	0	0	0	0	0	0	0	0	0	0	0	0	0	0	0	0	0	0	0	0	134	79	0	0	0	0	0	0	0	0	533	0	0	0	0	0	0	0	0	0	0	0	0	0	0	0	0	0	0	0	0	0	0	0	0	0	0	17	0	0	0	0	0	0	0	0	0	0	0	28	0	0	0	0	0	0	0	0	0	0	0	0	0	0	0	0	0	0	0	0	0	0	0	0	0	0	0	0	0	0	0	0	0	3318	0	0	0	0	0	13	0	0	0	93	0	0	0	0	0	0	0	0	0	0	26	0	0	0	0	0	0	0	0	0	17	0	0	0	0	0	0	0	0	0	0	688	0	0	111	0	0	0	0	0	0	0	0	0	0	0	0	0	0	243	0	0	0	0	0	0	0	0	0	0	0	0
f26	13	0	8	0	493	0	0	0	516	81	0	0	65	214	102	0	0	908	0	0	21	0	0	19	872	0	0	3	178	187	200	208	14	170	0	777	0	74	365	0	652	40	0	9909	4	4	11	1883	122	84	45	0	0	318	5	190	0	152	75	0	572	67	3	0	0	5	0	0	1131	0	10	0	0	157	21	0	1392	17	0	841	0	0	0	18	0	11	0	0	0	0	12	73	0	225	59	1583	0	124	0	0	0	115	0	0	0	164	1339	212	14875	0	0	0	125	143	8	26	22	137	0	91	0	0	35	342	0	0	2	0	15	1042	0	539	87	0	657	0	11	12	25	249	0	2267	232	70	104	1226	670	38	0	54	0	0	28	0	11	0	0	0	0	3	83	20	262	39	322	0	30	114	0	71	24	32	5	0	0	0	0	99	0	0	0	0	0	0	32	17	29	0	0	312	0	6	0	36	3	0	0	0	9	0	10	0	24	98	0	0	0	0	0	8	280	4	0	20	0	0	0	0	0	0	2	2480	9	0	5	0	382	0	0	0	14	0	0	0	0	0	451	0	9	0	25	114	0	15	8	0	15	0	0	159	100	0	0	0	5	0	213	0	50	0	0	0	267	0	0	0	0	0	0	0	4	0	27	0	0	0	0	0	0	0	185	0	0	14	50	0	0	0	24	10	0	0	0	2450	9	0	41	0	0	0	0	80	0	194	0	21	73	0	0	0	0	0	0	0	0	0	0	0	0	0	2	0	19	0	0	0	0	191	21	0	22	0	0	0	0	0	48	0	0	0	0	0	0	14	8	0	0	103	0	0	6	0	0	0	0	0	0	0	28	0	0	0	189	16	29	10	0	0	0	0	0	0	0	0	0	0	0	0	0	0	0	7	0	0	0	0	0	0	0	0	404	3	0	0	0
f27	0	0	0	0	860	0	0	0	201	302	0	19	0	180	0	0	0	8315	0	0	107	0	0	0	1407	0	0	0	298	27	15	81	0	58	8	3529	0	3	0	0	91	180	0	2018	5	0	0	1980	127	0	0	29	0	160	132	1024	124	3734	104	0	84	84	0	0	0	0	0	0	26	0	7	0	0	53	0	0	2730	109	0	117	114	0	0	0	0	0	0	0	0	0	0	100	0	199	284	596	0	0	8	0	46	0	0	0	0	0	286	226	1293	0	0	0	0	71	0	0	0	282	33	0	0	0	0	0	0	0	0	0	30	539	0	385	0	0	118	0	17	27	0	39	0	871	76	49	47	3109	94	0	0	30	0	0	0	0	31	0	0	0	3	0	306	0	225	0	1644	0	0	0	0	0	24	34	0	0	0	0	0	0	0	0	14	0	0	3	0	0	0	0	0	1242	0	0	0	28	0	0	0	0	0	0	86	475	0	167	0	0	0	0	0	19	0	0	0	13	0	0	49	0	0	0	0	1206	0	0	0	0	566	0	20	0	165	0	0	0	0	0	1151	0	0	0	0	44	0	0	0	0	387	0	0	18	12	75	0	0	0	0	699	0	0	0	0	0	133	0	0	0	0	0	0	0	112	0	0	0	0	0	0	0	0	0	0	0	6	0	0	0	0	19	0	0	0	0	0	659	8	0	79	0	0	0	0	0	0	0	0	0	167	0	0	0	0	0	0	0	0	0	0	0	0	0	0	0	0	0	0	0	0	0	25	0	0	0	0	0	0	0	0	0	0	0	0	0	0	0	0	0	0	0	0	0	0	65	0	0	0	0	0	0	0	0	0	0	64	0	0	0	0	0	0	0	0	0	0	0	0	0	0	0	21	0	0	0	0	0	0	0	0	0	0	0	1431	0	0	0	0
f28	0	0	3	0	12637	0	0	0	31	44	0	0	3	50	0	0	0	552	0	0	11	0	0	5	1522	0	0	0	3738	23	48	117	0	0	0	1378	0	66	0	0	22	27	0	220	0	0	0	109	15	0	14	0	0	13	30	147	0	224	0	0	934	5	0	3	0	0	0	0	15	0	0	0	0	0	7	4	1247	4	0	34	0	0	0	0	0	5	0	0	0	0	30	45	0	236	95	56875	0	10	0	0	0	20	0	0	0	0	228	0	788	0	0	0	41	48	0	15	0	34	0	0	0	0	0	0	0	0	0	0	0	196	0	484	0	0	128	0	0	0	0	61	0	2934	12	19	11	533	18	0	0	0	0	0	0	0	0	0	8	0	0	0	165	0	422	19	270	0	0	0	0	135	0	11	0	0	0	1087	0	0	19	0	0	0	0	0	0	5	2	0	0	39	0	0	0	0	3	0	0	0	0	0	0	0	0	0	0	0	0	0	0	18	41	0	0	0	0	0	4	0	0	0	0	568	0	0	0	0	19	0	0	0	0	0	0	0	0	0	268	0	0	0	0	63	0	0	0	0	13	0	0	0	8	0	0	0	0	0	99	0	0	0	0	0	17	0	0	0	0	0	0	0	0	3	12	0	0	0	0	0	0	0	0	8	0	0	0	0	0	0	0	0	0	0	0	117	0	0	0	0	0	0	0	0	21	0	0	0	21	0	0	0	0	0	0	0	0	0	0	0	0	0	0	0	0	0	0	0	0	0	268	0	0	0	0	0	0	0	0	0	0	0	0	0	0	0	0	0	0	0	0	0	0	0	3	0	0	0	0	0	0	0	0	0	0	0	0	0	0	0	0	0	0	0	0	0	0	0	0	0	0	0	0	0	0	0	0	0	0	0	0	0	576	0	0	0	0
f29	0	0	0	0	1542	0	0	0	0	0	0	0	0	0	0	0	0	34	0	0	0	0	0	0	150	0	0	0	374	4	0	0	0	0	0	1855	0	0	0	5	0	0	0	33	0	0	0	0	0	0	0	0	0	0	0	9	0	0	0	0	467	0	0	0	0	0	0	0	0	0	0	3	0	0	7	0	91	0	0	0	0	0	0	0	0	0	0	0	0	0	8	0	0	0	0	81307	0	0	0	0	0	0	0	0	0	0	22	0	0	0	0	0	0	0	0	0	0	0	0	0	0	0	0	0	0	0	0	0	0	0	0	135	0	0	0	0	0	0	0	0	0	331	0	0	4	0	0	0	0	0	0	0	0	0	0	0	0	0	0	0	0	0	111	3	63	0	0	0	0	116	0	0	0	0	0	56	0	0	0	0	0	0	0	0	0	0	0	0	0	0	0	0	0	0	0	0	0	0	0	0	0	0	0	0	0	0	0	0	0	0	7	0	0	0	0	0	0	0	0	0	0	3	0	0	0	0	0	0	0	0	0	0	0	0	0	0	32	0	0	0	0	0	0	0	0	0	0	0	0	0	0	0	0	0	0	0	3	0	0	0	0	0	0	0	0	0	0	0	0	0	0	0	0	0	0	0	0	0	0	0	0	0	0	0	0	0	0	0	0	0	0	0	0	0	0	0	0	0	0	0	0	0	24	0	0	0	3	0	0	2	0	0	0	0	0	0	0	0	0	0	0	0	0	0	0	0	0	0	803	0	0	0	0	0	0	0	0	0	0	0	0	0	0	0	0	0	0	0	0	0	0	0	0	0	0	0	0	0	0	0	0	0	0	0	0	0	0	0	0	0	0	0	0	0	0	0	0	0	0	0	0	0	0	0	0	0	0	0	0	0	72	0	0	0	0
f30	0	0	0	0	18970	0	0	0	10	9	0	0	0	4	0	0	0	171	0	0	0	0	0	0	257	0	0	0	14344	0	8	5	0	0	0	350	0	0	0	19	0	15	0	42	0	0	0	0	0	0	0	0	0	0	0	65	0	0	0	0	54	0	0	0	0	0	0	8	16	0	0	0	0	0	5	0	176	2	0	0	0	0	0	0	0	0	0	0	0	0	0	0	0	69	20	45821	0	5	0	0	0	0	0	0	0	0	21	0	19	0	0	0	0	0	0	0	0	0	0	0	0	0	0	0	0	0	0	0	0	0	0	18	0	0	0	0	0	0	0	0	0	101	0	6	0	140	0	0	0	0	0	0	0	0	0	0	0	0	0	0	0	0	147	0	17	0	3	0	0	56	0	0	0	0	0	450	0	0	0	0	0	0	0	0	0	0	0	0	0	0	0	0	0	0	0	0	0	0	0	0	0	0	0	7	0	0	0	0	0	0	15	0	0	0	0	0	0	0	0	0	0	6	0	0	0	0	0	0	0	0	0	0	0	0	0	0	62	0	0	0	0	0	0	0	0	0	0	0	0	0	0	0	0	0	0	0	4	0	0	0	0	0	0	0	0	0	0	0	0	0	0	0	0	0	0	0	0	0	0	3	0	0	0	0	0	0	0	0	0	0	0	0	0	0	0	0	0	0	0	0	0	0	0	0	0	0	14	0	0	0	0	0	0	0	0	0	0	0	0	0	0	0	0	0	0	0	0	0	695	0	0	0	0	0	0	0	0	0	0	0	0	0	0	0	0	0	0	0	0	0	0	0	0	0	0	0	0	0	0	0	0	0	0	0	0	0	0	0	0	0	0	0	0	0	0	0	0	0	0	0	0	0	0	0	0	0	0	0	0	0	178	0	0	0	0
f51	0	0	0	0	5860	0	0	0	0	96	0	14	0	0	0	0	0	782	0	0	0	0	0	0	650	0	0	0	238	200	256	159	0	4	0	807	0	1228	0	0	0	30	0	179	0	0	0	0	0	0	0	0	0	81	0	64	0	0	54	0	1217	9	0	0	0	0	0	0	190	0	0	11	0	0	9	0	1767	64	0	0	0	0	0	0	0	0	0	0	0	0	0	0	0	910	147	62300	0	0	0	0	0	0	0	0	0	0	351	0	0	0	0	0	0	0	0	0	13	0	0	0	0	0	0	0	0	0	0	0	0	0	0	320	0	0	0	0	21	0	0	164	0	1183	264	5	72	643	0	0	0	0	0	0	0	16	0	0	0	0	0	0	55	0	50	0	103	0	0	0	0	44	0	19	0	0	0	106	0	0	0	0	0	0	0	0	0	0	0	0	0	3	0	0	0	0	0	0	0	0	0	0	57	17	0	383	0	0	0	0	0	169	93	0	0	0	0	0	31	0	0	0	0	0	37	0	0	3	0	0	0	0	0	0	0	0	0	0	194	0	0	0	0	0	17	0	0	0	0	0	0	0	50	0	0	0	0	0	130	0	0	0	0	0	188	0	0	0	0	0	0	0	0	0	5	0	0	0	0	0	0	113	0	0	0	0	0	0	0	0	0	0	0	0	0	0	0	0	0	0	0	0	0	0	119	0	0	0	0	0	0	0	0	0	0	6	0	0	0	0	0	0	0	0	0	0	0	0	0	0	23	0	0	0	0	0	0	0	82	0	0	0	0	0	0	0	0	0	0	0	0	0	0	0	0	0	0	0	0	10	0	0	0	0	0	0	0	0	0	0	0	0	0	0	0	0	0	0	0	0	0	0	0	0	0	0	0	0	0	0	0	0	615	0	0	0	0
f81	4	0	5	0	338	0	0	0	173	54	0	0	17	146	99	0	0	731	12	0	23	0	19	12	1056	0	0	0	151	167	54	186	9	13	0	376	0	226	8	0	257	72	2	4370	0	0	0	459	26	55	30	0	0	78	4	127	0	97	112	0	237	44	3	0	0	0	2	0	394	0	2	0	0	63	19	0	961	0	4	497	0	0	0	10	0	8	0	0	0	9	141	37	0	224	35	832	0	24	0	0	0	41	0	0	0	56	613	46	3131	0	0	9	110	0	0	0	62	36	0	35	0	0	65	126	0	0	0	0	0	701	0	333	116	0	184	0	75	0	0	464	0	6034	118	0	39	563	154	41	0	24	0	0	419	0	11	0	3	155	0	0	83	0	71	0	92	0	8	47	0	19	60	22	0	0	0	24	6	34	0	0	0	0	0	16	0	0	6	0	0	78	0	0	0	3	0	0	0	0	10	0	15	10	18	13	0	0	11	0	7	10	25187	0	0	58	0	0	9	0	3	4	0	1186	0	0	0	0	213	0	0	0	8	0	0	15	17	0	205	0	0	0	0	54	0	0	0	0	16	0	0	48	146	0	0	0	0	0	87	0	14	0	0	0	137	0	0	0	0	0	0	4	2	0	10	0	0	0	0	0	0	0	113	0	5	0	80	0	0	0	14	12	0	3	0	787	0	0	22	0	0	0	0	19	22	130	0	0	38	0	0	0	0	0	0	0	0	0	0	0	0	0	0	0	0	0	0	0	0	52	24	0	0	0	0	0	0	0	2	0	0	0	0	0	0	0	0	0	0	45	0	4	0	0	0	0	0	6	0	0	11	0	0	0	50	21	0	0	0	0	0	0	0	0	0	0	0	0	0	0	0	0	0	0	0	0	0	0	0	0	0	0	318	0	0	0	0
f82	0	0	32	0	3135	0	0	0	216	101	0	0	18	54	34	0	0	896	0	2	33	0	0	18	1268	0	0	0	1313	202	286	306	2	6	0	1519	0	84	32	0	186	42	2	4431	0	0	28	435	17	19	67	0	0	133	0	252	0	104	68	0	783	22	6	0	22	0	3	0	3549	0	0	0	0	45	25	0	1435	3	0	463	0	0	0	0	0	5	0	0	0	20	21	87	0	612	114	20826	0	64	0	0	0	12	0	0	0	80	1560	77	2006	0	0	0	129	19	5	6	12	85	0	0	0	0	0	90	0	0	0	0	0	762	0	352	40	0	384	0	0	18	0	107	0	2634	74	26	24	748	106	33	0	20	6	0	9	0	8	0	8	0	0	0	59	0	192	18	177	0	0	55	0	1129	11	26	0	0	0	54	0	326	43	0	0	0	0	0	0	9	8	0	0	57	0	0	0	0	0	0	0	0	0	0	23	0	0	44	0	0	0	0	0	41	97	5	237	15	0	0	13	0	0	0	0	1542	0	0	0	0	174	0	0	0	21	0	0	37	4	0	387	0	0	0	0	16	21	8	0	0	9	0	0	14	246	0	0	0	0	0	204	2	0	0	0	0	74	0	0	0	0	0	0	7	0	0	33	0	0	0	0	0	0	14	92	0	0	0	3	0	0	0	0	15	0	0	0	541	0	0	0	0	0	0	0	65	0	94	0	0	49	0	0	0	0	0	0	0	0	0	0	0	0	0	0	0	4	0	0	0	0	23	82	0	0	0	0	0	0	0	53	0	0	0	0	0	0	0	4	0	0	38	0	0	0	0	0	0	2	0	0	0	0	0	0	0	30	0	0	0	0	0	0	0	0	0	0	0	0	0	0	0	0	0	0	0	0	0	0	0	0	0	0	0	484	0	0	0	0
f83	22	3	110	0	1632	0	0	0	222	185	0	0	33	744	500	0	0	2432	0	0	61	8	0	28	1018	0	0	0	934	835	75	314	0	101	0	919	0	28	170	0	946	60	0	7723	0	0	5	457	111	128	22	0	0	202	0	65	0	85	132	0	934	105	5	0	0	0	0	18	2062	0	15	0	0	397	38	0	1848	3	58	891	0	0	3	12	0	20	0	0	0	0	0	0	0	584	38	10927	0	177	0	0	0	59	0	0	0	238	1218	657	8537	0	0	0	104	28	89	34	0	29	0	23	0	0	17	1012	0	0	0	0	0	548	0	326	16	0	1313	0	0	0	0	321	0	2653	1599	19	168	510	708	167	0	24	0	0	0	0	11	7	15	0	0	0	0	0	41	37	69	0	0	47	14	163	117	0	5	0	0	85	0	62	11	0	0	0	0	0	0	0	113	0	0	340	6	0	0	3	0	0	0	0	46	0	6	0	0	31	0	0	0	0	0	7	68	3	301	22	3	0	0	0	0	0	0	4092	10	0	0	0	844	0	0	0	23	0	0	127	0	0	189	0	0	0	0	596	0	0	0	0	94	0	0	27	1530	0	0	0	0	0	376	0	140	0	0	0	605	5	0	0	0	0	14	0	4	0	0	0	0	0	0	0	0	0	51	0	0	173	0	0	0	0	310	52	0	16	0	505	9	0	23	0	0	0	0	107	0	164	0	16	6	0	0	0	0	0	0	0	0	0	0	0	0	0	0	0	0	0	0	0	0	49	95	0	0	0	0	0	0	0	30	0	0	0	0	0	0	0	20	0	0	185	9	0	6	0	0	0	0	9	0	0	10	0	0	0	74	56	0	0	0	0	0	0	0	0	0	0	0	0	0	0	0	7	0	0	0	0	0	0	0	0	0	0	119	0	0	0	0
f84	0	0	0	0	3785	0	0	0	0	5	0	3	0	0	3	0	0	43	0	0	0	0	0	0	0	0	0	0	1812	38	0	47	0	0	0	1444	0	3	0	0	0	24	0	0	0	0	0	0	0	0	0	0	0	2	0	0	0	0	0	0	462	0	0	0	0	0	0	0	0	0	0	0	0	0	0	0	211	0	0	0	0	0	0	0	0	0	0	0	0	0	0	0	0	102	0	57750	0	7	0	0	0	0	0	0	0	0	12	0	0	0	0	0	0	0	3	0	0	0	0	0	0	0	0	0	0	0	0	0	0	0	0	188	0	0	0	0	0	0	0	12	0	1449	0	0	6	95	0	0	0	0	0	0	0	0	0	0	4	0	0	0	0	0	0	19	0	0	0	0	0	5412	0	0	6	0	0	207	0	0	5	0	0	0	0	0	0	0	0	0	0	0	0	0	0	0	0	0	0	0	0	0	0	0	0	0	0	0	0	0	0	0	7	0	161	0	0	0	0	0	0	0	0	0	0	0	0	0	0	0	0	0	0	0	0	0	0	0	0	0	0	0	0	0	0	0	0	0	0	0	0	0	0	0	0	0	0	0	53	0	0	0	0	0	0	0	0	0	0	0	0	0	0	0	0	0	0	0	0	0	0	0	0	0	0	0	0	0	0	0	0	0	0	0	0	0	0	0	0	0	0	0	0	0	0	0	0	0	0	0	0	0	0	0	0	0	0	0	0	0	0	0	0	0	0	0	0	0	0	0	263	0	0	0	0	0	0	0	0	0	0	0	0	0	0	0	0	0	0	0	0	0	0	0	0	0	0	0	0	0	0	0	0	0	0	0	0	0	0	0	0	0	0	0	0	0	0	0	0	0	0	0	0	0	0	0	0	0	0	0	0	0	4	0	0	0	0
f85	0	0	0	0	4789	0	0	0	0	14	0	0	0	0	0	0	0	104	0	0	0	0	0	3	89	0	0	0	1604	93	0	99	0	0	0	2787	0	0	0	0	0	124	0	9	0	0	0	0	0	0	0	0	0	0	0	44	0	0	0	0	4044	5	0	0	0	0	0	0	0	0	0	0	0	0	0	0	849	0	0	0	0	0	0	0	0	0	0	0	0	0	4	0	0	364	23	72187	0	11	0	0	0	0	0	0	0	0	6	0	0	0	0	0	0	0	0	0	0	0	0	0	0	0	0	9	0	0	0	0	0	0	0	275	0	0	0	0	0	0	0	25	0	922	0	0	4	146	0	0	0	0	9	0	0	0	0	0	0	0	0	0	0	0	0	23	14	0	0	0	0	207	0	0	0	0	0	221	0	0	6	0	0	0	0	0	0	3	0	0	0	2	0	0	0	0	0	0	0	0	0	0	0	0	0	0	0	0	0	0	0	0	0	2	338	0	0	0	0	0	0	0	0	0	0	0	0	0	0	0	0	0	0	0	0	0	0	0	0	0	0	0	0	0	0	0	0	0	0	0	0	6	0	0	0	0	0	0	85	0	0	0	0	0	0	0	0	0	0	0	3	0	0	0	0	0	0	4	0	0	0	0	0	0	0	0	0	0	0	0	0	0	0	0	0	0	0	0	0	0	0	0	0	0	0	0	0	0	0	0	0	0	0	0	0	0	0	0	0	0	2	0	0	0	0	0	2	0	0	0	96	0	0	0	0	0	0	0	0	0	0	0	0	0	0	0	0	0	0	0	0	0	0	0	0	0	0	0	0	0	0	0	0	0	0	0	0	0	0	0	0	0	0	0	0	0	0	0	0	0	0	0	0	0	0	0	0	0	0	0	0	0	88	0	0	0	0
f86	0	0	0	0	3926	0	0	0	0	89	0	0	0	0	34	0	0	415	0	6	0	0	0	0	30	0	0	0	4423	392	0	320	0	0	0	2659	0	4	6	0	5	195	0	53	0	0	7	11	0	0	28	0	0	4	0	121	0	0	0	0	2653	0	4	0	0	0	0	2	0	0	0	0	0	0	18	0	2050	0	0	0	0	0	0	0	0	0	0	0	0	19	0	0	0	670	26	49396	0	33	0	0	0	0	0	0	0	0	0	0	0	0	0	3	2	0	0	0	0	0	0	0	0	0	0	0	0	0	0	0	0	0	0	281	0	0	0	0	0	0	0	101	0	16793	34	0	81	508	0	0	0	0	7	0	5	0	0	0	15	0	0	0	0	0	0	62	0	0	0	0	0	1483	0	6	0	0	0	155	0	0	20	0	0	0	0	0	0	11	0	0	0	0	0	0	0	0	0	0	0	0	0	0	22	0	0	0	0	0	0	0	0	0	0	0	1226	20	0	0	0	0	0	0	0	6	6	0	0	0	0	0	0	0	0	0	0	0	0	0	25	0	0	0	12	0	0	0	0	0	0	0	0	33	0	0	0	0	0	0	344	0	0	0	0	0	23	0	0	0	0	0	8	0	0	0	6	0	0	0	0	0	0	0	0	0	4	0	0	0	0	0	0	0	0	0	0	0	0	0	0	0	0	0	0	0	0	0	0	6	0	0	0	0	0	0	0	0	0	0	0	0	0	0	0	0	0	0	4	0	0	0	192	0	0	0	0	0	0	0	0	0	0	0	0	0	0	0	0	0	0	12	0	0	0	0	10	0	0	0	0	0	0	0	0	0	0	0	0	0	0	0	0	0	0	0	0	0	0	0	0	0	0	0	0	0	0	0	0	0	0	0	0	0	92	0	0	0	0
f87	0	0	0	0	2823	0	0	0	0	3	0	0	0	0	4	0	0	80	0	0	0	0	0	0	71	0	0	0	1534	51	0	51	0	0	0	1722	0	0	0	17	0	50	0	10	0	0	0	6	0	0	0	0	0	0	0	35	0	0	0	0	1813	0	0	0	0	0	0	0	0	0	0	0	0	0	0	0	308	0	0	0	0	0	0	0	0	17	0	0	0	0	0	0	0	148	0	81360	0	0	0	0	0	0	0	0	0	0	0	0	0	0	0	0	0	0	0	0	0	0	0	0	0	0	0	3	0	0	0	0	0	0	0	143	0	0	0	0	0	0	0	23	0	1861	0	0	7	80	0	0	0	0	8	0	0	0	0	0	3	0	0	0	0	0	0	38	4	3	0	0	0	160	0	3	0	0	0	178	0	0	14	0	0	0	0	0	0	0	0	0	0	0	0	0	0	0	5	2	0	0	0	0	0	0	0	0	0	0	0	0	0	0	0	0	184	0	0	0	0	0	0	0	0	0	0	0	0	0	0	0	0	0	0	0	0	0	0	0	0	0	0	0	0	0	0	0	0	0	0	0	0	0	0	0	0	0	0	0	0	0	0	0	0	0	0	0	0	0	0	0	0	0	0	0	0	0	0	0	0	0	0	0	0	0	0	0	0	0	0	0	0	0	0	0	0	0	0	0	0	0	0	0	0	0	0	0	0	0	0	0	0	0	0	0	0	0	0	0	0	0	0	0	0	0	0	0	0	0	0	0	80	0	0	0	0	0	0	0	0	0	0	0	0	0	0	0	0	0	0	0	0	0	0	0	0	0	0	0	0	0	0	0	0	0	0	0	0	0	0	0	0	0	0	0	0	0	0	0	0	0	0	0	0	0	0	0	0	0	0	0	0	0	0	0	0	0	0
f88	0	0	7	0	1816	0	0	0	239	97	3	0	27	133	202	0	0	1100	0	0	54	27	0	6	782	5	0	4	1142	954	1227	392	11	91	0	1794	0	146	75	0	316	90	0	3043	3	9	19	624	27	164	26	0	0	51	4	228	0	153	102	0	1583	74	15	0	0	0	0	17	1526	0	0	0	0	117	32	0	2180	8	4	558	0	0	0	81	0	19	0	0	0	15	33	50	0	700	40	24062	0	83	0	0	10	45	5	0	0	62	2411	255	2841	0	0	0	139	0	41	12	5	66	11	21	0	12	10	260	0	0	0	0	0	948	0	426	48	0	680	0	8	14	0	198	0	5534	162	27	654	946	178	31	0	10	5	0	0	0	0	8	0	0	0	0	89	0	100	162	167	0	4	54	5	375	71	15	0	2	0	63	0	329	45	0	0	0	0	0	8	19	21	0	0	145	3	10	0	2	0	0	9	0	0	0	13	0	28	97	24	0	0	0	0	19	154	5	551	22	0	0	7	0	0	0	0	1882	11	0	7	0	142	7	0	0	28	0	0	35	6	0	181	0	7	0	12	84	19	0	0	0	12	0	0	64	195	0	0	0	0	0	575	0	59	0	0	0	119	0	0	0	5	0	0	21	14	0	17	0	0	0	0	4	0	0	95	0	0	0	0	0	30	0	34	17	0	7	6	451	0	2	35	0	0	0	0	60	0	228	0	0	44	0	0	0	0	0	0	0	0	23	0	0	0	0	0	0	0	0	3	0	0	63	79	0	0	0	0	0	0	0	146	0	0	0	0	0	0	6	0	0	0	81	0	0	0	0	25	0	0	0	0	0	0	0	0	0	21	16	0	0	0	0	0	0	0	5	0	0	0	15	0	0	0	0	0	0	0	0	0	0	0	0	0	0	185	0	0	0	0
f89	0	0	0	0	16483	0	0	0	0	7	0	0	0	0	0	0	0	19	0	0	0	0	0	0	8	0	0	0	10788	0	0	0	0	0	0	320	0	5	0	0	0	15	0	10	0	0	0	0	0	0	0	0	0	0	0	5	0	0	0	0	121	0	0	0	0	0	0	0	0	0	0	0	0	0	0	0	87	0	0	0	0	8	0	0	0	0	0	0	6	0	0	0	0	29	0	66125	0	0	0	0	0	0	0	0	0	0	0	0	11	0	0	0	0	0	0	0	0	0	0	0	0	0	0	0	0	0	0	0	0	0	0	41	0	0	0	3	0	0	0	20	0	623	0	0	0	0	0	0	0	0	0	0	3	0	0	0	0	0	0	0	0	0	0	0	0	0	0	0	0	69	0	0	0	0	0	1559	0	0	0	0	0	0	0	0	0	0	0	0	0	0	0	0	0	0	0	0	0	0	0	0	0	0	0	0	0	0	0	0	0	0	47	0	56	0	0	0	0	0	0	0	0	0	0	0	0	0	0	0	0	0	0	0	0	0	0	0	0	0	0	0	0	0	0	0	0	0	0	0	0	0	0	0	0	0	0	0	7	0	0	0	0	0	0	0	0	0	0	0	0	0	0	0	0	0	0	0	0	0	0	0	0	0	0	0	0	0	0	0	0	0	0	0	0	0	0	0	0	0	0	0	0	0	0	0	0	0	0	4	0	0	0	0	0	0	0	0	0	0	0	0	0	0	0	0	0	0	0	0	1192	0	0	0	0	0	0	0	0	0	0	0	0	0	0	0	0	0	0	0	0	0	0	0	0	0	0	0	0	0	0	0	0	0	0	0	0	0	0	0	0	0	0	0	0	0	0	0	0	0	0	0	0	0	0	0	0	0	0	0	0	0	0	0	0	0	0
f90	0	0	0	0	2367	0	0	0	0	60	0	0	0	0	23	0	0	288	0	0	0	0	10	0	218	0	0	0	1095	250	20	165	0	0	0	3947	0	0	0	45	0	88	0	0	0	0	0	0	0	0	18	0	0	0	0	88	0	0	0	0	2847	0	0	0	0	0	0	0	0	0	0	0	0	0	0	0	1044	0	0	0	0	0	0	0	0	15	0	0	0	0	0	0	0	594	19	54892	0	19	0	0	0	0	0	0	0	0	0	0	0	0	0	0	0	0	0	0	0	0	0	0	0	0	0	4	0	0	0	0	0	0	0	61	2	0	0	0	0	0	0	67	0	230	47	0	0	198	0	0	0	0	0	0	0	27	0	0	16	0	0	0	0	0	14	0	0	0	0	0	0	900	0	2	0	0	0	292	0	0	23	0	0	0	0	0	0	0	0	0	0	0	0	0	0	0	0	0	0	0	0	0	10	0	0	0	0	0	0	0	0	10	0	6	622	6	0	0	0	0	0	0	0	0	6	0	0	0	0	0	0	0	4	0	0	0	0	0	46	0	0	0	0	0	0	0	0	0	0	0	0	37	0	0	0	0	0	0	109	0	0	0	0	0	24	0	0	0	0	0	0	0	0	0	0	0	0	0	0	0	0	0	0	0	0	0	0	0	0	0	0	0	0	0	0	0	0	0	0	0	0	0	0	8	22	0	0	0	0	0	0	0	0	0	0	0	0	0	0	0	0	0	0	0	0	0	4	0	0	0	211	0	0	0	0	0	0	2	0	0	0	0	0	0	0	0	0	0	0	0	0	0	0	0	0	0	0	0	0	0	0	0	0	0	0	0	0	0	0	0	0	0	0	0	0	0	0	0	0	0	0	0	0	0	0	0	0	0	0	0	0	0	78	0	0	0	0
f111	0	28	0	21	10454	0	0	0	245	76	16	0	6	97	175	0	0	569	0	6	5	0	2	4	1334	0	22	0	1384	1117	19	394	0	0	0	3317	3	195	87	0	36	59	0	137	0	0	0	930	0	0	27	0	0	243	0	84	0	1274	100	0	8375	24	15	0	515	0	0	9	340	0	0	0	0	12	19	0	1637	4	59	1278	34	0	0	0	0	0	0	0	0	15	66	653	7	284	177	28670	0	23	0	0	0	167	0	0	0	3	980	0	0	0	0	0	303	61	0	0	13	15	24	0	0	0	23	57	0	0	0	0	0	13	0	381	51	0	21	0	0	9	0	113	0	2778	26	27	140	464	10	0	2	0	0	0	7	0	0	0	15	0	0	0	12	0	489	263	601	0	0	0	0	35	0	66	0	0	0	1341	0	0	14	0	0	0	112	0	4	0	0	0	0	135	0	0	0	0	0	0	0	0	0	15	80	0	0	105	4	0	3	0	0	71	32	0	12	8	0	0	0	81	0	0	0	200	0	0	0	0	15	4	0	0	44	0	0	0	124	0	114	0	0	0	0	0	0	0	5	0	3	0	0	34	403	0	0	0	0	0	64	0	9	0	0	0	0	0	0	13	0	0	0	2	0	0	109	0	0	63	0	0	0	0	19	0	0	0	0	0	0	0	0	0	0	5	0	192	0	0	0	0	0	0	0	87	69	56	0	0	27	0	0	0	0	0	0	0	0	0	4	0	0	0	0	0	0	0	0	151	0	0	25	0	0	0	0	0	0	0	0	0	0	0	48	0	0	0	0	0	0	0	0	0	0	0	5	0	0	0	14	0	3	0	0	0	0	0	0	0	0	0	0	0	0	0	0	0	0	0	0	0	0	0	0	0	0	0	0	0	0	0	0	0	405	0	0	0	0
f112	0	0	0	0	245	0	0	0	64	17	0	6	0	19	7	0	0	142	0	0	15	0	0	0	1099	0	0	0	52	762	0	40	0	2	0	540	0	81	9	0	63	0	0	10	0	0	17	334	0	4	17	0	0	28	0	5	0	114	16	0	4002	9	0	0	7	0	0	0	6	0	0	0	0	167	14	0	217	8	0	68	0	49	0	10	0	0	0	0	0	0	238	51	0	50	0	64789	0	9	3	0	0	24	0	0	0	0	29	0	0	0	0	0	40	0	0	0	14	0	9	0	0	0	0	71	0	0	0	0	0	7	0	65	48	0	2	3	0	3	0	0	0	434	0	11	2684	17	0	0	0	13	0	0	277	0	0	0	0	0	0	0	18	0	48	5	142	0	0	63	0	96	0	0	0	0	0	147	0	0	0	0	0	0	0	0	0	0	3	0	0	31	0	7	0	0	0	0	0	0	0	0	0	0	0	0	0	0	0	0	0	0	225	0	4	7	0	0	0	8	0	0	0	28	0	0	0	0	18	16	2	0	0	0	0	0	7	0	0	0	0	0	5	0	0	0	0	0	0	0	0	29	16	0	0	0	0	0	23	0	0	0	0	0	55	0	0	0	0	0	0	0	0	0	4	62	0	157	0	0	0	0	30	0	0	0	0	0	0	0	0	0	0	0	0	0	0	0	53	0	0	0	0	32	0	0	0	0	0	0	0	0	0	0	0	0	0	0	0	0	0	0	0	2	0	0	0	0	0	0	26	0	0	0	0	0	0	0	0	0	0	0	10	0	0	0	0	0	0	0	0	0	0	0	7	0	0	0	0	0	5	0	2	0	0	0	0	0	65	0	0	0	0	0	0	0	0	0	0	0	0	0	0	0	0	0	0	0	0	0	0	0	0	0	0	0	0
f113	0	0	0	0	12227	0	0	0	5	0	0	0	0	0	3	0	0	47	0	0	0	0	0	0	15	0	0	0	1003	113	2	13	0	0	0	420	0	0	6	0	0	0	0	0	0	0	0	6	0	2	0	0	0	16	0	0	0	17	0	0	754	0	0	0	12	0	0	0	0	0	0	0	0	0	0	0	66	0	0	11	0	0	0	0	0	0	0	0	0	0	17	32	0	0	0	58487	0	0	0	0	0	5	0	0	0	0	0	0	0	0	0	0	0	0	0	0	0	0	0	0	0	0	0	14	0	0	0	0	0	0	0	58	0	0	0	0	0	0	0	0	0	96	0	0	0	10	0	0	0	0	0	0	0	0	0	0	0	0	0	0	0	0	88	0	0	0	0	0	0	47	0	0	0	0	0	736	0	0	0	0	0	0	0	0	0	0	0	0	0	21	0	0	0	0	0	0	0	0	0	0	0	0	0	0	0	0	0	0	0	0	0	0	0	0	0	0	0	0	0	0	0	10	0	0	0	0	0	0	0	0	0	0	0	0	4	0	0	0	0	0	0	0	0	0	0	0	0	0	0	0	0	0	0	0	0	0	0	0	0	0	0	0	0	0	2	0	0	0	0	0	0	0	0	0	0	0	0	0	0	0	0	0	0	0	0	0	0	0	0	0	0	0	0	14	0	0	0	0	0	0	0	63	0	0	0	0	0	0	0	0	0	0	0	0	0	0	0	0	0	0	0	0	0	0	0	0	0	0	54	0	0	0	0	0	0	0	0	0	0	0	0	0	0	0	0	0	0	0	0	0	0	0	0	0	0	0	0	0	0	0	0	0	0	0	0	0	0	0	0	0	0	0	0	0	0	0	0	0	0	0	0	0	0	0	0	0	0	0	0	0	0	0	0	0	0
f114	0	0	0	0	326	4	0	0	0	0	0	18	0	0	0	0	0	11	0	5	0	0	0	0	50	0	0	0	33	20	5	2	0	0	0	58	0	35	0	197	0	0	0	0	0	0	0	38	0	0	0	0	0	0	0	0	0	0	0	0	3537	0	0	0	0	0	0	0	0	0	0	0	0	0	0	0	0	8	0	10	0	88	0	0	0	0	0	0	0	0	0	0	0	0	0	80217	0	0	4	0	0	0	0	0	0	0	22	0	0	0	0	0	0	0	0	0	0	0	0	0	0	0	0	0	0	19	0	0	0	0	0	22	0	0	0	0	0	0	0	0	0	160	0	0	0	0	0	0	0	0	0	0	18	0	0	0	0	0	0	0	0	0	0	0	33	0	0	0	0	0	0	4	0	0	0	70	0	0	0	0	0	0	0	0	0	0	0	0	0	0	0	0	0	0	0	0	5	0	0	0	0	0	0	0	0	0	0	0	0	0	0	0	0	2	0	0	0	0	0	0	0	12	0	0	0	0	0	0	0	0	0	0	0	0	6	0	0	0	0	0	0	0	0	0	0	0	0	0	0	0	6	0	0	0	0	0	0	0	0	0	0	0	0	0	0	0	0	0	0	0	0	0	7	0	0	46	0	0	0	0	0	0	0	0	0	0	0	0	0	0	0	0	0	0	0	0	0	0	3	0	0	17	0	0	0	0	0	0	0	0	0	0	0	0	0	0	0	0	0	0	0	0	0	0	0	0	0	0	14	0	0	0	2	0	0	0	0	0	0	0	0	0	0	0	0	0	0	0	0	0	0	0	0	0	0	0	0	0	0	0	0	0	0	0	0	0	0	0	0	0	0	0	0	0	0	0	0	0	0	0	4	0	0	0	0	0	0	0	0	0	0	0	0	0	0
f115	0	96	0	46	3584	0	0	0	323	452	36	0	0	77	402	0	16	1059	0	3	15	0	0	0	527	0	56	0	1134	2517	91	728	0	0	0	3158	0	139	677	13	82	70	0	0	0	0	0	1097	0	0	0	0	0	512	0	192	0	1517	170	0	6766	60	34	0	304	0	5	2	0	0	8	0	0	0	17	0	2518	7	0	0	75	0	0	0	0	23	0	0	0	8	33	1062	0	395	398	31100	0	48	0	0	0	0	0	0	0	0	0	5	0	0	0	0	0	0	0	0	0	0	93	0	4	0	13	60	0	0	0	0	0	0	0	144	79	0	0	0	0	14	0	183	0	3640	51	0	508	482	0	0	0	0	0	0	0	0	0	0	18	0	0	0	0	0	490	114	505	0	0	0	0	320	0	109	0	0	0	508	0	0	4	0	0	0	9	0	0	0	0	0	0	74	0	0	0	0	0	0	0	0	8	0	118	0	0	207	4	0	0	2	0	73	0	0	10	33	0	0	44	148	0	0	0	0	12	0	0	0	0	0	0	0	59	0	0	0	244	0	103	0	0	0	13	0	19	0	0	0	0	0	0	184	0	0	0	0	0	0	247	0	0	0	0	0	65	0	0	0	0	0	0	0	0	0	146	0	0	0	0	0	0	0	0	0	0	0	0	0	0	0	21	0	0	0	0	315	0	0	0	0	3	0	0	170	14	0	0	0	52	0	0	0	0	0	0	0	0	0	0	0	0	0	0	0	4	0	0	78	0	0	31	0	0	0	0	0	0	0	0	0	0	0	0	0	0	0	0	0	0	90	0	0	0	0	31	0	0	0	24	0	0	0	0	0	0	0	0	0	0	0	0	0	0	0	0	0	0	0	0	0	0	9	0	0	0	0	0	0	0	0	0	0	180	0	0	0	0
f116	0	0	0	0	327	0	0	0	24	36	0	0	0	0	0	0	0	120	0	0	0	0	0	0	107	0	0	0	243	144	5	53	0	0	0	1445	0	180	13	0	9	0	0	17	0	0	0	316	0	0	0	0	0	26	0	9	0	50	0	0	4213	2	0	0	17	0	0	0	36	0	0	0	0	0	0	0	134	0	0	0	0	0	0	0	0	0	0	0	0	0	11	134	0	33	25	55145	0	0	0	0	0	0	0	0	0	0	4	0	0	0	0	0	0	0	0	0	0	0	12	0	0	0	0	6	0	0	0	0	0	0	0	117	4	0	0	0	0	0	0	5	0	1402	0	15	15	36	0	0	0	0	0	0	3	0	0	0	0	0	0	3	0	0	30	8	94	0	0	0	0	96	0	5	5	0	0	120	0	0	0	5	0	0	0	0	0	0	0	0	0	5	0	0	0	0	0	0	0	0	0	0	0	0	0	25	0	0	0	0	0	0	10	0	0	4	0	0	0	15	0	0	0	0	0	0	0	0	0	0	0	0	0	0	2	0	25	0	0	0	0	0	0	0	0	0	0	0	0	0	0	0	0	0	0	0	0	0	0	0	0	0	0	0	0	0	0	0	0	0	0	0	0	0	3	57	0	5	0	0	0	0	0	0	0	0	0	0	0	0	4	0	0	0	0	32	0	0	0	0	0	0	0	82	0	0	0	0	0	0	0	0	0	0	0	0	0	0	0	0	0	0	0	0	0	0	0	0	0	0	35	0	0	2	0	0	5	0	0	0	0	0	4	0	0	0	0	0	0	10	0	0	0	0	0	0	0	0	0	0	0	0	0	0	0	0	0	0	0	0	0	0	0	0	0	0	0	0	0	0	0	0	0	0	0	0	0	0	0	0	0	0	5	0	0	0	0
f117	0	0	0	0	390	0	0	0	462	230	0	150	55	126	318	0	8	517	0	0	95	0	0	0	343	0	62	0	15	1719	0	618	19	44	0	8110	19	8	147	0	83	5	0	2684	0	0	15	2197	34	0	0	78	0	540	0	42	0	737	77	9	340	90	15	0	190	0	0	26	3068	0	0	0	0	126	0	0	2584	185	249	4374	81	0	0	0	0	0	0	0	0	0	0	968	0	179	573	1147	427	25	49	0	27	33	0	0	0	191	912	119	14	0	0	0	0	161	0	0	83	0	69	0	0	0	0	401	0	0	0	0	0	130	0	284	20	0	126	20	10	0	0	0	0	590	0	0	154	270	240	502	0	37	0	0	0	3	0	63	0	0	0	9	0	0	260	0	0	0	0	0	0	0	0	5	0	0	0	68	0	74	0	0	0	0	0	0	0	7	14	0	0	523	0	0	0	80	0	0	0	0	17	0	250	65	0	238	67	0	34	0	0	210	0	0	0	37	0	84	47	193	0	0	0	2372	51	4	0	0	887	8	0	0	178	0	0	0	185	0	64	0	0	0	0	167	0	0	0	0	0	0	0	12	529	0	0	0	0	0	198	0	260	0	0	0	271	0	0	0	0	0	0	0	383	0	0	0	0	171	0	0	0	0	74	0	0	186	0	0	0	0	0	0	17	0	0	2224	0	0	0	0	6	0	0	77	0	262	17	0	0	0	0	0	21	0	0	69	0	0	35	0	0	0	0	0	0	0	0	44	0	19	28	22	0	0	0	0	0	0	0	0	0	0	0	0	0	31	0	0	0	76	0	0	0	0	0	0	0	0	0	0	68	0	0	0	61	0	0	0	0	0	0	0	0	0	0	0	0	0	0	0	0	0	0	0	0	0	0	0	0	0	0	0	402	0	0	0	0
f118	0	59	0	0	337	0	0	37	274	0	0	125	0	15	99	0	0	290	0	0	0	0	0	0	221	0	65	0	50	136	328	53	0	0	0	3030	0	5062	0	0	140	5	0	2039	0	0	0	1011	0	221	16	7	0	473	0	8	0	234	351	0	10706	137	83	0	315	0	0	0	961	0	0	0	7	69	0	0	1671	181	0	577	2	0	0	0	0	0	0	0	0	59	129	347	104	92	379	2710	213	0	28	0	0	123	0	0	86	0	1016	53	0	0	23	0	0	117	0	0	0	0	0	0	0	0	2	0	0	0	0	0	0	74	0	1143	0	0	63	36	0	0	42	14	0	2632	0	58	129	238	17	26	0	0	0	0	0	123	0	0	0	0	0	0	88	0	20	0	155	0	0	0	0	54	0	122	0	0	0	67	0	8	0	0	0	0	631	0	0	0	0	0	0	30	0	0	0	0	0	0	0	0	0	0	178	109	0	171	36	0	0	0	12	98	0	0	0	0	0	0	0	106	0	0	0	685	0	0	0	0	45	0	0	0	81	0	0	0	231	0	102	0	0	0	0	58	56	0	0	106	82	0	0	0	562	0	0	0	0	0	0	0	193	9	0	35	162	0	0	0	0	0	0	0	0	0	0	71	0	120	51	0	0	573	120	0	0	0	0	47	62	0	0	56	0	0	0	1158	9	0	0	0	3	0	0	123	0	231	0	0	0	0	0	0	0	0	0	0	0	0	131	0	0	0	0	0	0	0	0	0	0	0	23	0	0	0	0	0	0	0	80	0	0	0	0	0	0	0	0	38	58	133	0	0	0	0	0	0	0	0	0	0	36	0	0	0	0	0	0	0	0	0	0	0	0	0	0	0	0	0	67	0	0	0	0	0	0	0	0	0	0	0	0	0	112	0	0	0	0
f119	0	25	0	17	1442	0	0	0	89	186	0	0	0	22	190	0	0	502	0	0	3	0	0	0	882	0	31	0	780	1155	37	383	0	0	0	5091	0	94	217	11	29	33	0	22	0	0	0	678	0	0	9	0	0	264	0	67	0	672	65	0	7707	25	0	0	389	0	0	0	149	0	0	0	0	0	17	0	1028	0	0	83	37	22	0	0	0	7	0	0	0	14	19	399	0	187	147	53953	5	32	0	0	0	22	0	0	0	0	48	0	0	0	0	0	0	0	0	0	0	0	65	0	0	0	18	20	0	0	0	0	0	0	0	140	18	0	8	0	0	0	0	55	4	2837	34	0	237	204	0	0	0	0	0	0	0	0	0	0	13	0	0	0	0	0	272	36	141	0	0	0	0	194	0	54	0	0	0	404	0	0	0	0	0	0	23	0	0	0	0	0	0	35	0	0	0	0	2	0	0	0	0	0	95	0	0	131	0	0	0	0	0	61	0	0	7	6	0	0	28	74	0	0	0	20	3	0	0	0	0	3	0	0	39	0	0	0	138	0	70	74	0	0	13	0	0	0	0	0	0	0	0	28	15	0	0	0	0	0	27	0	7	0	0	0	0	0	0	0	0	0	0	0	0	0	126	12	0	0	0	0	0	0	73	0	0	0	0	0	0	0	10	0	0	0	0	59	0	0	0	0	0	0	0	77	12	0	0	0	19	0	0	0	0	0	0	0	0	0	0	0	0	0	0	0	0	0	0	42	0	0	32	0	0	0	0	0	0	0	0	0	0	0	0	0	0	0	0	0	0	17	0	0	0	0	0	0	0	0	9	0	0	0	0	0	0	0	0	0	0	0	0	0	0	0	0	0	0	0	0	0	0	0	0	0	0	0	0	0	0	0	0	0	223	0	0	0	0
f141	0	0	0	0	233	0	0	0	112	0	0	0	0	0	12	0	0	8	0	0	0	0	0	0	98	0	0	0	20	17	19	0	0	0	0	52	0	0	0	0	3	10	0	0	0	0	0	0	0	0	0	0	0	14	0	18	0	0	6	0	2077	0	0	0	0	0	26	0	0	0	0	0	0	0	0	0	61	0	0	0	6	0	0	0	0	0	0	0	0	0	701	0	0	0	10	79690	0	0	0	0	0	5	0	0	0	0	0	0	0	0	0	0	6	11	0	0	0	0	0	0	0	0	0	0	0	0	0	0	0	7	0	0	0	0	0	0	0	0	0	0	0	197	0	0	2	0	0	0	0	0	0	0	40	0	0	0	0	0	0	0	0	0	0	0	36	0	0	0	0	17	0	8	380	0	0	0	0	0	0	0	0	0	0	0	0	0	0	0	0	4	0	0	0	0	3	0	0	0	0	0	0	0	0	0	0	0	0	0	0	0	40	3	0	0	0	0	0	5	0	0	0	0	0	0	0	0	0	0	0	0	0	0	0	0	0	0	7	0	0	0	0	0	0	0	0	0	0	0	0	0	0	0	0	0	0	0	4	0	0	0	0	0	0	0	0	0	0	0	0	0	0	0	5	0	0	2468	0	0	0	0	17	0	0	0	0	0	0	0	0	0	0	0	0	0	0	0	0	0	3	0	0	0	0	0	0	0	11	0	0	0	0	0	0	0	0	0	0	0	0	0	0	0	0	0	0	0	0	0	20	0	0	0	0	0	0	0	0	0	0	0	0	0	0	0	0	0	0	0	0	0	0	0	0	0	0	0	0	0	0	0	0	0	0	0	0	0	0	0	0	0	0	0	0	0	0	0	0	0	0	0	0	0	0	0	0	0	0	0	0	0	0	0	0	0	0
f142	0	0	0	0	242	0	0	0	260	17	0	0	0	7	21	0	0	48	0	0	3	0	0	0	471	0	0	0	17	25	18	6	0	0	0	105	0	6	0	0	0	27	0	0	0	0	0	0	0	0	0	0	0	11	0	30	0	0	0	0	2869	3	3	0	0	0	104	0	0	0	0	0	0	0	9	0	122	2	0	0	0	0	0	0	0	0	0	0	0	6	1394	0	0	88	12	81990	0	0	0	0	0	0	0	0	0	0	0	0	0	0	0	0	0	12	0	0	0	0	0	0	0	0	6	0	0	0	0	0	0	0	0	0	11	0	0	0	0	7	0	24	0	110	0	0	0	26	0	0	0	0	0	0	0	0	0	0	0	0	0	0	0	0	0	0	1145	0	0	0	0	19	0	0	0	0	0	21	0	0	0	0	0	0	0	0	0	0	0	0	0	0	0	0	0	0	0	0	0	0	0	0	0	0	0	0	2	0	0	2	0	0	0	0	0	0	0	0	0	14	0	0	0	0	0	0	0	0	0	0	0	0	0	0	0	0	9	0	18	0	0	0	0	0	12	0	0	0	0	0	0	0	0	0	0	0	0	0	0	0	0	0	0	0	0	0	0	0	0	0	0	0	0	0	16	0	0	58	0	0	0	0	0	0	0	0	0	0	0	0	0	0	0	0	0	0	0	0	0	0	2	0	0	0	0	0	0	0	20	0	0	0	0	0	0	0	0	0	0	0	0	0	0	0	0	0	0	0	0	0	16	0	0	0	0	0	0	0	0	0	0	0	0	0	0	0	0	0	0	0	0	0	0	0	0	0	0	0	0	0	0	0	0	0	0	0	0	0	0	0	0	0	0	0	0	0	0	0	0	0	0	0	0	0	0	0	0	0	0	0	0	0	8	0	0	0	0
f143	0	0	0	0	249	0	0	0	1896	98	50	0	0	30	163	0	0	264	0	0	0	0	0	0	834	0	44	0	17	283	122	51	0	3	0	349	0	4	23	9	14	232	0	12	0	0	0	282	0	12	44	0	0	117	0	238	0	91	26	0	7524	0	35	0	15	0	419	0	186	0	18	0	0	10	114	0	446	14	0	0	29	0	0	0	0	0	0	0	0	43	670	116	0	244	159	70807	0	11	0	0	0	62	0	0	0	0	0	5	0	0	0	0	89	68	4	0	0	5	0	5	0	0	45	22	0	0	0	0	0	11	0	176	73	0	6	0	0	85	0	244	0	303	9	0	89	19	8	0	0	0	0	0	115	0	0	0	9	0	0	0	0	0	5	0	506	0	0	0	0	103	0	45	4543	0	0	0	0	0	0	0	0	0	4	0	0	20	5	0	0	37	0	0	0	0	0	0	0	3	0	0	39	0	0	0	6	0	0	0	0	54	196	15	0	24	0	0	42	102	0	0	0	46	5	0	0	7	0	0	0	0	14	0	0	0	137	0	49	44	3	0	0	12	55	0	0	0	0	0	0	0	0	0	0	0	0	0	56	0	0	0	0	0	0	0	0	36	0	0	0	0	11	0	112	0	8	1511	0	0	0	0	37	0	0	0	0	0	0	0	0	0	0	7	0	102	0	0	0	0	0	0	0	0	0	0	0	0	164	0	0	0	0	0	2	0	0	0	0	9	0	0	0	0	0	0	0	49	0	4	13	0	0	0	0	0	0	0	0	0	0	0	0	0	0	5	0	0	0	18	0	0	0	0	0	0	0	0	23	0	7	0	0	0	0	0	0	0	0	0	0	0	0	0	0	0	0	0	0	0	0	11	0	0	0	0	0	0	0	0	0	0	17	0	0	0	0
f144	8	0	0	0	276	0	0	0	2332	170	64	0	34	198	250	0	9	496	0	5	164	0	29	0	682	0	47	0	30	345	141	86	36	23	0	113	7	166	93	8	329	289	0	246	0	0	0	1798	0	113	13	0	0	217	8	294	0	670	65	0	3010	34	45	0	33	0	366	0	726	0	23	0	0	0	114	0	699	3	0	106	72	0	0	25	0	14	0	0	0	29	650	155	0	256	135	45480	32	14	0	0	0	1219	0	0	0	113	89	54	180	0	0	0	700	264	0	12	351	34	8	25	3	0	125	203	0	0	0	0	14	927	0	512	225	0	276	0	40	118	0	213	0	748	50	0	124	92	161	87	0	0	4	0	1570	10	0	9	17	0	0	7	0	0	3	3	398	0	0	36	0	11	0	60	1523	0	0	6	0	0	0	0	0	0	2	0	0	16	15	0	0	243	0	15	0	2	0	0	0	7	0	10	38	0	0	37	0	0	0	0	0	64	530	12	0	50	0	39	72	93	0	0	0	1409	5	0	0	20	87	0	6	0	17	0	0	0	129	0	85	0	38	0	18	235	75	10	0	0	35	0	0	15	21	0	3	0	0	0	102	0	0	0	0	0	42	0	0	0	0	0	0	0	7	0	97	13	0	1594	0	0	0	10	1066	0	0	0	0	0	0	0	12	7	0	0	0	312	0	0	24	0	0	0	0	0	0	215	0	5	163	0	0	0	0	0	0	0	0	0	0	0	0	2	0	0	0	0	0	64	0	21	22	0	16	0	0	0	0	0	0	0	0	0	0	0	0	0	6	0	0	23	0	0	0	0	0	0	0	0	41	0	10	0	0	0	34	0	0	0	0	0	0	0	0	0	5	0	0	0	0	0	0	0	0	0	0	0	0	0	0	0	0	0	31	0	0	0	0
f145	9	7	0	5	317	0	0	36	3667	178	63	0	63	403	299	0	2	581	0	0	174	0	20	8	899	5	40	68	34	437	152	199	130	40	0	172	29	177	224	0	380	314	0	299	0	0	6	2805	32	105	21	0	0	269	5	287	0	1096	240	0	3574	63	57	0	28	0	644	52	795	0	28	0	0	28	151	0	880	25	0	231	71	0	0	204	0	4	0	0	0	39	686	185	0	289	144	4099	16	37	0	0	0	1007	0	0	0	167	120	73	238	0	0	23	1627	277	10	46	404	157	24	158	0	0	182	404	0	0	0	0	26	927	0	388	343	0	675	0	94	123	19	287	0	1004	77	0	413	93	261	156	0	41	0	0	2773	0	0	38	11	0	0	8	0	0	21	0	1142	0	0	59	11	12	0	78	0	0	0	0	0	0	3	0	0	0	9	0	19	23	38	0	0	295	0	24	0	0	0	0	0	13	0	26	0	0	64	51	20	0	0	0	0	79	1117	16	7	59	0	18	42	111	0	0	0	2348	10	0	0	28	139	0	5	0	51	0	0	0	120	0	95	12	39	0	0	197	89	19	0	0	34	0	2	12	32	0	0	0	0	0	126	0	31	0	0	65	59	0	0	32	0	0	0	19	7	0	148	17	0	2232	0	0	0	3	1300	0	0	10	17	0	0	0	28	6	0	0	0	516	4	0	48	0	3	2	72	0	0	346	0	0	167	0	0	0	0	0	9	0	0	0	13	0	0	0	0	0	0	0	0	333	0	49	19	0	0	0	0	0	0	0	0	0	0	0	24	0	0	0	20	0	0	119	0	0	0	0	89	0	0	11	31	0	18	14	0	0	40	0	0	0	0	0	0	0	0	0	9	0	0	0	0	0	0	0	0	12	0	0	0	12	0	0	0	0	43	0	0	0	0
f146	0	0	0	0	276	0	0	0	157	0	0	0	0	0	0	0	0	0	0	0	0	0	0	0	431	0	4	0	20	15	5	0	0	0	0	133	0	8	0	8	0	31	0	0	0	0	0	0	0	0	0	0	0	11	0	27	0	2	0	0	1312	0	0	0	0	0	36	0	0	0	0	0	0	0	8	0	90	0	0	0	3	0	0	0	0	0	0	0	0	0	81	0	0	50	0	91223	0	0	0	0	0	0	0	0	0	0	0	0	0	0	0	0	7	5	0	0	0	0	0	0	0	0	0	0	0	0	0	0	0	4	0	0	6	0	0	0	0	11	0	43	0	65	0	0	0	0	2	0	0	0	0	0	9	0	0	0	0	0	0	0	0	0	0	0	212	0	0	0	0	36	0	0	36	0	0	0	0	0	0	0	0	0	0	0	0	0	0	0	0	0	0	0	0	0	0	0	0	0	0	0	0	0	0	0	0	0	0	0	0	0	8	0	0	0	0	0	3	0	0	0	0	0	0	0	0	0	0	0	0	0	0	0	0	0	0	0	0	0	0	0	0	0	0	0	0	0	0	0	0	0	0	0	0	0	0	0	0	0	0	0	0	0	0	0	0	0	0	0	0	0	0	0	0	0	0	264	0	0	0	0	0	0	0	0	0	0	0	0	0	0	0	0	0	25	0	0	0	0	0	0	0	0	0	0	0	0	0	0	0	0	0	0	0	0	0	0	0	0	0	0	0	0	0	0	0	8	0	0	16	0	0	0	0	0	0	0	0	0	0	0	0	0	0	0	0	0	0	0	0	0	0	0	0	0	0	0	0	0	0	0	0	0	0	0	0	0	0	0	0	0	0	0	0	0	0	0	0	0	0	0	0	0	0	0	0	0	0	0	0	0	0	0	0	0	0
f147	0	0	0	0	311	0	0	0	238	13	7	3	0	0	25	0	0	12	0	0	0	0	0	0	27	0	9	0	9	56	26	0	0	0	0	112	0	0	5	0	0	26	0	0	0	0	0	57	0	0	0	0	0	16	0	46	0	0	0	0	1174	0	0	0	0	0	52	0	0	0	2	0	0	0	31	0	60	0	0	0	9	0	0	0	0	0	0	0	0	0	61	0	0	50	11	69987	0	0	0	0	0	0	0	0	0	0	0	0	0	0	0	0	0	2	0	0	0	0	0	0	0	0	0	0	0	0	0	0	0	0	0	7	0	0	0	0	0	14	0	17	0	79	0	0	27	0	0	0	3	0	5	0	0	0	0	0	0	0	0	0	0	0	0	0	17	0	0	0	0	20	0	0	0	0	0	0	0	0	0	0	0	0	0	0	0	0	0	0	0	0	0	0	0	0	0	0	0	0	0	0	11	0	0	0	3	0	0	0	0	7	0	0	0	0	0	0	0	0	0	0	0	0	0	0	0	0	0	0	0	0	0	0	0	0	8	0	9	26	0	0	0	0	0	0	0	0	0	0	0	0	0	0	0	0	0	0	5	0	0	0	0	0	0	0	0	0	0	0	0	0	0	0	25	0	0	5	0	0	0	0	0	0	0	0	0	0	0	0	0	0	0	0	0	0	0	0	0	0	0	0	0	0	0	0	0	0	30	0	0	0	0	0	0	0	0	0	0	0	0	0	0	0	24	0	0	0	0	0	13	0	0	0	0	0	0	0	0	0	0	0	0	0	0	0	0	0	0	0	0	0	0	0	0	0	0	0	0	0	0	0	0	0	0	0	0	0	0	0	0	0	0	0	0	0	0	0	0	0	0	0	0	0	0	0	0	0	0	0	0	0	0	0	0	0	0
f171	0	10	0	32	26640	0	0	0	333	50	0	0	0	4	470	0	5	1107	0	0	9	4	0	0	81	0	0	0	807	1085	44	435	3	0	0	2299	0	151	259	0	0	79	0	4	0	0	6	0	0	3	0	0	0	53	0	155	0	59	0	0	6461	8	5	0	8	0	0	6	9	11	0	0	0	0	12	0	772	0	0	0	17	0	0	0	0	0	0	0	0	0	33	113	0	82	19	23474	0	5	0	0	0	7	0	0	0	0	0	0	0	0	0	0	0	0	0	0	0	0	0	0	0	0	9	7	0	0	0	0	0	0	0	493	14	0	4	0	0	26	0	127	0	670	46	0	772	80	0	0	43	0	0	0	0	0	0	0	22	0	0	0	0	0	56	54	22	0	14	0	0	93	0	25	6	0	0	900	0	0	15	0	15	0	0	0	0	0	0	0	0	62	0	0	0	0	0	0	0	0	0	0	23	0	0	44	11	0	0	0	0	10	0	4	0	25	0	0	2	0	0	0	0	5	13	0	0	0	7	0	0	0	3	0	0	0	69	0	71	113	0	0	18	0	37	0	0	0	0	0	0	51	0	0	0	0	0	0	31	0	0	0	0	0	13	0	0	20	0	0	0	3	0	0	19	0	0	0	0	0	0	0	0	0	0	0	0	31	0	0	22	8	0	0	0	0	0	0	0	0	5	0	0	0	0	104	0	0	89	0	0	0	0	0	0	0	0	0	0	0	0	0	0	0	0	0	0	0	0	0	47	0	0	0	0	0	0	0	0	0	0	0	0	0	0	0	0	0	0	0	0	0	0	0	33	0	0	0	5	0	0	0	0	0	0	0	0	0	0	0	0	0	0	0	0	0	0	0	0	0	0	0	0	0	7	0	0	0	0	0	0	0	76	0	0	0	0
f172	0	6	0	11	23641	0	0	0	447	38	8	0	0	4	493	0	0	1080	0	0	0	4	0	0	54	0	13	0	310	906	35	424	0	0	0	2120	0	211	253	0	0	51	0	0	0	0	0	15	0	0	11	0	3	60	0	139	0	0	12	0	7425	11	0	0	10	0	13	0	16	2	0	0	0	0	21	0	855	0	0	6	11	0	0	0	0	5	0	0	0	20	10	131	0	101	2	25434	0	6	0	0	0	0	0	0	0	0	11	0	0	0	0	0	0	0	0	0	0	0	0	0	0	0	0	10	0	0	0	0	0	0	0	543	12	0	0	0	0	29	0	84	0	761	37	2	272	35	0	0	30	0	0	0	5	0	0	0	32	0	0	0	0	0	28	56	16	0	3	0	0	61	0	27	0	0	0	695	0	0	9	0	4	0	0	0	0	0	0	0	0	56	0	0	0	0	0	0	0	0	0	0	36	0	0	27	13	0	0	0	0	0	0	0	0	16	0	0	0	6	0	0	0	0	14	0	0	0	0	0	0	0	0	0	0	0	90	0	46	92	0	0	8	0	20	0	0	0	0	0	0	83	0	0	0	0	0	0	40	0	0	0	0	0	0	0	0	19	0	0	0	0	0	0	24	0	0	0	0	0	0	0	0	0	0	0	0	24	0	0	8	0	0	0	0	12	0	0	0	0	0	0	0	0	0	43	0	0	92	0	0	0	0	0	0	0	0	0	0	0	0	0	0	0	0	0	0	0	0	0	23	0	0	0	0	0	0	0	0	0	2	0	0	0	0	0	0	0	0	0	0	0	0	0	23	0	0	0	4	0	0	0	0	0	0	0	0	0	0	0	0	0	0	0	0	0	0	0	0	0	0	0	0	0	0	0	0	0	0	0	0	0	88	0	0	0	0
f173	0	0	0	6	11716	0	0	0	72	6	0	0	0	4	99	0	0	179	0	0	0	0	0	0	43	0	0	0	182	188	9	69	0	0	0	463	0	0	59	0	0	24	0	0	0	0	0	0	0	0	0	0	0	5	0	23	0	0	0	0	8604	0	2	0	0	0	0	3	0	0	0	0	0	0	0	0	115	0	0	0	6	6	0	0	0	4	0	0	0	0	15	29	0	41	0	62881	0	0	0	0	0	0	0	0	0	0	0	0	0	0	0	3	0	0	0	3	0	0	0	0	0	0	0	4	0	0	0	0	0	0	0	84	0	0	0	0	0	0	0	8	0	166	15	0	82	0	0	0	0	0	0	0	0	0	0	0	5	0	0	0	0	0	10	0	0	0	27	0	0	171	0	0	0	0	0	2487	0	0	6	0	0	0	0	0	0	0	0	0	0	0	0	0	0	0	0	0	0	0	0	0	0	0	0	0	0	0	0	0	0	0	0	0	0	0	0	0	0	4	0	0	0	0	0	0	0	0	0	0	0	0	0	0	0	0	28	0	7	0	0	0	0	0	10	0	0	0	0	0	0	44	0	0	0	0	0	0	0	0	0	0	0	0	0	0	0	0	0	0	0	0	0	0	0	0	0	0	0	0	0	0	0	0	0	0	0	0	0	0	0	0	0	6	0	23	0	0	0	0	4	0	0	0	0	0	0	0	16	0	0	0	0	0	0	0	0	0	0	0	0	0	0	0	0	0	0	0	0	0	18	0	0	0	0	0	0	0	0	0	0	0	0	0	0	0	0	0	0	0	0	0	0	0	0	0	0	0	0	0	0	0	0	0	0	0	0	0	0	0	0	0	0	0	0	0	0	0	0	0	0	0	0	0	0	0	0	0	0	0	0	0	24	0	0	0	0
f174	0	6	0	26	13267	0	0	0	357	65	0	0	0	0	474	0	0	1081	0	0	0	0	0	0	61	0	0	0	487	1271	35	413	0	8	0	1437	0	227	187	0	0	116	0	0	0	0	0	29	0	3	0	0	0	52	0	145	0	63	19	0	9097	14	7	0	0	0	0	9	2	0	0	0	0	0	12	0	889	0	0	0	0	0	0	0	0	2	0	0	0	0	24	136	0	122	10	44221	0	0	0	0	0	25	0	0	0	0	0	0	0	0	0	0	28	22	0	0	16	0	7	0	0	0	3	0	0	0	0	0	0	0	0	463	10	0	2	0	0	29	0	125	0	928	24	0	330	55	0	0	39	0	0	0	42	0	0	0	33	0	0	0	3	13	39	51	18	0	0	0	0	138	0	22	0	0	4	995	0	0	0	0	0	0	0	0	0	0	0	0	0	74	0	0	0	0	0	0	0	0	0	0	51	0	0	23	14	0	0	0	0	12	56	0	3	23	0	0	8	3	0	0	0	16	13	0	0	0	0	0	0	0	7	0	0	0	120	0	0	28	3	0	73	0	19	4	0	0	0	0	0	1336	0	0	0	0	0	0	38	0	0	0	0	0	17	0	0	24	0	0	0	0	0	0	0	0	0	70	0	0	0	0	13	0	0	0	0	17	0	0	5	0	0	0	0	15	0	0	3	0	0	0	0	0	34	64	0	0	90	0	0	0	0	0	0	0	0	0	0	0	0	0	0	0	0	0	4	0	0	7	25	0	0	0	0	0	0	0	0	0	0	0	0	0	0	0	0	0	0	0	0	0	0	0	23	0	0	0	0	0	0	0	0	0	0	0	0	0	0	0	0	0	0	0	0	0	0	0	0	0	0	0	0	0	3	0	0	0	0	0	0	0	129	0	0	0	0
f175	0	0	0	7	15706	0	0	0	18	0	0	0	0	0	35	0	0	95	0	0	0	0	0	0	12	0	0	0	91	48	4	82	0	0	0	467	0	24	16	0	0	20	0	0	0	0	0	0	0	0	0	0	0	0	0	16	0	0	15	0	4888	0	0	0	0	0	0	0	0	0	0	0	0	0	0	0	67	0	0	0	0	0	0	0	0	0	0	0	0	0	3	0	0	25	0	63341	0	0	0	0	0	0	0	0	0	0	9	0	0	0	0	0	0	0	0	0	0	0	0	0	0	0	0	0	0	0	0	0	0	0	0	80	0	0	0	0	0	0	0	0	0	151	0	0	14	0	0	0	5	0	4	0	10	0	0	0	0	0	0	0	0	0	5	0	0	0	0	0	0	135	0	3	0	0	0	718	0	0	0	0	0	0	0	0	0	0	0	0	0	6	0	0	0	0	0	0	0	0	0	0	0	0	0	0	0	0	0	0	0	0	0	0	0	0	0	0	0	0	0	0	0	0	0	0	0	0	0	0	0	0	0	0	0	0	2	0	0	5	0	0	0	0	6	0	0	0	0	0	0	5	0	0	0	0	0	0	0	0	0	0	0	0	0	0	0	0	0	0	0	0	0	0	0	0	0	5	0	0	0	0	0	0	3	0	0	0	0	0	0	0	0	0	0	0	0	0	0	0	0	0	0	0	0	0	0	0	6	0	0	0	0	0	0	0	0	0	0	0	0	0	0	0	0	0	0	0	0	0	13	0	0	0	0	0	0	0	0	0	0	0	0	0	0	0	0	0	0	0	0	0	0	0	8	0	0	0	0	0	0	0	0	0	0	0	0	0	0	0	0	0	0	0	0	0	0	0	0	0	0	0	0	0	0	0	0	0	0	0	0	0	6	0	0	0	0
f176	0	42	21	140	11966	0	0	0	499	69	0	0	14	4	685	0	0	1624	0	0	182	0	0	4	113	0	9	0	95	1183	27	413	24	0	0	2965	12	208	377	0	96	126	0	265	28	0	0	897	40	0	0	0	18	125	6	212	0	260	136	0	1962	28	0	0	0	0	60	65	640	0	0	0	0	101	13	0	2088	7	0	62	69	0	0	23	0	28	0	0	0	67	0	161	70	56	58	1815	30	37	0	0	0	973	0	0	0	51	2650	19	15	0	0	0	1386	110	0	4	10	544	6	40	0	0	10	3	0	0	0	0	0	1079	0	5967	564	0	267	0	41	33	18	185	0	1172	70	14	254	87	20	161	78	32	0	0	43	0	0	0	103	0	0	0	32	0	37	126	0	0	0	122	0	34	0	20	2	0	0	729	0	6	11	0	71	0	0	0	0	9	49	0	0	91	0	16	0	0	0	0	0	0	0	0	186	0	0	91	6	0	16	0	0	55	105	11	11	0	0	0	6	9	35	0	0	1483	34	0	0	0	10	0	8	0	14	0	0	0	221	0	150	0	0	0	0	138	66	57	0	0	25	0	0	46	57	0	0	0	0	0	84	0	0	0	0	0	11	0	0	0	9	0	0	0	0	0	46	0	0	7	0	0	0	0	1450	0	0	0	0	0	133	0	0	185	0	0	0	151	18	44	0	0	0	0	71	0	0	469	0	0	66	0	0	0	0	0	0	0	0	0	35	12	0	0	0	0	0	0	0	0	0	0	19	0	8	0	0	0	0	0	0	0	0	7	0	0	0	6	0	0	0	52	0	0	0	0	28	0	0	0	0	0	12	0	0	0	0	0	0	0	0	0	0	0	0	0	0	0	0	0	0	0	0	0	0	0	0	0	0	0	0	0	0	0	651	0	0	0	0
f177	0	12	7	16	13570	0	0	9	225	42	7	0	3	23	573	0	0	581	0	3	44	0	0	9	0	0	0	0	166	282	21	370	0	0	0	729	3	140	152	0	153	32	0	459	6	0	0	129	0	5	11	0	0	47	0	81	0	51	0	0	5401	17	0	0	5	0	7	27	1575	0	2	0	0	29	0	0	627	4	0	153	24	0	0	12	0	7	0	9	0	10	0	102	0	39	20	39458	47	9	0	0	0	460	0	0	0	0	1210	0	0	0	0	0	640	23	0	3	0	210	0	0	7	0	0	0	0	0	0	0	0	197	0	4407	210	0	50	4	0	26	0	28	0	515	30	20	82	33	36	19	24	5	0	0	7	0	0	0	27	0	0	0	4	0	39	16	7	0	0	33	0	280	0	17	0	0	0	1866	0	17	0	0	0	0	0	0	0	0	0	0	0	75	0	11	0	2	0	0	0	0	0	0	0	0	0	64	0	0	0	0	0	0	21	0	0	7	0	0	0	4	0	0	0	415	18	0	0	3	16	0	0	0	12	0	0	0	135	0	34	8	0	0	5	46	39	0	0	0	7	0	0	12	69	0	0	0	0	0	26	0	12	0	0	0	0	0	0	25	2	0	0	0	0	0	0	0	0	0	0	0	0	0	39	0	0	0	0	0	37	0	3	146	0	0	0	66	0	11	0	0	0	0	16	0	0	146	0	0	23	0	0	0	0	0	0	0	0	0	21	0	0	0	0	0	0	0	0	0	0	0	41	0	0	0	0	0	0	0	0	0	0	0	0	0	0	0	0	0	0	19	0	0	0	0	21	0	0	0	0	0	0	0	0	0	0	0	0	0	0	0	0	0	0	0	0	0	0	0	0	0	0	0	0	0	0	0	0	0	0	0	0	0	68	0	0	0	0
f178	0	0	0	39	2728	0	0	16	265	57	0	0	3	172	693	0	3	424	0	0	73	0	0	2	24	0	0	16	85	837	34	480	0	6	0	237	6	49	263	0	395	34	0	71	0	0	4	512	25	71	23	0	0	138	0	117	3	419	33	0	2097	22	9	0	0	0	0	40	432	0	0	0	0	55	14	0	218	0	2	261	0	0	0	212	0	7	0	0	0	9	54	139	391	31	8	2307	0	13	0	0	0	245	0	0	0	29	132	46	20	14	0	4	1195	203	2	6	15	137	0	12	0	0	0	53	4	0	3	0	0	206	0	2888	85	0	144	0	208	11	0	68	0	682	31	13	376	14	107	292	14	17	0	0	49	0	0	10	24	0	0	0	35	0	12	12	0	0	0	63	0	18	0	15	0	0	0	80	0	29	0	0	0	0	0	0	10	0	8	0	0	437	0	0	32	4	0	0	0	0	0	0	0	0	0	14	10	0	0	0	0	0	294	0	5	52	0	0	0	0	0	0	0	998	9	0	0	0	50	0	12	0	23	0	0	0	72	0	51	0	0	0	475	0	25	5	0	0	14	0	0	39	0	0	0	0	0	0	34	0	26	0	0	8	20	0	0	0	2	0	0	5	0	0	71	0	0	23	0	0	0	0	248	0	0	0	31	0	0	0	26	173	0	0	0	151	0	0	11	0	0	0	6	0	0	281	0	0	43	0	0	0	0	3	0	0	0	0	0	0	0	0	0	0	39	0	0	0	0	0	36	0	0	0	0	0	0	0	0	0	0	13	0	3	0	0	0	0	0	0	0	0	0	0	40	0	0	0	0	0	11	0	0	0	10	0	0	0	0	0	0	0	0	0	0	6	0	0	0	0	0	0	0	0	0	0	0	0	0	0	0	0	12	0	0	0	0
