feature	Oleiharenicola	Hyphomicrobiales_Incertae_Sedis_Genus	Pseudorhodoplanes	Pedosphaeraceae_Genus	Fluviicoccus	Dechloromonas	Rickettsiaceae_Genus	Chitinophagales_Genus	Culicoidibacter	Mycobacterium	Clostridium	SWB02	Noviherbaspirillum	Crenobacter	Streptococcus	Rhodospirillales_Genus	Paracaedibacteraceae_Genus	Lutispora	Beijerinckiaceae_Genus	Piscinibacter	Nitrospira	Rhodococcus	Frankiales_Genus	Pseudobdellovibrionaceae_Genus	Phaselicystis	Pedomicrobium	Reyranella	JGI_0001001.H03	Obscuribacteraceae_Genus	Candidatus_Bealeia	Luteolibacter	Micrococcus	Arthrobacter	Sphingorhabdus	SH.PL14	Candidatus_Obscuribacter	Lysobacter	env.OPS_17_Genus	Luteimonas	Terrimonas	Leuconostoc	Sediminibacterium	Altererythrobacter	SM1A02	Aeromonas	Burkholderia.Caballeronia.Paraburkholderia	Brevifollis	Pajaroellobacter	IS.44	Bacteroidia_Genus	Sphaerotilus	Pseudomonas	Marmoricola	NS9_marine_group_Genus	Hyphomicrobium	Cytophaga	Gracilibacteria_Genus	Verrucomicrobiaceae_Genus	Candidatus_Protochlamydia	Armatimonadaceae_Genus	Alphaproteobacteria_Genus	Microscillaceae_Genus	Paludibaculum	Xanthobacteraceae_Genus	Vampirovibrionaceae_Genus	Flavobacterium	Gammaproteobacteria_Genus	Sphingomonas	Devosia	Saprospiraceae_Genus	Chryseobacterium	Leeia	Brevundimonas	Chlamydiales_Genus	Emticicia	Agitococcus	Phreatobacter	Microtrichaceae_Genus	Ensifer	Haliangiaceae_Genus	Paucibacter	Telmatocola	Paenirhodobacter	Nitrosomonas	Novosphingobium	Comamonadaceae_Genus	Candidatus_Berkiella	Pseudobdellovibrio	Chitinibacter	Gemmataceae_Genus	Polyangiia_Genus	P3OB.42	A21b_Genus	Cetobacterium	Shinella	Sutterellaceae_Genus	Fluviicola	Legionella	Exiguobacterium	Burkholderiales_Genus	AAP99	SM2D12_Genus	Babeliaceae_Genus	Turicibacter	Chitinilyticum	Rickettsiella	Stagnimonas	Vibrio	Roseomonas	Candidatus_Ovatusbacter	Shewanella	Bryobacteraceae_Genus	Fimbriiglobus	Dinghuibacter	Truepera	Caulobacter	Tetragenococcus	Nocardia	Abditibacterium	Enterovirga	Rubrivivax	Neochlamydia	Blfdi19_Genus	Sandaracinaceae_Genus	Chryseotalea	Ga0077536_Genus	Verrucomicrobiia_Genus	Phenylobacterium	Opitutaceae_Genus	Gordonia	Anaerovorax	X37.13_Genus	Microtrichales_Genus	Paracoccus	Sphingopyxis	Rhizorhapis	Cytophagales_Genus	Kinneretia	Marinomonas	cvE6_Genus	Pir4_lineage	Candidatus_Nomurabacteria_Genus	mle1.27_Genus	IMCC26207	Dyadobacter	Caedibacter	Aquihabitans	Agromyces	Bosea	LiUU.11.161_Genus	Undibacterium	Ligilactobacillus	Stella	Neisseriaceae_Genus	TM7a	Bacillus	X0319.6G20_Genus	Parvibium	Afipia	Pseudolysobacter	Glutamicibacter	Rhizobium	Rothia	Candidatus_Megaira	alphaI_cluster	Runella	Chitinophagaceae_Genus	NS11.12_marine_group_Genus	Blastococcus	Cellvibrio	Candidatus_Alysiosphaera	Parachlamydiaceae_Genus	Deinococcus	Gaiellales_Genus	Bacilli_Genus	Fimbriimonadaceae_Genus	Gemmatimonas	TRA3.20_Genus	KD4.96_Genus	Curvibacter	Gemmata	Bradyrhizobium	Nocardioides	Staphylococcus	Vicinamibacteraceae_Genus	Flavihumibacter	Kineosporiaceae_Genus	PB19_Genus	Anaerocolumna	Acinetobacter	Candidatus_Paracaedibacter	Paracoccaceae_Genus	BIrii41_Genus	Kapabacteriales_Genus	SH3.11	CL500.3	Ruminiclostridium	Aquabacterium	Bdellovibrio	Pyrinomonadaceae_Genus	Nevskiaceae_Genus	Holosporaceae_Genus	Variovorax	Blastocatella	Sphingobium	Ottowia	Oscillospiraceae_Genus	Oligoflexaceae_Genus	Stenotrophomonas	Pirellula	Sandaracinus	X67.14_Genus	Malacoplasma	RBG.13.54.9_Genus	Blastomonas	PeM15_Genus	Cypionkella	OM190_Genus	Unknown_Family_Genus	Cloacibacterium	Allomeiothermus	Paraconexibacter	Defluviimonas	JG30.KF.CM45_Genus	Ellin6055	Rhodovastum	Massilia	X11.24_Genus	Thermomicrobiales_Genus	Thermodesulfobacteriota_Genus	Paraclostridium	Pseudomonadales_Genus	Methylorubrum	Candidatus_Captivus	Gemmobacter	MBNT15_Genus	Brevitalea	Rhizobiaceae_Genus	Sporichthyaceae_Genus	Gemmatimonadaceae_Genus	Rhodopseudomonas	Armatimonadota_Genus	Thermoactinomycetaceae_Genus	DEV114	Simkaniaceae_Genus	Eremiobacteria_Genus	Hirschia	Plesiomonas	Arthrospira_PCC.7345	Knoellia	Anoxybacillus	OLB12	Thermus	Rheinheimera	Sporomusaceae_Genus	Chitinimonas	Frisingicoccus	Rhodospirillaceae_Genus	Raineya	Barnesiellaceae_Genus	NB1.j_Genus	Acidovorax	Ferruginibacter	Methylobacterium	Kocuria	Peptoniphilus	Methylocystis	Mesorhizobium	Micavibrionales_Genus	Hassallia	Nannocystis	WY65	Fuscovulum	Turneriella	Permianibacter	Hyphomonadaceae_Genus	Pseudoduganella	Lactococcus	Nordella	Delftia	Steroidobacter	Elstera	Longivirga	Latilactobacillus	Serinicoccus	Roseicella	Tundrisphaera	IMCC26134	Parcubacteria_Genus	Flectobacillus	Desulfotomaculum	KD3.10	Peptostreptococcaceae_Genus	Romboutsia	Opitutus	Bryobacter	Enhydrobacter	AKYH767_Genus	Methyloversatilis	Bordetella	Hyphomicrobiales_Genus	Haliscomenobacter	Sphingomonadaceae_Genus	Hydrogenophaga	Dongia	Babeliales_Genus	Panacibacter	Pseudoxanthomonas	Niveibacterium	Elsteraceae_Genus	Methylibium	Perlucidibaca	Coxiella	Acetivibrio	Polyangiaceae_Genus	Aurantisolimonas	Agrobacterium	Anaerotaenia	Vogesella	CL500.29_marine_group
f16	0	0	0	8	8	737	0	0	3617	7	5	0	0	1869	0	0	0	0	0	0	0	8	0	10	0	0	0	0	0	0	0	0	0	0	0	0	0	0	18	0	0	0	0	0	58283	4	0	0	0	56	0	3289	0	0	0	0	3	0	0	0	0	0	0	0	0	777	121	0	0	0	0	0	0	0	71	16	151	0	0	5	3560	0	52	0	0	0	0	0	0	0	0	0	5	581	0	232	225	21	0	0	0	0	0	0	356	0	0	0	16	0	434	0	0	46	0	5	0	0	0	0	0	0	0	0	3	0	18	0	0	0	0	0	0	0	0	0	0	0	0	0	0	0	0	6	0	0	20	0	32	0	115	0	0	0	0	0	0	0	0	0	27	14	0	0	0	0	0	0	9	245	0	0	8	0	0	0	0	0	0	0	0	0	0	0	0	0	0	0	0	30	0	209	0	0	0	0	0	0	23	0	0	4	0	0	0	0	0	0	4	0	0	0	11	0	0	0	0	0	0	33	0	0	0	0	0	0	0	0	0	0	0	0	0	0	116	0	0	0	0	0	0	0	0	0	0	0	0	64	0	0	0	0	0	0	0	0	0	0	0	5	0	0	0	0	0	0	0	0	0	0	0	0	0	0	0	0	24	11	0	0	0	4	0	0	0	0	23	0	0	0	0	0	0	0	0	0	0	0	0	0	0	0	0	0	0	0	0	0	3996	0	0	0	0	0	0	120	0	0	0	0
f17	0	71	0	23	0	1877	0	0	4054	38	140	0	0	3073	8	0	0	0	0	0	0	19	0	33	0	5	0	0	0	0	0	0	0	0	24	0	0	2	0	0	0	0	0	0	27387	0	0	0	0	0	0	978	0	0	0	0	0	0	0	0	0	0	0	0	0	163	304	0	0	0	0	0	0	23	0	0	1116	0	99	0	1787	0	496	0	0	0	0	0	0	19	0	0	0	6272	0	313	146	110	0	0	0	0	0	0	396	0	0	5	330	0	170	0	9	426	0	5	0	0	0	0	44	5	0	0	0	0	31	0	0	7	0	0	0	0	0	0	0	0	0	0	5	0	0	22	0	0	107	4	37	0	0	0	0	0	0	0	26	0	0	0	0	41	0	0	0	0	0	0	0	2	0	0	0	0	0	0	0	0	0	0	7	20	0	0	0	0	0	0	0	29	0	1410	0	0	37	0	0	0	6	0	0	0	0	0	0	0	0	0	0	18	0	0	3	0	0	0	9	0	0	16	0	0	0	2	0	115	0	0	0	0	0	0	0	0	338	0	0	0	0	0	0	0	0	0	0	0	0	190	0	0	0	0	0	0	0	0	0	0	0	10	0	0	0	0	0	0	0	0	0	0	0	0	0	0	0	0	0	0	0	0	0	0	19	0	0	0	412	0	0	0	0	0	0	0	0	0	0	0	0	0	0	0	0	0	0	0	0	0	986	0	0	0	0	0	0	785	0	0	0	0
f18	0	0	0	0	0	358	0	0	1927	7	30	0	0	1269	9	0	0	0	0	0	0	5	0	2	0	0	0	0	0	0	0	0	0	0	0	0	0	0	0	0	0	0	0	0	50350	0	0	0	0	0	0	289	0	0	0	0	0	0	0	0	0	0	0	0	0	28	41	0	0	0	0	0	0	8	0	0	192	0	9	0	220	0	101	0	0	0	0	0	0	0	0	0	0	4352	0	65	0	20	0	0	0	0	0	0	166	0	0	0	55	0	242	0	0	74	0	0	0	0	0	0	9	0	0	0	0	0	4	0	0	0	0	0	0	0	0	0	0	0	0	0	0	0	0	5	0	0	11	2	14	0	0	0	0	0	0	0	0	0	0	0	0	7	0	0	0	0	0	0	0	0	0	0	0	0	0	0	0	0	0	0	0	0	0	0	0	0	0	0	0	0	0	184	0	0	0	0	0	0	0	0	0	0	0	0	0	0	0	0	0	0	0	0	0	0	0	0	0	0	0	0	0	0	0	0	0	23	0	0	0	0	0	0	0	0	71	0	0	0	0	0	0	0	0	0	0	0	0	186	0	0	0	0	0	0	0	0	0	0	0	0	0	0	0	0	0	0	0	0	0	0	0	0	0	0	0	0	0	0	0	0	0	0	5	0	0	0	61	0	0	0	0	0	0	0	0	0	0	0	0	0	0	0	0	0	0	0	0	0	265	0	0	0	0	0	0	112	0	0	0	0
f19	0	2	0	5	0	935	0	0	3942	13	4	0	0	2664	0	0	0	0	0	0	0	0	0	6	0	0	0	0	0	0	0	0	0	0	5	0	0	0	0	0	0	0	0	0	39100	0	0	0	0	0	0	681	0	0	0	0	0	0	0	0	0	0	0	0	0	349	177	0	0	0	0	0	0	8	0	0	659	0	17	0	2319	0	151	0	0	0	0	0	0	3	0	0	0	6376	0	323	185	41	0	0	0	0	0	0	344	0	0	0	166	0	111	0	0	175	0	0	0	0	0	0	17	0	0	0	0	0	62	0	0	4	0	0	0	0	0	0	0	0	0	0	0	0	0	0	0	0	50	0	47	0	0	0	0	0	0	0	3	0	0	0	0	0	0	0	0	0	0	0	0	19	0	0	0	0	0	0	0	0	0	0	0	6	0	0	0	0	0	0	0	8	0	666	0	0	0	0	0	0	0	0	0	0	0	0	0	0	0	0	0	0	0	0	0	0	0	0	0	0	0	24	0	0	0	0	0	35	0	0	0	0	0	0	0	0	220	0	0	0	0	0	0	0	0	0	0	0	0	360	0	0	0	0	0	0	0	0	0	0	0	13	0	0	0	0	0	0	0	0	0	0	0	0	0	0	0	0	0	0	0	0	0	0	0	0	0	0	121	0	0	0	0	0	0	0	0	0	0	0	0	0	0	0	0	0	0	0	0	0	367	0	0	0	0	0	0	354	0	0	0	0
f20	0	98	8	50	0	2893	0	0	4373	155	9	0	0	3590	0	0	0	0	0	0	0	37	0	37	0	5	0	0	0	0	0	0	0	0	27	0	0	0	4	0	0	0	0	0	21442	0	0	0	0	0	0	1681	0	0	0	0	0	0	0	0	0	0	0	0	0	219	573	0	20	0	0	0	0	69	0	0	1679	0	295	0	4821	0	1077	0	0	0	0	0	0	15	0	0	0	5772	0	463	297	175	0	0	0	0	0	0	225	0	0	0	538	0	133	0	12	666	0	10	0	30	0	0	53	7	0	0	0	0	25	0	0	22	0	0	8	0	0	0	3	0	0	0	20	0	0	30	0	0	174	11	56	0	0	0	0	0	0	0	20	0	0	0	0	86	0	0	0	0	0	0	0	45	0	3	0	0	0	0	0	0	0	0	27	50	0	0	0	0	0	0	0	29	0	2016	0	0	31	0	0	0	0	0	0	0	0	0	0	0	0	0	0	46	0	0	0	0	0	0	37	0	0	37	0	0	0	5	0	112	0	0	0	0	28	0	0	0	503	4	0	0	0	0	79	0	0	0	0	0	0	154	0	0	0	0	0	0	0	0	0	0	0	0	0	0	0	0	0	0	0	0	0	0	0	0	91	0	0	0	0	0	0	0	0	0	11	0	0	0	523	0	0	0	0	0	0	0	0	0	0	0	0	0	0	0	0	0	0	0	0	0	1065	0	0	0	0	0	0	1202	0	0	0	0
f46	36	75	0	558	0	1627	0	0	211	185	656	25	0	558	0	0	0	0	0	18	93	92	0	258	13	35	22	0	21	0	35	0	0	143	57	221	0	994	95	0	0	88	0	0	19774	0	30	34	0	190	156	2384	0	4	0	106	10	0	0	38	0	33	3	0	0	519	227	0	6	223	0	0	0	0	57	210	1208	0	88	1805	1434	86	265	131	13	310	0	79	0	101	38	8	0	3008	0	222	158	172	0	6	0	0	0	0	35	0	0	0	120	0	22	0	355	605	0	51	0	50	0	0	0	0	0	76	2239	6	0	0	9	158	0	0	0	12	8	4	4524	0	0	0	19	0	18	18	0	0	54	0	132	0	435	0	0	0	0	0	20	0	0	68	10	308	0	0	19	31	4	0	0	295	0	0	0	0	0	3	0	0	0	17	118	178	10	0	41	0	0	0	0	0	23	2543	48	61	0	0	0	107	100	11	3	0	0	0	0	0	0	0	0	58	3	0	0	0	0	0	0	320	0	86	0	4	0	4	0	0	0	4	0	0	0	0	0	0	1444	3	0	46	0	16	16	0	0	0	0	53	6	109	0	0	0	43	0	5	243	0	0	0	0	6	9	56	0	0	122	0	0	0	0	47	0	13	71	22	0	0	10	0	17	0	0	1178	19	0	0	4	981	0	0	0	0	0	0	0	10	0	0	0	0	0	0	631	0	66	0	0	0	4	574	0	0	0	0	0	0	434	0	0	0	0
f47	0	31	0	3	0	1178	0	0	289	156	197	0	0	679	6	0	0	0	0	0	0	0	0	33	0	10	7	0	16	0	11	0	0	0	50	72	0	0	0	0	0	0	0	0	50029	0	0	0	0	0	0	3930	0	0	0	0	0	0	0	0	0	0	0	0	0	99	281	0	0	0	0	0	0	0	0	0	1028	0	67	0	1396	0	160	0	0	0	0	0	0	0	0	0	0	457	0	190	143	256	0	0	0	0	0	0	176	0	0	0	85	0	49	0	0	698	0	79	0	13	0	0	0	0	0	0	14	0	0	0	0	0	0	0	2	0	0	0	24	0	0	0	0	0	0	22	0	0	43	0	127	0	9	0	0	0	0	0	15	0	0	0	0	377	0	0	0	0	0	0	0	124	0	0	0	0	0	0	0	0	0	0	11	124	10	0	0	0	14	0	0	0	0	2325	0	0	9	0	0	0	0	0	0	0	0	0	0	0	0	4	0	47	0	0	0	0	0	0	0	0	0	941	0	0	0	3	0	3	0	0	0	0	0	0	0	0	1149	8	0	17	0	0	0	0	0	0	0	0	0	92	0	0	0	0	0	0	77	0	0	0	0	0	0	0	0	0	0	0	0	0	0	0	0	0	0	0	0	0	0	0	0	0	0	5	14	0	0	0	728	0	0	0	0	0	6	0	0	0	0	0	0	0	0	0	0	0	0	3	0	0	245	0	0	0	0	0	0	521	0	0	0	0
f48	158	33	0	60	0	1430	0	0	47	645	16	8	0	831	6	0	31	0	0	0	53	255	0	0	0	41	0	0	0	0	0	16	0	66	14	49	42	562	654	0	0	135	0	0	4433	0	21	5	0	836	312	6091	0	0	0	9	3342	24	0	0	0	0	0	0	0	93	134	19	0	20	0	73	0	0	1048	0	839	13	54	540	7062	0	224	65	153	690	0	29	0	91	13	0	0	229	0	0	230	0	0	0	0	0	0	0	9	0	0	0	0	0	0	0	0	36	0	0	0	173	0	0	0	0	0	24	228	0	0	14	0	128	0	0	0	56	0	0	263	0	0	0	0	0	36	0	0	0	0	0	83	0	3281	0	0	39	0	0	3	0	0	0	0	32	0	0	0	151	58	0	34	3620	0	0	0	0	0	0	0	0	0	0	104	41	48	0	3	0	0	0	0	0	0	303	7	5	0	0	0	675	3903	0	0	0	0	0	0	0	0	0	0	46	0	0	0	0	25	0	0	36	0	160	0	0	0	9	0	0	0	0	0	0	0	0	0	0	42	0	0	1610	0	0	0	0	0	0	0	48	25	37	0	0	0	0	0	0	54	0	0	0	0	0	0	66	44	0	0	0	0	0	0	0	0	0	205	21	0	0	5169	0	0	0	0	58	0	0	0	0	176	0	0	0	0	0	0	0	0	0	0	0	0	0	0	280	0	0	0	0	0	0	4845	7	0	0	0	0	0	54	0	0	22	0
f49	0	9	0	21	0	538	0	0	669	103	239	0	0	1112	0	0	0	0	0	0	0	0	0	34	0	0	0	0	24	0	27	0	0	0	76	64	0	0	0	0	0	0	0	0	75043	0	0	0	0	0	0	2078	0	0	0	0	0	0	3	0	0	0	0	0	0	129	227	2	0	0	0	0	0	0	0	0	570	0	29	0	1540	0	122	0	0	0	0	0	0	21	0	0	0	1017	0	282	192	148	0	0	0	0	0	0	309	0	0	0	59	0	104	0	0	361	0	37	0	0	0	0	14	0	0	0	9	0	0	0	0	0	0	0	0	0	0	0	0	0	0	0	14	0	0	18	0	0	44	0	71	0	0	0	0	0	0	0	11	0	0	0	0	188	0	0	5	0	0	0	0	45	0	0	0	0	0	0	0	0	0	0	5	63	0	0	0	0	0	0	0	0	0	1610	0	0	6	0	0	0	0	0	0	0	0	0	0	0	0	0	0	48	0	0	4	0	0	7	0	0	0	207	0	0	0	0	0	0	0	0	0	0	0	0	0	0	947	0	0	0	0	0	0	0	0	0	0	0	0	191	0	0	0	0	0	0	0	0	0	0	0	11	0	0	0	0	0	0	0	0	0	0	0	0	0	0	0	0	0	0	0	0	0	0	18	0	0	0	522	0	0	0	0	0	0	0	0	0	0	0	0	0	0	0	0	0	0	6	0	0	437	0	0	0	0	0	0	320	0	0	0	0
f50	0	0	0	0	0	546	0	0	173	26	22	0	0	198	16	0	0	0	0	0	0	0	0	6	0	0	0	0	0	0	0	0	0	0	6	15	0	0	0	0	0	0	0	0	54174	0	0	0	0	0	0	1292	0	0	0	0	0	0	0	0	0	0	0	0	0	19	35	0	0	0	0	0	0	0	0	0	135	0	18	0	295	0	38	0	0	0	0	0	0	4	0	0	0	297	0	49	45	60	0	17	0	0	0	0	132	0	0	0	0	0	19	0	0	161	0	6	0	0	0	0	0	0	0	0	0	0	0	0	0	0	0	0	0	0	0	0	0	0	0	0	0	0	0	0	0	0	5	0	18	0	0	0	0	0	0	0	0	0	0	0	0	64	0	0	0	0	0	0	0	8	0	0	0	0	0	0	0	0	0	0	0	33	0	0	0	0	0	0	0	0	0	414	0	0	0	0	0	0	0	0	0	0	0	0	0	0	0	0	0	9	0	0	18	0	0	0	0	0	0	80	0	0	0	0	0	0	0	0	0	0	0	0	0	0	204	0	0	0	0	0	0	0	0	0	0	0	0	23	0	0	0	0	0	0	0	0	0	0	0	0	0	0	0	0	0	0	0	0	0	0	0	0	0	0	0	0	0	0	0	0	0	0	0	0	0	0	174	0	0	0	0	0	0	0	0	0	0	0	0	0	0	0	0	0	0	0	0	0	111	0	0	0	0	0	0	87	0	0	0	0
f76	0	0	0	0	0	0	0	0	5347	18	0	0	0	2165	0	0	0	0	0	0	0	0	0	0	0	0	0	0	0	0	0	0	0	0	2	0	0	0	0	0	0	0	0	0	16260	0	0	0	0	0	0	658	0	0	0	0	0	0	0	0	0	0	0	0	0	47	30	0	0	0	0	0	0	0	0	0	60	0	11	0	1211	0	74	0	0	0	0	0	0	7	0	0	0	21931	0	0	0	0	0	0	0	0	0	0	1723	0	0	0	23	0	438	0	0	0	0	0	0	0	0	0	0	0	0	0	3	0	9	0	0	0	0	0	0	0	0	0	11	0	0	0	0	0	0	0	0	0	0	222	33	0	0	0	0	0	0	0	0	0	0	0	0	0	0	0	0	0	0	0	0	0	0	0	0	0	0	0	0	0	0	0	0	0	0	0	0	0	0	0	0	0	0	233	0	0	0	0	0	0	0	0	0	0	0	0	0	0	0	0	0	0	0	0	27	0	0	0	0	0	0	0	0	0	0	0	0	0	0	0	0	0	0	0	0	0	107	0	0	0	0	0	0	0	0	0	0	0	0	1032	0	0	0	0	0	0	0	0	0	0	0	6	0	0	0	0	0	0	0	0	0	0	0	0	0	0	0	0	0	0	0	0	0	0	0	0	0	0	78	0	0	0	0	0	0	0	0	0	0	0	0	0	0	0	0	0	0	0	0	0	0	0	0	0	0	0	0	0	0	0	0	0
f77	0	0	0	10	0	129	0	0	2704	39	13	0	0	3834	0	0	0	0	0	0	0	0	0	0	0	14	3	0	0	0	0	0	0	0	8	5	0	32	58	0	0	15	0	0	23038	0	0	0	0	67	115	1250	0	0	0	10	0	0	0	0	0	0	0	0	0	124	216	0	0	18	0	0	0	0	7	15	187	0	26	117	2251	11	314	24	0	12	0	0	0	18	3	0	0	8143	0	12	37	26	0	0	0	0	0	0	876	0	0	0	57	0	320	0	25	0	0	0	0	0	0	0	0	8	0	0	49	0	21	0	0	0	0	0	0	0	0	0	368	0	0	3	0	0	0	0	0	0	16	358	62	0	43	0	0	0	0	0	0	0	0	3	0	41	0	0	0	0	0	0	0	111	0	0	0	0	0	0	0	0	0	0	13	0	0	0	0	0	0	0	0	0	0	618	0	0	0	0	0	13	7	0	0	0	0	0	0	0	0	0	0	16	0	0	12	0	0	0	19	22	0	0	0	0	0	3	0	0	0	0	0	0	0	2	0	0	241	0	0	0	0	0	23	0	0	0	0	5	0	365	0	0	0	0	0	8	0	0	0	0	0	0	0	12	0	0	0	0	0	0	0	0	0	0	30	0	0	0	0	0	0	0	0	111	0	0	0	9	370	0	0	0	0	0	0	0	0	0	0	0	0	0	0	178	0	0	0	0	0	0	10	4	0	0	0	0	0	28	0	0	0	0
f78	0	0	0	0	0	0	0	0	5303	31	0	0	0	845	0	0	0	0	0	0	0	0	0	0	0	0	3	0	0	0	0	0	0	0	7	0	0	0	0	0	0	0	0	0	26053	0	0	0	0	0	0	497	0	0	0	0	0	0	0	0	0	0	0	0	0	115	121	0	0	0	0	0	0	0	0	0	175	0	13	0	2875	0	343	0	0	0	0	0	0	7	0	0	0	17466	0	0	65	21	0	0	0	0	0	0	263	0	0	0	23	0	159	0	0	0	0	0	0	0	0	0	0	7	0	0	0	0	20	0	0	0	0	0	0	0	0	0	22	0	0	0	0	0	0	0	0	0	0	357	53	0	0	0	0	0	0	0	0	0	0	0	0	0	0	0	0	0	0	0	4	7	0	0	0	0	0	0	0	0	0	0	0	0	0	0	0	0	0	0	0	0	0	402	0	0	0	0	0	0	0	0	0	0	0	0	0	0	0	0	0	12	0	0	22	0	0	0	0	0	0	0	0	0	0	5	0	0	0	0	0	0	0	0	0	0	118	0	0	0	0	0	0	0	0	0	0	0	0	231	0	0	0	0	0	0	0	0	0	0	0	0	0	0	0	0	0	0	0	0	0	0	0	0	0	0	0	0	0	0	0	0	0	0	0	0	0	8	294	0	0	0	0	0	0	0	0	0	0	0	0	0	0	0	0	0	0	0	0	0	3	0	0	0	0	0	0	0	0	0	0	0
f79	0	0	0	0	0	0	0	0	8101	23	0	0	0	6997	0	0	0	0	0	0	0	0	0	0	0	0	12	0	0	0	0	0	0	0	9	0	0	0	0	0	0	14	0	0	10369	0	0	0	0	0	0	987	0	0	0	0	0	0	0	0	0	0	0	0	0	146	249	0	0	0	0	0	0	0	0	6	158	0	29	0	6266	0	167	0	0	0	0	0	0	20	0	0	0	16126	0	0	107	25	0	0	0	0	0	0	313	0	0	0	28	0	103	0	0	0	0	0	0	0	0	0	0	0	0	0	0	0	101	0	0	0	0	0	0	0	0	0	134	0	0	7	0	0	0	0	0	0	0	841	125	0	0	0	0	0	0	0	0	0	0	0	0	0	0	0	0	0	0	0	6	34	0	0	0	0	0	0	0	0	0	0	7	0	0	0	0	0	0	0	0	0	0	698	0	0	4	0	0	0	0	0	0	0	0	0	0	0	0	0	0	11	0	0	14	0	0	0	0	0	0	0	0	0	0	0	0	0	0	0	0	0	0	0	0	0	201	0	0	0	0	0	0	0	0	0	0	0	0	2784	0	0	0	0	0	0	0	0	0	0	0	0	0	0	0	0	0	0	0	0	0	0	0	0	0	0	0	0	0	0	0	0	0	0	0	0	0	10	289	0	0	0	0	0	0	0	0	0	0	0	0	0	0	0	0	0	0	0	0	0	0	0	0	0	0	0	0	0	0	0	0	0
f80	7	37	0	261	0	1680	0	0	2197	449	528	0	0	1928	5	0	0	0	0	0	28	0	0	77	7	22	9	0	16	0	0	0	0	82	36	87	0	178	25	16	0	71	0	0	23891	0	9	0	0	115	140	1472	0	0	0	57	18	0	0	0	0	0	0	0	0	378	201	0	22	117	0	0	0	0	8	272	342	0	72	662	1778	22	227	40	0	141	0	3	0	54	28	0	0	9539	0	36	113	112	0	5	0	0	0	0	563	0	0	13	53	0	156	0	65	153	0	11	0	41	0	0	0	0	0	15	655	0	26	0	0	160	0	0	0	0	0	0	2700	0	0	0	2	0	0	0	0	0	37	284	57	0	333	0	0	0	0	0	5	0	0	0	0	138	0	0	0	43	0	0	0	93	0	0	12	0	0	0	0	0	0	0	19	81	0	0	6	0	0	0	0	0	4	927	7	5	0	0	0	49	153	0	0	7	0	7	0	0	0	0	0	22	0	4	21	0	0	0	0	85	0	55	0	0	0	3	0	0	0	9	0	0	0	0	0	0	459	0	0	59	0	0	0	0	0	0	0	9	8	257	0	0	0	13	0	5	110	0	0	0	0	0	0	25	0	0	0	0	0	0	0	11	0	9	38	11	0	0	0	0	10	0	0	1398	4	0	0	0	442	0	0	2	0	0	0	0	0	0	0	0	0	0	0	252	0	0	0	0	0	0	146	0	0	0	0	0	0	127	0	0	0	0
f196	0	0	0	0	0	0	0	0	10	23	0	0	0	2272	0	0	0	0	0	0	0	0	0	0	0	0	0	0	0	0	0	0	0	0	0	0	0	0	0	0	0	0	0	0	14281	0	0	0	0	0	0	4470	0	0	0	0	0	0	0	0	0	0	0	0	0	0	5	0	0	0	0	0	0	0	0	0	253	0	0	0	264	0	0	0	0	0	0	0	21	0	0	0	0	24795	0	0	0	0	0	0	0	0	0	0	4	0	0	0	0	0	1003	0	0	0	0	0	0	0	0	0	0	0	0	0	0	0	0	0	0	0	0	0	0	0	0	0	0	0	0	0	0	0	0	0	0	0	0	0	72	0	0	0	0	0	0	0	0	0	0	0	0	0	0	0	0	0	0	0	0	0	0	0	0	0	0	0	0	0	0	0	0	0	0	0	0	0	0	0	0	73	0	270	0	0	0	0	0	0	0	0	0	0	0	0	0	0	0	0	0	0	0	0	0	0	0	0	0	0	0	0	0	0	0	0	0	0	0	0	0	0	0	0	0	0	23	0	0	0	0	0	0	0	0	0	0	0	0	2955	0	0	0	0	0	0	0	0	0	0	0	17	0	5	0	0	0	0	0	0	0	0	0	0	0	0	0	0	0	0	0	0	0	0	0	0	0	0	0	0	0	0	0	0	0	0	0	0	0	0	0	0	0	0	0	0	0	0	0	0	0	0	0	0	0	0	0	49	0	0	0	0
f197	5	5	0	0	0	103	0	0	7	28	0	0	0	275	26	0	0	0	0	0	0	0	0	8	0	0	0	0	7	0	0	0	0	0	0	5	0	0	31	0	14	0	24	0	55195	0	0	0	0	0	0	2782	0	0	0	5	0	0	0	0	10	0	0	0	0	28	0	0	0	0	0	0	0	0	0	39	27	0	86	70	1483	0	17	0	0	5	0	0	18	8	0	0	0	372	0	0	0	0	5	0	0	0	2	7	6	0	0	0	0	0	287	0	0	0	0	0	0	18	0	0	0	0	0	0	10	0	0	0	0	0	0	0	5	0	0	0	210	0	0	0	0	0	0	0	0	0	7	0	18	0	337	0	0	0	0	0	0	0	0	0	0	0	0	0	0	10	0	0	25	15	0	0	40	0	0	0	0	0	0	0	0	8	0	0	0	0	0	0	0	1287	0	126	0	0	0	0	0	272	0	0	0	0	0	0	0	0	0	0	0	0	0	0	0	0	0	0	0	35	0	25	0	0	0	0	0	0	0	0	0	0	0	0	0	0	36	0	0	21	0	6	0	0	0	0	0	8	0	54	0	0	0	0	0	0	0	0	0	0	0	12	0	14	0	0	0	0	0	0	0	0	0	7	30	0	0	0	3	75	0	0	0	75	0	0	0	0	22	0	0	0	0	0	0	19	0	0	6	0	0	0	0	36	0	12	0	0	0	0	6	0	0	0	0	0	0	0	0	0	0	0
f198	0	0	0	0	0	0	0	0	10	13	0	0	0	2077	21	0	0	0	0	0	0	0	0	0	0	0	0	0	0	0	0	0	0	0	0	0	0	0	2	0	0	0	0	0	19027	0	0	0	0	0	0	6559	0	0	0	0	0	0	0	0	0	0	0	0	0	0	0	0	0	0	0	0	0	0	0	0	335	0	0	0	1141	0	0	0	0	0	0	0	20	0	0	0	0	22681	0	0	0	0	0	0	0	0	0	0	0	0	0	0	0	0	1028	0	2	0	0	0	0	0	0	0	0	0	0	0	0	0	0	0	0	0	0	0	0	0	0	0	0	0	0	0	0	0	0	0	0	0	0	0	88	0	0	0	0	0	0	0	0	0	0	0	0	0	0	0	0	0	0	0	0	7	0	0	0	0	0	0	0	0	0	0	0	0	0	0	0	0	0	0	0	225	0	353	0	0	0	0	0	0	0	0	0	0	0	0	0	0	0	0	0	0	0	0	11	0	0	0	0	0	0	0	0	0	14	0	0	0	0	0	0	0	0	0	0	0	0	0	0	14	0	0	0	0	0	0	0	0	0	3122	0	0	0	0	0	0	0	0	0	0	0	23	0	0	0	0	0	0	0	0	0	0	0	0	0	0	0	0	0	0	0	0	0	0	0	0	0	0	0	0	0	0	0	0	0	0	0	0	0	0	0	0	0	0	0	0	0	0	0	0	0	0	0	0	0	0	0	63	0	0	0	0
f199	0	0	0	0	0	0	0	0	0	235	0	0	0	3819	17	0	0	0	0	0	0	0	0	0	0	3	0	0	0	0	0	0	0	0	0	0	0	0	0	0	0	0	0	0	21907	0	0	0	0	0	0	5434	0	0	0	0	0	0	0	0	0	0	0	0	0	0	0	0	0	0	0	0	0	0	0	0	446	0	0	0	5609	0	40	0	0	0	0	0	13	0	0	0	0	17025	0	0	0	5	0	0	0	0	0	0	0	0	0	0	0	0	1788	0	0	0	0	0	0	12	0	0	0	0	0	0	0	0	0	0	0	0	0	0	0	0	0	0	0	0	0	0	0	0	0	0	0	0	0	0	95	0	0	0	0	0	0	0	0	0	0	0	0	0	0	0	0	0	0	0	0	33	0	0	0	0	0	0	0	0	0	0	0	0	0	0	0	0	0	0	0	162	0	396	0	0	0	0	0	0	0	0	0	0	0	0	0	0	0	0	0	0	0	0	0	0	0	0	0	0	0	0	0	0	0	0	0	0	0	0	0	0	0	0	0	0	0	0	0	10	0	0	0	0	0	0	0	0	0	2492	0	0	0	0	0	0	0	0	0	0	0	10	0	65	0	0	0	0	0	0	0	0	0	0	0	0	0	0	0	0	0	0	0	0	0	0	0	0	0	0	0	0	0	0	0	0	0	0	0	0	0	0	0	0	0	0	0	0	0	0	0	0	0	0	0	0	0	67	0	0	0	0
f200	0	0	0	0	0	0	0	0	0	20	0	0	0	2522	9	0	0	0	0	0	0	0	0	2	0	0	0	0	0	0	0	0	0	0	0	0	0	0	11	0	0	0	0	0	19979	0	0	0	0	0	0	5697	0	0	0	0	0	0	0	0	0	0	0	0	0	0	0	0	0	0	0	0	0	0	0	0	342	0	0	0	771	0	27	0	0	0	0	0	12	2	0	0	0	28191	0	0	0	0	0	0	0	0	0	0	0	0	0	0	0	0	1481	0	0	0	0	0	0	3	0	0	0	0	0	0	0	0	0	0	0	0	0	0	0	0	0	0	0	0	0	0	0	0	0	0	0	0	0	0	68	0	0	0	0	0	0	0	0	0	0	0	0	0	0	0	0	0	0	0	0	7	0	0	0	0	0	0	0	0	0	0	0	0	0	0	0	0	0	0	0	167	0	281	0	0	0	0	0	18	0	0	0	0	0	0	0	0	0	0	0	0	0	0	9	0	0	0	0	0	0	0	0	0	0	0	0	0	0	0	0	0	0	0	0	0	35	0	0	13	0	0	0	0	0	0	0	0	0	2999	0	0	0	0	0	0	0	0	0	0	0	14	0	14	0	0	0	0	0	0	0	0	0	0	0	0	0	0	0	0	0	0	0	0	8	0	0	0	3	0	0	0	0	0	0	0	0	0	0	0	0	0	0	0	0	0	0	0	0	0	0	0	0	0	0	0	0	82	0	0	0	0
f226	0	0	0	0	0	143	0	0	0	21	18	0	0	366	0	0	0	0	0	0	0	0	0	7	0	0	3	0	0	0	5	0	0	0	0	0	0	0	0	0	0	0	0	0	70097	0	0	0	0	0	0	2933	0	0	0	0	0	0	0	0	0	0	0	0	0	80	35	0	7	0	0	0	0	0	0	0	190	0	0	0	837	0	22	0	0	0	0	0	0	0	0	0	0	381	0	24	206	0	0	20	0	0	0	0	130	0	0	0	14	0	27	0	0	40	0	0	0	7	0	0	0	0	0	0	0	0	0	0	0	0	0	0	0	0	0	0	14	0	0	0	0	0	0	0	0	0	0	0	44	0	5	0	0	0	0	0	0	0	0	0	0	0	0	0	0	0	0	0	0	0	0	0	0	0	0	0	0	0	0	0	0	0	0	0	0	0	0	0	0	0	0	497	0	0	0	0	0	0	0	0	0	0	0	0	0	0	0	0	0	3	0	0	0	0	0	0	16	0	0	138	0	0	0	0	0	4	0	0	0	0	0	0	0	0	93	0	0	22	0	0	0	0	0	0	0	0	0	55	0	0	0	0	0	0	0	0	0	0	0	0	0	0	0	0	0	0	0	0	0	0	0	0	0	0	0	0	0	0	0	0	0	0	5	0	0	0	104	0	0	0	0	0	0	0	0	0	0	0	0	0	0	0	0	0	0	0	0	0	104	0	0	0	0	0	0	85	0	0	0	0
f227	0	7	0	46	0	1216	0	12	39	152	47	0	0	1352	0	0	0	0	72	0	16	0	0	48	0	5	5	0	0	0	0	0	0	6	15	6	0	0	6	0	0	0	0	0	42251	0	0	15	0	0	0	3324	5	0	0	0	0	0	5	0	0	0	0	0	0	231	418	0	7	8	0	11	0	7	0	20	1322	0	0	44	3484	27	220	12	8	38	0	0	0	0	0	0	0	2406	0	124	358	0	0	0	14	0	0	0	221	0	0	0	76	0	19	0	0	70	0	0	0	46	0	0	0	0	0	0	5	2	9	0	0	0	0	0	0	0	0	0	0	0	0	0	14	0	0	0	0	0	0	15	89	0	134	0	0	0	0	4	0	0	0	0	0	0	0	0	0	0	0	0	0	161	0	8	0	0	0	0	0	0	0	13	32	6	0	0	0	0	12	0	0	0	0	2362	0	12	14	0	0	54	0	0	7	0	0	0	0	0	0	0	0	17	0	0	0	0	0	0	23	37	0	370	0	0	0	12	0	10	0	50	0	0	0	0	0	0	403	0	0	87	0	0	0	0	0	0	0	0	10	123	0	0	0	0	0	0	0	0	0	0	27	0	3	17	204	0	0	0	0	0	0	0	0	0	0	8	0	0	0	0	0	0	0	0	21	0	0	0	299	0	4	0	0	0	9	0	0	0	0	0	0	0	0	72	0	0	0	0	0	0	326	0	0	0	0	0	0	104	0	0	0	0
f228	0	0	0	0	0	10	0	0	13	13	6	0	0	509	0	0	0	0	0	0	0	0	0	0	0	0	0	0	0	0	0	0	0	0	0	0	0	0	0	0	0	0	0	0	50392	0	0	0	0	0	0	304	0	0	0	0	0	0	0	0	0	0	0	0	0	35	28	0	0	0	0	0	0	0	0	3	130	0	0	0	349	0	16	0	0	0	0	0	0	0	0	0	0	4290	0	17	38	0	0	0	0	0	0	0	84	0	0	0	5	0	289	0	0	0	0	0	0	0	0	0	0	0	0	0	0	0	4	0	0	0	0	0	0	0	0	0	23	0	0	0	0	0	0	0	0	0	0	0	33	0	7	0	0	0	0	0	0	0	0	0	0	0	0	0	0	0	0	0	0	0	0	0	0	0	0	0	0	0	0	0	0	0	0	0	0	0	0	0	0	0	0	114	0	0	0	0	0	0	0	0	0	0	0	0	0	0	0	0	0	0	0	0	0	0	0	0	0	0	0	38	0	0	0	0	0	0	0	0	0	0	0	0	0	0	24	0	0	12	0	0	0	0	0	0	0	0	0	222	0	0	0	0	0	0	0	0	0	0	0	0	0	0	0	0	0	0	0	0	0	0	0	0	0	0	0	0	0	0	0	0	0	0	0	0	0	0	27	0	0	0	0	0	0	0	0	0	0	0	0	0	0	0	0	0	0	0	0	0	0	0	0	0	0	0	0	17	0	0	0	0
f229	113	301	29	575	0	960	3	0	15	519	174	129	0	587	0	0	11	0	70	0	216	0	0	115	0	144	47	0	27	0	0	0	0	163	14	57	0	584	366	0	0	48	0	4	18776	0	35	122	0	283	78	1154	0	79	12	12	26	9	0	0	30	377	0	0	0	227	251	0	88	929	0	108	0	6	353	95	850	0	15	2098	849	127	224	223	45	817	0	10	0	44	0	12	0	1301	0	67	127	40	0	0	69	11	0	0	96	0	0	0	62	0	0	6	143	153	0	0	0	4773	0	0	0	0	10	6	638	21	0	0	15	76	0	0	8	0	0	5	480	0	0	0	11	0	0	0	0	0	0	0	124	0	1576	0	0	0	39	21	40	0	0	9	0	113	0	0	0	36	0	0	0	610	0	15	0	3	0	0	0	0	0	23	126	55	0	0	36	0	18	0	0	0	11	2313	73	6	78	0	0	1319	64	0	0	0	0	11	4	0	7	4	0	69	0	0	4	0	0	7	54	599	0	93	0	0	0	25	0	19	0	164	0	0	0	0	0	5	429	3	0	180	0	23	0	0	0	0	0	10	41	93	0	0	0	12	0	6	22	0	0	0	0	0	0	125	236	0	0	0	0	7	0	521	31	15	261	31	19	14	5	0	0	0	15	113	31	0	0	0	617	0	29	0	0	0	0	0	13	0	0	51	0	0	10	958	0	0	0	0	3	9	468	0	11	0	17	0	0	78	0	0	0	0
f230	0	0	0	0	0	12	0	0	10	14	10	0	0	209	0	0	0	0	10	0	0	0	0	2	0	0	0	0	0	0	0	0	0	0	0	0	0	0	0	0	0	0	0	0	65342	0	0	0	0	0	0	725	0	0	0	0	0	0	0	0	0	0	0	0	0	23	22	0	0	0	0	0	0	0	0	0	108	0	0	0	337	0	0	0	0	0	0	0	0	0	0	0	0	161	0	5	9	0	0	0	0	0	0	0	72	0	0	0	0	0	6	0	0	0	0	0	0	4	0	0	0	0	0	0	0	0	0	0	0	0	0	0	0	0	0	0	0	0	0	0	0	0	0	0	0	0	2	0	33	0	0	0	0	0	0	0	0	0	0	0	0	0	0	0	0	0	0	0	0	0	0	0	0	0	0	0	0	0	0	0	0	0	0	0	0	0	0	0	0	0	0	112	0	0	0	0	0	0	0	0	0	0	0	0	0	0	0	0	0	0	0	0	0	0	0	0	0	0	0	28	0	0	0	0	0	0	0	0	0	0	0	0	0	0	26	0	0	8	0	0	0	0	0	0	0	0	0	11	0	0	0	0	0	0	0	0	0	0	0	0	0	0	0	0	0	0	0	0	0	0	0	0	0	0	0	0	0	0	0	0	0	0	0	0	0	0	0	0	0	0	0	0	0	0	0	0	0	0	0	0	0	0	0	0	0	0	0	0	25	0	0	0	0	0	0	0	0	0	0	0
f256	0	45	0	26	0	970	0	0	15	65	1349	0	0	1980	0	0	0	0	35	0	0	0	0	0	0	0	10	0	0	0	12	0	0	0	0	11	0	0	19	0	0	0	0	0	39783	0	0	4	0	0	0	5647	0	0	22	0	0	0	0	0	0	0	0	0	0	0	1169	0	11	0	0	0	0	0	0	0	1160	5	0	6	2055	7	164	0	0	0	0	0	0	0	0	0	0	3795	0	0	0	0	0	0	0	0	0	0	415	0	0	0	66	0	175	0	0	18	0	42	0	0	0	0	0	0	0	0	0	0	6	0	0	46	0	0	0	0	0	0	0	0	0	0	0	0	0	0	0	0	0	0	70	0	25	0	0	0	0	0	0	0	0	0	0	0	0	0	0	0	0	0	0	0	0	10	0	0	0	0	0	0	0	0	0	0	0	0	0	0	0	0	0	224	0	638	0	0	0	0	7	0	0	0	0	0	0	0	0	0	0	0	0	0	0	6	6	0	0	8	31	5	0	733	0	0	0	15	0	15	0	4	0	0	0	0	0	0	312	0	0	40	0	0	19	0	0	0	0	0	0	399	0	0	0	0	0	0	0	0	0	0	0	0	0	0	0	0	0	0	0	0	0	0	0	0	0	10	0	0	0	0	0	0	0	4	24	0	0	4	120	0	0	0	0	0	47	0	0	0	0	0	0	0	5	13	0	0	0	0	0	0	3916	0	0	0	0	0	0	169	0	0	0	0
f257	0	0	0	0	0	305	0	0	5	6	5	0	0	178	10	0	0	0	0	0	0	0	0	0	0	4	0	0	0	0	0	0	0	0	13	0	0	0	9	0	0	0	0	0	59361	0	0	0	0	48	0	3318	0	0	0	0	0	0	0	0	0	0	0	0	0	0	130	0	0	0	0	0	0	0	19	7	71	0	0	20	562	4	0	0	0	0	0	0	0	2	0	0	0	279	0	0	0	3	0	0	0	0	0	0	1171	0	0	0	0	0	29	0	2	0	0	0	0	6	0	0	0	0	0	0	0	0	0	0	0	7	0	0	0	15	0	0	8	0	0	0	0	0	0	0	0	0	0	0	43	0	54	0	0	0	0	0	0	0	0	0	0	0	0	0	0	0	0	0	15	13	0	0	0	0	0	0	0	0	0	0	0	0	0	48	5	0	0	0	0	72	0	0	0	0	0	0	0	0	0	0	0	0	0	0	0	0	0	0	0	0	0	0	0	0	0	0	0	0	0	19	0	0	0	10	0	0	0	6	0	0	0	0	0	0	0	0	0	16	0	0	0	0	0	0	0	0	0	28	0	0	0	0	0	0	0	0	0	0	0	0	0	0	0	0	0	0	0	0	0	0	0	0	0	0	0	0	0	0	0	0	0	0	0	8	0	0	0	0	0	0	0	0	0	0	0	0	0	3	0	0	0	0	0	0	0	0	0	0	2820	0	0	0	0	0	0	0	0	0	0	0
f258	0	21	5	0	0	430	0	0	16	11	109	0	0	930	0	0	0	0	29	0	0	0	0	0	0	17	0	0	0	0	0	0	0	0	0	17	0	0	0	0	0	0	0	0	47993	0	0	0	0	0	0	4338	0	0	31	0	0	0	0	0	0	0	0	0	0	0	907	0	0	0	0	0	0	0	0	4	440	0	0	0	3672	0	118	0	0	0	0	0	0	0	0	0	0	11316	0	0	0	0	0	0	0	0	0	0	291	0	0	0	21	0	198	0	0	0	0	11	0	0	0	0	0	0	0	0	0	0	0	0	0	13	0	0	4	0	0	0	0	0	0	0	0	0	0	0	0	0	6	0	59	0	21	0	0	0	0	0	0	0	0	0	0	0	0	2	0	0	0	0	0	8	0	0	0	0	0	0	0	0	0	0	0	0	0	0	0	0	0	0	0	91	0	431	0	0	9	0	0	0	0	0	0	0	0	0	0	0	0	0	0	6	0	0	0	0	0	0	13	0	0	549	0	0	0	9	0	0	0	0	0	0	0	0	0	0	218	0	0	29	0	0	0	0	0	0	0	0	0	210	0	0	0	4	0	0	0	0	0	0	0	0	0	0	0	0	0	0	0	0	0	0	0	0	0	0	0	0	0	7	0	0	0	3	17	0	0	5	32	0	0	0	0	0	0	0	0	0	0	0	0	0	6	0	0	0	0	0	0	0	1894	0	0	0	0	0	0	118	0	0	0	0
f259	0	29	0	0	0	276	0	0	14	41	264	0	0	1588	13	0	0	0	19	0	0	0	0	0	0	0	4	0	0	0	0	0	0	0	6	0	0	0	0	0	0	0	0	0	36874	0	0	0	0	0	0	5317	0	0	0	0	0	0	0	0	0	0	0	0	0	7	1028	0	0	0	0	0	0	0	0	0	635	0	0	0	3049	0	145	0	0	0	0	0	0	0	0	0	0	1916	0	0	0	0	0	0	0	0	0	0	345	0	0	10	36	0	153	0	0	11	0	45	0	20	0	0	0	0	0	0	6	0	0	0	0	16	0	0	0	0	0	0	0	0	0	0	2	0	0	0	0	0	0	0	35	0	11	0	0	0	0	0	0	0	0	0	0	0	0	0	0	0	0	0	0	0	0	0	9	0	0	0	0	0	0	0	0	0	0	0	0	0	0	0	0	198	0	444	0	0	0	0	0	0	0	0	0	0	0	0	0	0	0	0	0	0	0	0	0	0	0	0	26	0	0	436	0	0	0	5	0	11	0	4	0	0	0	0	0	0	178	0	0	34	0	0	0	0	0	0	0	0	0	330	0	0	0	0	0	0	0	0	0	0	0	0	0	0	0	0	0	0	0	0	0	0	0	0	0	0	0	0	0	0	0	0	0	0	28	0	0	0	45	0	0	0	0	0	5	0	0	0	0	0	0	0	8	6	0	0	0	0	0	0	1315	0	0	0	0	0	0	139	0	0	0	0
f260	0	57	0	0	0	502	0	0	17	76	267	0	0	1877	13	0	0	0	37	0	0	0	0	6	0	0	0	0	0	0	13	0	0	0	0	14	0	0	0	0	0	0	0	0	32109	0	0	0	0	0	0	4217	0	0	7	0	0	0	0	0	0	0	0	0	0	11	1513	0	0	0	0	0	0	3	0	0	890	5	0	0	4175	0	176	0	0	0	0	0	3	0	0	0	0	4416	0	0	0	0	0	0	0	0	0	0	333	0	0	0	58	0	77	0	5	29	0	42	0	7	0	0	0	0	0	0	2	0	0	0	0	0	0	0	3	0	0	0	0	0	0	0	0	0	0	0	0	0	3	0	45	0	0	0	0	0	0	0	0	0	0	0	0	14	0	0	0	0	0	0	0	0	0	10	0	0	0	0	0	0	0	0	0	0	0	0	0	0	0	0	0	98	0	703	0	0	0	0	0	0	0	0	0	0	0	0	0	0	0	0	0	0	0	0	0	0	0	10	0	0	0	597	0	0	0	16	0	19	0	0	0	0	0	0	0	0	370	0	0	29	0	0	11	0	0	0	0	0	0	634	0	0	0	0	0	0	0	0	0	0	0	0	0	0	0	0	0	0	0	0	0	0	0	0	0	0	0	0	12	0	0	0	0	0	39	0	0	0	124	0	0	0	0	0	0	0	0	0	0	0	0	0	5	0	0	0	0	0	0	0	703	0	0	0	0	0	0	207	0	0	0	0
f376	0	19	34	51	0	935	0	0	44	140	332	0	0	441	7	0	0	0	0	0	5	0	0	12	0	25	4	0	6	0	0	0	0	0	34	38	0	17	13	0	0	0	0	0	48844	0	0	0	0	0	0	1725	0	0	0	0	0	0	0	0	0	0	0	0	0	0	23	0	0	0	0	0	0	0	15	0	668	0	133	10	244	0	118	3	0	0	7	0	11	322	0	0	0	240	0	0	455	21	0	0	0	0	0	0	82	0	0	0	28	0	22	0	0	453	0	23	0	0	0	0	0	0	0	0	71	0	0	0	0	11	0	0	0	0	0	0	30	0	0	0	34	0	0	0	0	0	7	0	120	0	23	0	0	0	0	0	2	0	0	0	0	160	0	0	0	0	0	0	0	86	3	13	0	0	0	0	0	0	0	0	9	42	0	0	0	0	0	0	0	0	0	597	0	0	15	0	0	10	0	0	0	9	0	0	0	0	0	0	0	48	0	0	0	0	0	0	0	0	0	200	0	0	0	3	0	55	0	0	0	0	0	0	0	0	220	0	0	139	0	0	0	0	0	0	0	0	0	24	0	0	0	0	0	0	53	0	0	0	0	0	0	0	0	0	0	0	0	0	0	0	0	0	0	0	0	0	0	0	0	0	0	0	13	0	0	8	1407	0	0	0	0	0	13	0	0	0	0	0	0	0	0	12	0	0	0	0	0	0	925	0	0	0	0	0	0	111	0	0	0	0
f377	15	33	31	122	0	179	0	0	46	153	206	0	0	213	0	0	0	0	0	0	0	0	0	12	0	14	7	0	8	0	0	0	0	0	33	17	0	166	26	0	0	0	0	0	54526	0	0	0	0	0	0	960	0	0	0	24	0	0	0	0	0	0	0	0	0	0	24	0	0	0	0	0	0	0	18	0	420	0	99	79	177	0	103	3	0	24	16	0	0	240	0	0	0	208	0	0	597	33	0	0	0	0	0	0	79	0	0	0	15	0	14	0	0	571	0	18	0	41	0	0	0	0	0	0	133	0	0	0	0	0	0	0	8	0	0	0	11	0	0	0	30	0	0	0	0	0	21	0	56	0	18	0	0	0	0	0	17	0	0	0	0	106	0	0	7	0	6	0	0	46	0	22	0	0	0	0	0	0	0	0	7	41	0	0	0	0	0	0	0	0	0	580	6	0	33	0	0	0	0	0	0	0	0	0	0	0	0	0	0	111	0	3	0	0	0	0	0	0	0	146	0	0	0	0	0	42	0	0	0	0	0	0	0	0	189	0	0	87	0	0	0	0	0	0	0	0	0	17	0	0	0	0	0	0	131	0	0	0	0	0	0	0	0	0	0	0	0	0	0	0	0	0	0	0	0	0	0	0	0	0	0	0	8	0	0	0	1000	0	0	0	0	0	7	0	0	0	0	0	0	0	0	30	0	0	0	0	0	0	436	0	0	0	0	0	0	140	0	0	0	0
f378	88	7	11	412	0	1955	0	0	0	384	377	8	0	574	0	0	0	0	0	0	80	0	0	0	64	60	31	0	28	0	0	0	0	23	0	52	0	1234	619	27	0	178	26	0	1269	0	73	69	0	325	94	2476	0	0	0	92	45	0	2	0	0	0	0	0	0	292	8	0	0	22	0	55	0	0	367	0	1778	0	70	1900	4111	39	654	150	27	181	68	29	0	479	0	0	0	264	0	0	956	94	0	25	0	0	0	0	0	7	0	0	6	0	0	0	0	2121	0	114	0	0	0	0	0	0	0	482	1943	0	0	0	0	85	0	0	105	0	0	0	0	0	0	0	36	0	0	0	0	0	21	38	130	0	234	0	0	0	0	0	0	0	0	0	0	228	0	0	0	0	22	0	67	246	0	52	0	0	0	0	0	0	0	0	574	278	164	0	79	0	0	0	0	0	0	5775	394	7	0	0	0	13	121	0	0	34	0	0	0	0	0	0	0	12	0	0	0	0	0	32	0	37	57	341	0	0	0	28	8	497	0	0	0	0	0	0	0	0	1192	0	0	421	0	0	0	0	0	0	0	0	0	8	0	0	0	12	0	0	321	0	0	0	0	0	28	117	93	0	0	0	0	0	0	0	0	0	0	0	0	7	0	0	155	0	0	0	282	0	0	63	1521	0	0	0	0	0	0	0	0	0	0	0	0	0	0	318	0	0	0	0	0	0	6252	32	0	0	0	0	0	758	0	0	0	0
f379	16	24	28	151	0	292	0	0	83	115	475	3	0	213	7	0	0	0	0	0	13	0	0	0	0	23	0	0	20	0	0	0	0	0	38	10	0	61	128	0	0	0	0	0	61630	0	0	3	0	0	0	947	0	0	0	10	0	0	0	0	0	0	0	0	0	28	31	0	7	0	0	0	0	0	102	0	613	0	85	114	289	0	114	27	0	58	7	0	0	234	0	0	0	263	0	0	190	14	0	0	0	0	0	0	127	0	0	0	11	0	13	0	11	345	0	6	0	9	0	0	0	0	0	3	177	0	6	0	0	14	0	0	0	0	0	0	0	0	0	0	15	0	0	3	0	0	8	0	29	0	47	0	0	0	0	0	0	0	0	0	0	119	0	0	0	0	13	0	0	48	0	10	0	0	0	0	0	0	0	0	33	41	0	0	0	0	0	0	0	0	0	384	0	0	10	0	0	16	0	0	0	0	0	0	0	0	0	0	0	27	0	0	0	0	0	0	0	4	0	95	0	0	0	0	0	38	0	0	0	0	0	0	0	0	139	0	0	139	0	0	0	0	0	0	0	0	0	11	0	0	0	0	0	0	229	0	0	0	0	0	0	17	0	0	0	0	0	0	0	0	0	0	0	0	0	9	0	6	0	0	0	0	5	0	0	0	1373	0	0	0	0	0	0	0	0	0	0	0	0	0	2	65	0	0	0	0	0	0	1106	0	0	0	0	5	0	110	0	0	0	0
f380	0	28	35	0	0	122	0	0	30	101	125	0	0	153	0	0	0	0	0	0	0	0	0	4	0	14	0	0	0	0	0	0	0	0	16	30	0	0	9	0	0	0	0	0	77041	0	0	0	0	0	0	1553	0	0	2	3	0	0	0	0	0	0	0	0	0	0	14	0	0	0	0	0	0	0	17	0	541	0	53	19	169	0	108	3	0	0	0	0	16	221	0	0	0	261	0	0	87	0	0	0	0	0	0	0	35	0	0	0	0	0	12	0	0	211	0	0	0	0	0	0	0	0	0	0	0	0	0	0	0	0	0	0	0	0	0	0	0	0	0	0	11	0	0	0	0	0	0	0	36	0	28	0	0	0	0	0	5	0	0	0	0	89	0	0	0	0	0	0	0	17	0	12	0	0	0	0	0	0	0	0	13	11	0	0	0	0	0	0	0	0	0	416	0	0	0	0	0	5	0	0	0	0	0	0	0	0	0	0	0	10	0	2	0	0	0	0	0	0	0	31	0	0	0	0	0	16	0	0	0	0	0	0	0	0	125	0	0	85	0	0	0	0	0	0	0	0	0	0	0	0	0	0	0	0	0	0	0	0	0	0	0	0	0	0	0	0	0	0	0	0	0	0	0	0	0	0	0	0	6	0	0	0	0	0	0	0	673	0	0	0	0	0	0	0	0	0	0	0	0	0	0	0	0	0	0	0	0	0	296	0	0	0	0	0	0	57	0	0	0	0
f406	0	13	0	0	0	244	0	0	932	0	13	0	0	799	7	0	0	0	0	0	0	0	0	12	0	0	0	0	0	0	0	0	0	0	0	0	0	0	6	0	0	0	0	0	67721	0	0	0	0	0	0	859	0	0	0	0	0	0	0	0	0	0	0	0	0	97	68	0	0	0	0	0	0	13	0	0	135	0	8	0	425	0	54	0	0	0	0	0	5	16	0	0	0	1767	0	31	0	16	0	0	0	0	0	0	44	0	0	0	8	0	248	0	0	20	0	0	0	0	0	0	0	0	0	0	0	0	0	0	0	0	0	0	0	0	0	0	0	0	0	0	0	0	0	0	0	0	0	0	10	0	0	0	0	0	0	0	0	0	0	0	0	15	0	0	0	0	0	0	0	0	0	0	0	0	0	0	0	0	0	0	0	0	0	0	0	0	0	0	0	0	0	176	0	0	0	0	0	0	0	0	0	0	0	0	0	0	0	0	0	0	0	0	0	0	0	0	28	0	0	97	0	0	0	4	0	0	0	0	0	0	0	0	0	0	94	0	0	17	0	0	0	0	0	0	0	0	0	338	0	0	0	0	0	0	0	0	0	0	0	0	0	0	0	0	0	0	0	0	0	0	0	0	0	0	0	0	0	0	0	0	0	0	0	0	0	0	11	0	0	0	0	0	0	2	0	0	0	0	0	0	0	0	0	0	0	0	0	0	577	0	0	0	0	0	0	35	0	0	0	0
f407	0	0	0	0	0	0	0	0	4010	0	11	0	0	412	392	0	0	0	0	0	0	0	0	0	0	0	0	0	0	0	0	0	0	0	0	0	0	0	0	0	0	0	0	0	61654	0	0	0	0	0	0	39	0	0	0	0	0	0	0	0	0	0	0	0	0	25	9	0	0	0	0	0	0	0	0	0	86	0	20	0	76	0	13	0	0	0	0	0	0	0	0	0	0	6384	0	0	0	4	0	0	0	0	0	0	9	0	0	0	0	0	213	0	0	0	0	0	0	5	0	0	0	0	0	0	0	0	0	0	0	0	0	0	0	8	0	0	0	0	0	0	0	0	0	0	0	0	0	0	7	0	0	0	0	0	0	0	0	0	0	0	0	31	0	0	0	0	0	0	0	9	0	8	0	0	0	0	0	0	0	0	0	0	3	0	0	0	0	0	0	0	0	30	0	0	0	0	0	0	0	0	0	0	0	0	0	0	0	0	0	7	0	0	0	0	0	0	0	0	0	0	0	0	0	0	0	0	0	0	0	0	0	0	0	0	0	0	0	23	0	0	0	0	0	0	0	0	0	434	0	0	0	0	0	0	0	0	5	0	0	0	0	0	0	3	0	3	0	0	0	0	0	0	0	0	0	0	0	30	0	0	0	0	0	0	0	0	0	0	0	0	0	0	0	0	0	0	0	0	0	0	0	0	0	0	0	0	0	0	0	0	0	0	0	0	0	3	0	0	0	0
f408	0	31	0	0	0	60	0	0	3033	23	0	0	0	2597	0	0	0	0	0	0	0	13	0	28	0	2	0	0	0	0	0	0	0	0	16	0	0	0	0	0	0	0	0	0	36623	0	0	0	0	0	0	404	0	0	0	0	0	0	0	0	0	0	0	0	43	57	280	0	0	0	0	0	0	17	7	0	498	0	41	0	1716	0	154	0	0	0	0	0	12	106	0	0	0	14450	0	106	0	99	0	0	0	0	0	0	48	0	0	0	56	0	218	0	0	143	0	9	0	0	0	0	0	4	0	0	0	0	21	0	0	0	0	0	0	0	0	0	0	0	0	0	0	0	0	8	0	0	9	0	39	0	0	0	0	0	0	0	9	0	0	0	0	89	0	0	0	0	0	0	0	4	0	0	0	0	0	0	0	0	0	0	23	13	0	0	0	0	0	0	0	0	0	565	0	0	0	0	0	0	0	0	0	0	0	0	0	0	0	0	0	4	0	0	0	0	0	0	15	0	0	134	0	0	0	11	0	5	0	0	0	0	0	0	0	0	230	0	0	0	0	0	0	0	0	0	0	0	0	857	0	0	0	0	0	0	0	0	0	0	0	0	0	0	0	0	0	0	0	0	0	0	0	0	0	0	0	0	0	0	0	0	0	0	0	0	0	0	31	0	0	0	0	0	0	0	0	0	0	0	0	0	0	0	0	0	0	0	0	0	86	0	0	0	0	0	0	132	0	0	0	0
f409	0	37	0	0	0	743	0	0	5017	45	0	0	0	4167	67	0	0	0	0	0	0	6	0	109	0	0	0	0	0	0	0	0	0	0	26	0	0	0	0	0	0	0	0	0	28293	0	0	0	0	0	0	1574	0	0	0	0	0	0	10	0	0	0	0	0	0	651	673	0	0	0	0	0	0	66	0	0	638	0	77	0	4919	0	411	0	0	0	0	0	0	151	0	0	0	13068	0	219	0	181	0	0	0	0	0	0	350	0	0	0	143	0	643	0	0	280	0	66	0	0	0	0	0	15	0	0	0	0	51	0	0	0	0	0	5	0	0	0	0	0	0	0	3	0	0	0	0	0	16	0	102	0	0	0	0	0	0	0	26	0	0	0	0	122	0	0	0	0	0	0	0	3	0	15	0	0	0	0	0	0	0	0	21	20	0	0	0	0	0	0	0	0	0	1101	0	0	0	0	0	0	0	0	0	0	0	0	0	0	0	0	0	15	0	0	0	0	0	0	83	0	0	256	0	0	0	7	0	4	0	0	0	0	0	0	0	0	431	2	0	23	0	0	0	0	0	0	0	0	0	1006	0	0	0	0	0	0	0	0	0	0	0	4	2	0	0	0	0	0	0	0	0	0	0	0	0	0	0	0	0	0	0	0	0	0	12	0	0	9	165	0	0	0	0	0	0	0	0	0	0	0	0	0	0	0	0	0	0	0	0	0	601	0	0	0	0	0	0	400	0	0	0	0
f410	0	40	8	0	0	472	0	0	4615	52	0	0	0	7143	0	0	0	0	0	0	0	0	0	63	0	0	0	0	0	0	0	0	0	0	25	5	0	0	0	0	0	0	0	0	31809	0	0	0	0	0	0	976	0	0	0	0	0	0	0	0	0	0	0	0	15	410	482	0	0	0	0	0	0	71	0	0	467	0	55	0	3684	0	283	0	0	0	0	0	9	268	0	0	0	7879	0	208	0	105	0	0	0	0	0	0	173	0	0	0	101	0	395	0	0	277	0	33	0	0	0	0	0	12	0	0	0	0	17	0	0	0	0	0	0	0	0	0	0	0	0	0	0	0	0	18	0	0	12	0	67	0	0	0	0	0	0	0	20	0	0	0	0	90	0	0	0	0	0	0	0	22	0	0	0	0	0	0	0	0	0	0	29	9	0	0	0	0	0	0	0	0	0	949	0	0	0	0	0	0	0	0	0	0	0	0	0	0	0	0	0	11	0	0	3	0	0	0	34	0	0	229	0	0	0	0	0	6	0	0	0	0	0	0	0	0	315	0	0	0	0	0	0	0	0	0	0	0	0	1194	0	0	0	0	0	0	0	0	0	0	0	0	0	0	0	0	0	0	0	0	0	0	0	0	0	0	0	0	0	0	0	0	0	0	17	0	0	9	101	0	0	0	0	0	0	0	0	0	0	0	0	0	0	0	0	0	0	0	0	0	709	0	0	0	0	0	0	159	0	0	0	0
f436	0	59	24	54	0	434	0	0	10222	79	0	0	0	4936	0	0	0	0	8	0	9	9	0	46	0	0	0	0	7	0	127	0	0	0	179	30	0	0	9	0	0	0	0	0	5457	0	0	0	0	0	0	2677	0	0	0	0	0	0	0	0	0	0	0	0	10	60	911	0	0	0	0	0	0	17	0	0	2301	0	225	23	3328	0	1131	7	0	0	0	0	6	751	0	0	66	16710	0	163	1009	67	0	0	0	0	0	0	726	0	0	0	268	0	221	0	47	1055	0	109	0	7	0	0	70	0	0	0	9	0	57	0	0	0	0	0	59	0	0	0	7	0	0	0	56	0	0	97	0	0	57	0	185	0	66	0	0	0	0	2	3	0	0	0	0	184	0	0	20	0	0	0	0	699	0	0	0	0	0	0	0	0	0	0	44	98	9	0	0	0	0	0	0	0	0	1263	0	0	0	0	0	11	0	0	0	0	0	0	0	0	0	0	0	15	0	23	0	0	0	12	20	3	0	104	0	0	0	16	0	38	0	0	0	0	0	0	0	0	546	0	0	140	0	0	0	0	0	0	0	3	0	1711	0	0	0	0	0	0	0	0	0	0	0	582	0	0	0	0	0	0	0	0	0	0	0	0	0	0	0	0	0	0	0	0	0	4	90	0	0	0	233	0	0	0	0	0	0	0	0	0	0	0	0	0	0	17	0	0	0	0	0	0	376	0	0	0	0	0	0	175	0	0	0	0
f437	0	0	0	8	0	217	0	0	8615	14	0	0	0	3610	7	0	0	0	0	0	0	9	0	7	0	0	0	0	0	0	64	0	0	0	62	0	0	0	0	0	0	0	2	0	18500	0	0	0	0	0	0	3029	0	0	0	0	0	0	0	0	0	0	0	0	0	0	365	0	0	0	0	0	0	10	0	0	693	0	60	0	1262	0	272	0	0	0	0	0	0	359	0	0	0	18237	0	116	467	40	0	0	0	0	0	0	459	0	0	0	97	0	419	0	0	400	0	50	0	0	0	0	22	0	0	0	0	0	39	0	0	0	0	0	8	0	0	0	0	0	0	0	14	0	0	22	0	0	0	0	104	0	0	0	0	0	0	0	0	0	0	0	0	64	0	0	0	0	0	0	0	16	0	0	0	0	0	0	0	0	0	0	0	18	0	0	0	0	0	0	0	8	0	446	0	0	42	0	0	0	0	0	0	0	0	0	0	0	0	0	0	5	0	0	0	0	0	0	0	0	0	60	0	0	0	0	0	17	0	0	0	0	0	0	0	0	270	0	0	24	0	0	0	0	0	0	0	0	0	2327	0	0	0	0	0	0	0	0	0	0	0	219	0	0	0	0	0	0	0	0	0	0	0	0	0	0	0	0	0	0	0	0	0	0	31	0	0	5	84	0	0	0	0	0	0	0	0	0	0	0	0	0	0	0	0	0	0	0	0	0	85	0	0	0	0	0	0	128	0	0	0	0
f438	0	30	21	19	0	534	0	0	12794	53	2	0	0	5474	0	0	0	0	0	0	0	17	0	35	0	5	4	0	0	0	107	0	0	0	137	13	0	0	0	0	0	0	0	0	10089	0	0	0	0	0	0	2709	0	0	0	0	0	0	0	0	0	0	0	0	10	0	845	0	0	0	0	0	0	19	0	0	1867	0	167	0	2711	0	817	0	0	0	0	0	0	673	0	0	0	15482	0	158	907	56	0	0	0	0	0	0	705	0	0	0	206	0	222	0	39	686	0	135	0	0	0	0	46	0	0	0	0	0	44	0	0	20	0	0	43	0	0	0	0	0	0	0	41	0	0	90	0	0	57	3	187	0	0	0	0	0	0	0	14	0	0	0	0	114	0	0	5	0	0	0	0	291	0	0	0	0	0	0	0	0	0	0	23	57	5	0	0	0	0	0	0	11	0	1176	0	0	71	0	0	0	0	0	0	0	0	0	0	0	0	0	0	29	0	8	6	0	0	13	15	0	0	171	0	0	0	13	0	22	0	0	0	0	0	0	0	0	577	4	0	117	0	0	0	0	0	0	0	0	0	2484	0	0	0	0	0	0	0	0	0	0	0	205	0	0	0	0	0	0	0	0	0	0	0	0	0	0	0	0	0	0	0	0	0	0	70	0	0	0	207	0	0	0	0	0	0	0	0	0	0	0	0	0	0	0	0	0	0	0	0	0	364	0	0	0	0	0	0	179	0	0	0	0
f439	0	8	0	12	0	54	0	0	10531	58	0	0	0	3199	12	0	0	0	0	0	0	0	0	4	0	17	0	0	0	0	10	0	0	0	59	5	0	0	0	0	0	0	0	0	28473	0	0	0	0	0	0	1344	0	0	0	0	0	0	0	0	0	0	0	0	0	0	224	0	0	0	0	0	0	0	5	0	656	0	108	0	808	0	139	0	0	0	0	0	0	206	0	0	0	12563	0	73	125	25	0	0	0	0	0	0	2903	0	0	0	93	0	575	0	0	189	0	27	0	0	0	0	22	0	0	0	0	0	35	0	0	0	0	0	17	0	0	0	0	0	0	0	0	0	0	17	0	0	0	0	41	0	0	0	0	0	0	0	0	0	0	0	0	0	0	0	7	0	0	0	0	9	0	0	0	0	0	0	0	0	0	0	5	44	0	0	0	0	9	0	0	0	0	205	0	0	0	0	0	0	0	0	0	0	0	0	0	0	0	0	0	4	0	8	0	0	0	6	0	0	0	32	0	0	0	8	0	0	0	0	0	0	0	0	0	0	153	4	0	0	0	0	0	0	0	0	0	0	0	1259	0	0	0	0	0	0	0	0	0	0	0	64	0	0	0	0	0	0	0	0	0	0	0	0	0	0	0	0	0	0	0	0	0	0	37	0	0	0	29	0	0	0	0	0	0	0	0	0	0	0	0	0	0	0	0	0	0	0	0	0	154	0	0	0	0	0	0	49	0	0	0	0
f440	0	28	0	0	0	342	0	0	13520	11	0	0	0	3879	10	0	0	0	0	0	0	0	0	5	0	0	0	0	4	0	54	0	0	0	147	17	0	0	3	0	0	0	0	0	10165	0	0	0	0	0	0	2440	0	0	0	0	0	0	0	0	0	0	0	0	0	0	614	0	0	0	0	0	0	19	0	0	1363	0	158	0	3643	0	503	0	0	0	0	0	8	429	0	0	0	19766	0	166	1217	56	0	0	0	0	0	0	501	0	0	0	155	0	125	0	21	951	0	95	0	0	0	0	48	0	0	0	0	0	111	0	0	0	0	0	64	0	0	0	0	0	0	0	0	0	0	0	0	0	39	0	159	0	0	0	0	0	0	0	0	0	0	0	0	107	0	0	12	0	0	0	0	282	0	0	0	0	0	0	0	0	0	0	15	50	0	0	0	14	0	0	0	5	0	692	0	0	15	0	0	0	0	0	0	3	0	0	0	0	0	0	0	18	0	24	0	0	0	8	0	0	0	117	0	0	0	14	0	27	0	0	0	0	0	0	0	0	356	0	0	96	0	0	0	0	0	0	0	0	0	2125	0	0	0	0	0	0	0	0	0	0	0	363	0	0	0	0	0	0	0	0	0	0	0	0	0	0	0	0	0	0	0	0	0	0	151	0	0	0	28	0	0	0	0	0	0	0	0	0	0	0	0	0	0	0	0	0	0	0	0	0	81	0	0	0	0	0	0	246	0	0	0	0
f556	0	0	0	0	0	0	0	0	66	5	8	0	0	12	3	0	0	0	0	0	0	0	0	0	0	0	0	0	0	0	0	0	0	0	0	0	0	0	0	0	0	0	0	0	59230	0	0	0	0	0	0	1027	0	0	0	0	0	0	0	0	0	0	0	0	8	0	0	0	0	0	0	0	0	0	0	0	10	0	0	0	2534	0	12	0	0	0	0	0	0	0	0	0	0	177	0	0	0	0	0	0	0	0	0	0	43	0	0	0	10	0	135	0	0	32	5	0	0	0	0	0	0	0	0	0	0	0	0	0	0	0	0	0	0	0	0	0	0	0	0	0	0	0	0	0	0	0	0	0	0	0	14	0	0	0	0	0	0	0	0	0	0	0	0	0	0	0	0	0	0	10	0	0	0	0	0	0	0	0	0	0	0	0	0	0	0	0	0	0	0	0	0	0	0	0	0	0	0	0	0	0	0	0	0	0	0	0	0	0	0	0	0	0	13	0	0	0	0	0	0	0	0	0	0	0	0	0	0	0	0	0	0	0	0	0	14	0	0	0	0	0	0	0	0	0	0	0	0	49	0	0	0	0	0	0	0	0	0	0	0	0	0	0	0	0	0	0	0	0	0	0	0	0	0	0	0	0	0	0	0	0	0	0	0	0	0	0	0	0	0	0	0	0	0	0	0	0	0	0	0	0	0	0	0	0	0	0	0	0	33	0	0	0	0	0	0	4	0	0	0	0
f557	0	0	0	0	0	9	0	0	2992	7	103	0	0	278	20	0	0	0	7	0	0	0	0	0	0	8	0	0	6	0	0	0	0	0	17	0	0	0	0	0	0	0	0	0	59612	0	0	0	0	0	0	2358	0	0	4	0	0	0	11	0	0	0	0	0	103	0	19	0	0	0	0	0	0	0	0	0	239	0	67	0	1628	0	116	0	0	0	0	0	0	17	0	0	0	2555	0	7	57	21	0	0	0	0	0	0	128	0	0	0	123	0	402	0	0	170	0	0	0	0	0	0	0	61	0	0	0	0	0	0	0	0	0	0	0	0	0	0	0	0	0	0	21	0	0	0	0	0	10	0	13	0	0	0	0	0	0	0	0	0	0	0	0	13	0	0	8	0	0	0	0	28	0	0	0	0	0	0	0	0	0	0	0	49	5	0	0	0	0	0	0	0	0	304	0	0	0	0	0	0	0	0	0	0	0	0	0	0	0	0	0	15	0	0	0	0	0	0	0	0	0	67	0	0	0	0	0	16	0	0	0	0	0	0	0	0	33	0	0	32	2	0	0	0	0	0	0	0	0	54	0	0	0	0	0	0	14	0	0	0	0	4	0	0	0	0	0	0	0	0	0	0	0	0	0	0	0	0	0	0	0	0	0	0	0	0	0	0	159	0	0	0	0	0	8	0	0	0	0	0	0	0	0	0	0	0	0	0	0	0	119	0	0	0	0	0	0	0	0	0	0	0
f558	0	6	0	0	0	143	0	0	290	0	18	0	0	175	0	0	0	0	7	0	0	0	0	0	0	0	0	0	0	0	0	0	0	12	6	0	0	0	0	0	0	0	0	0	57090	0	0	0	0	0	13	5652	0	0	0	0	0	0	0	0	0	0	0	0	0	0	0	0	0	5	0	0	0	0	0	0	56	0	0	4	1019	4	82	0	0	0	0	0	0	4	0	0	0	681	0	0	22	6	0	0	0	0	0	0	127	0	0	0	42	0	332	0	0	105	0	0	0	0	0	0	0	11	0	0	0	0	0	0	0	0	0	0	0	0	0	0	6	0	0	0	11	0	0	0	0	0	0	7	15	0	830	0	0	0	0	0	0	0	0	5	0	10	0	0	0	0	0	0	0	78	0	0	0	0	0	0	0	0	0	0	0	17	0	0	0	0	0	0	0	0	0	210	0	0	0	0	0	22	7	0	0	0	0	0	0	0	0	0	0	9	0	0	0	0	0	0	0	19	0	32	0	0	0	0	0	0	0	19	0	0	0	0	0	0	39	0	0	0	0	0	0	0	0	0	0	0	0	51	0	0	0	0	0	0	0	33	0	0	0	0	0	0	0	0	0	0	0	0	0	0	0	0	0	0	7	0	3	0	0	0	0	0	0	0	0	0	78	0	0	0	0	0	0	0	0	0	0	0	0	0	0	2	0	0	9	0	0	0	375	0	0	0	0	0	0	8	0	0	0	0
f559	5	40	0	314	0	228	0	0	360	12	147	35	0	282	5	8	0	0	8	0	79	0	0	0	0	13	4	0	0	0	0	0	0	72	35	24	0	29	111	26	0	0	0	0	54240	0	10	29	0	47	18	2165	0	0	7	16	5	0	6	0	0	4	0	4	58	26	46	0	23	101	0	14	0	0	21	52	157	3	16	262	919	301	107	77	17	173	5	0	0	20	0	0	0	405	0	0	83	16	0	0	33	0	0	0	102	0	0	0	29	0	409	0	39	169	0	0	0	0	0	0	0	11	0	34	23	10	10	0	3	15	0	0	0	0	0	0	9	0	0	0	22	7	0	0	0	0	4	0	9	0	529	0	0	0	0	0	36	0	0	9	0	33	0	0	0	130	0	0	0	80	0	0	9	0	0	0	0	0	0	27	302	55	0	0	18	0	0	0	0	13	0	334	10	0	13	0	0	21	0	0	174	0	0	0	0	0	0	3	0	14	0	0	0	0	0	0	0	344	0	102	0	0	0	0	0	0	0	168	0	0	0	0	0	0	38	0	19	35	0	8	0	0	0	0	0	0	42	58	0	0	0	52	0	0	0	0	0	0	0	0	0	38	0	0	0	0	0	0	0	0	0	8	133	101	0	0	0	0	5	0	0	4	0	0	0	5	10	0	0	0	0	0	0	0	0	0	0	0	0	0	0	332	0	0	17	0	0	0	188	0	0	0	0	0	0	37	0	0	0	0
f560	0	0	0	0	0	40	0	0	128	4	20	0	0	90	0	0	0	0	0	0	0	0	0	0	0	6	0	0	0	0	0	0	0	0	0	4	0	0	0	0	0	0	0	0	72931	0	0	0	0	0	0	2147	0	0	0	0	0	0	0	0	0	0	0	0	14	0	3	0	0	0	0	0	0	0	0	0	33	0	6	0	520	0	48	0	0	0	0	0	0	11	0	0	0	199	0	0	67	0	0	0	0	0	0	0	107	0	0	0	22	0	122	0	0	102	0	0	0	0	0	0	0	3	0	0	0	0	0	0	0	0	0	0	0	0	0	0	0	0	0	0	5	0	0	0	0	0	0	0	0	0	0	0	0	0	0	0	0	0	0	0	0	0	0	0	0	0	0	0	0	174	0	0	0	0	0	0	0	0	0	0	0	0	0	0	0	0	0	0	0	0	0	78	0	0	0	0	0	0	0	0	0	0	0	0	0	0	0	0	0	0	0	0	3	0	0	0	0	0	0	22	0	0	0	0	0	0	0	0	0	0	0	0	0	0	0	0	0	24	0	0	0	0	0	0	0	0	0	48	0	0	0	0	0	0	0	0	0	0	0	2	0	0	0	0	0	0	0	0	0	0	0	0	0	0	0	0	0	18	0	0	0	0	0	0	0	0	11	0	0	0	0	0	0	0	0	0	0	0	0	0	0	0	0	0	0	0	0	0	136	0	0	0	0	0	0	10	0	0	0	0
f586	0	122	0	12	0	505	0	0	40	42	1058	0	0	164	8	0	0	38	26	0	30	0	5	5	0	16	77	0	21	0	0	0	0	0	46	105	0	0	15	0	0	0	0	6	60358	0	0	3	0	21	0	3152	0	0	23	0	0	0	0	3	0	0	0	0	255	0	405	0	15	23	4	0	0	67	9	0	251	0	59	26	64	37	114	11	0	41	0	0	0	382	0	0	0	168	0	33	0	0	0	0	0	0	0	0	57	0	0	0	129	0	18	0	19	51	0	0	0	20	0	0	83	63	0	4	52	2	0	0	0	24	0	0	0	0	0	0	352	0	0	8	18	0	11	0	0	0	0	14	0	0	156	0	0	0	0	0	5	0	0	0	0	19	0	0	37	8	0	0	0	2	84	0	2	0	0	0	0	0	0	0	21	8	11	0	0	0	0	0	6	0	0	332	0	0	215	0	0	8	0	0	0	0	0	0	0	0	26	0	0	73	0	10	0	0	0	12	0	10	0	82	0	0	0	12	0	26	0	77	0	27	0	0	0	0	109	0	0	63	0	0	0	0	0	0	0	0	5	61	0	0	0	0	0	0	258	0	0	0	0	0	0	0	0	0	0	0	0	0	0	10	0	10	0	4	0	0	0	0	0	0	0	39	34	0	0	4	332	0	0	0	0	0	48	0	0	0	0	0	0	0	0	24	0	0	0	0	0	0	853	0	0	0	0	0	0	72	0	19	0	0
f616	12	207	26	163	0	126	0	4	2353	5967	21	10	0	1068	0	0	0	0	42	12	101	0	0	0	0	129	34	0	22	0	10	0	0	456	50	45	0	371	149	0	0	5	0	0	37522	0	0	8	0	11	25	490	0	0	8	4	0	11	19	173	0	59	8	0	48	0	209	0	66	203	0	0	0	48	76	27	373	0	34	61	627	90	44	57	24	252	16	0	0	53	0	5	0	4191	0	461	153	8	45	0	41	0	0	0	147	0	0	0	152	0	84	0	0	231	0	5	0	1431	0	0	224	4	0	14	100	0	39	0	0	695	0	0	21	0	5	0	96	0	0	0	16	0	6	0	0	0	0	0	17	0	779	0	0	0	11	0	0	0	0	0	22	56	0	0	36	112	0	0	0	21	9	13	300	6	0	0	10	0	0	8	72	44	53	0	25	44	7	0	0	0	0	455	6	4	31	4	0	68	0	0	27	4	0	100	0	0	0	0	0	52	0	26	0	26	0	51	12	76	0	149	0	0	0	46	0	18	0	188	0	3	0	0	0	0	195	0	8	36	0	0	7	0	0	21	0	0	40	85	0	0	0	4	0	0	0	3	0	0	5	0	10	0	68	0	0	0	0	0	0	141	0	40	86	25	0	0	0	0	9	0	0	10	71	0	0	0	21	0	0	0	0	0	0	0	0	17	0	0	0	0	0	88	0	0	5	0	15	47	452	0	0	0	0	0	0	82	0	0	0	0
f617	0	65	0	3	0	125	0	0	3948	116	3	0	0	687	0	0	0	0	0	0	0	0	0	0	0	8	3	0	0	0	4	0	0	19	2	0	0	0	25	0	0	0	0	0	65708	0	0	0	0	0	0	450	0	0	0	0	0	0	20	0	0	6	0	0	10	0	120	0	0	0	0	0	0	33	0	0	83	0	8	0	539	0	25	0	0	0	0	0	0	0	0	0	0	4092	0	194	258	0	0	0	0	0	0	0	182	0	0	0	22	0	97	0	0	53	0	0	0	327	0	0	63	0	0	0	9	0	0	0	0	12	0	0	0	40	5	0	0	0	0	0	0	0	0	0	0	0	4	0	4	0	41	0	0	0	0	0	0	0	0	0	5	0	0	0	0	0	0	0	0	15	0	0	66	0	0	0	0	0	0	0	0	0	0	0	0	0	0	0	0	0	0	56	0	0	7	0	0	0	0	0	0	0	0	0	0	0	0	0	0	13	0	0	0	0	0	36	24	0	0	75	0	0	0	0	0	5	0	2	0	0	0	0	0	0	84	0	0	0	0	0	0	0	0	0	0	0	0	63	0	0	0	0	0	0	0	0	0	0	0	0	0	0	0	0	0	0	0	0	0	0	0	0	0	0	0	0	0	0	0	0	0	0	9	0	0	0	0	0	0	0	0	0	0	0	0	0	0	0	0	0	0	0	0	0	0	0	0	16	371	0	0	0	0	0	0	54	0	0	0	0
f618	0	111	0	20	0	237	0	0	1569	40	16	0	0	1247	53	0	0	0	16	0	0	0	0	2	0	0	9	0	6	0	17	0	0	0	37	42	0	0	13	0	0	0	0	0	66806	0	0	0	0	9	0	569	0	0	0	0	0	0	0	0	0	77	0	0	14	0	246	0	0	9	0	0	0	52	9	4	306	0	33	17	953	3	87	0	0	9	25	0	2	23	0	0	0	2029	0	346	407	11	0	0	0	0	0	0	160	0	0	0	113	0	81	0	0	163	0	0	0	8	0	0	229	0	0	0	65	0	0	0	0	0	0	0	0	0	0	0	0	0	0	0	0	0	0	4	0	0	0	7	0	0	295	0	0	0	0	0	7	0	0	0	0	0	0	0	36	0	0	0	0	68	0	0	0	3	4	0	0	0	0	0	0	0	0	0	0	43	0	0	0	0	0	400	0	0	122	0	0	14	6	0	0	0	0	0	0	0	0	0	0	49	0	22	0	0	0	60	0	9	0	118	0	0	0	6	0	22	0	0	0	3	0	0	0	0	147	0	0	37	0	0	0	0	0	0	0	0	0	60	0	0	0	0	0	0	0	0	0	0	0	0	0	0	0	0	0	0	0	0	0	0	0	0	0	0	0	0	0	0	0	0	0	4	36	0	0	0	17	0	0	0	0	0	0	0	0	0	0	0	0	0	0	7	0	0	0	0	0	23	761	0	0	0	0	0	0	103	0	0	0	0
f619	7	241	20	724	7	13	0	5	139	1687	28	139	0	90	0	6	0	0	0	0	402	0	0	212	0	322	150	0	0	0	0	0	0	1057	65	256	0	496	4084	0	0	0	0	0	674	70	10	47	0	30	83	159	28	15	17	0	0	0	190	87	0	132	19	39	32	10	304	0	384	386	16	35	2	647	25	32	999	84	488	403	2832	331	92	204	0	2168	0	51	4	92	0	33	0	581	0	6	14	750	0	12	242	0	0	0	0	0	0	0	90	54	43	13	28	254	0	0	0	905	0	0	58	164	0	124	390	65	14	26	0	842	0	0	157	0	31	415	13	0	0	10	47	4	230	41	0	0	7	0	218	0	864	0	0	0	0	0	38	0	0	76	0	282	0	0	39	34	36	0	16	0	7	33	133	14	0	0	65	19	0	17	11	58	92	0	172	0	0	0	0	5	0	1059	21	99	29	0	0	601	6	0	0	16	18	23	0	0	0	0	0	103	0	13	0	17	15	0	51	847	6	0	0	0	236	867	0	14	0	762	0	12	0	0	0	0	6048	0	0	377	0	6	46	16	0	142	0	0	361	31	0	0	0	15	0	0	0	33	0	13	0	2	23	3024	851	0	0	0	19	15	0	92	4	103	175	230	0	380	0	0	14	0	0	13	23	0	0	0	446	12	24	0	0	0	0	0	0	0	0	9	0	0	133	1245	0	12	0	0	0	18	43	0	52	0	0	0	0	0	35	0	0	3
f620	0	66	0	14	0	66	0	0	1482	621	8	0	0	704	0	0	0	0	6	0	0	0	0	0	0	0	0	0	0	0	0	0	0	39	6	5	0	15	39	0	0	0	0	0	58821	0	0	0	0	0	0	815	0	0	0	0	0	0	0	0	0	7	0	0	6	0	122	2	0	6	0	0	0	17	9	0	162	0	21	0	1097	6	60	0	0	34	0	0	0	6	0	0	0	4164	0	226	93	0	0	0	0	0	0	0	52	0	0	0	86	0	142	0	0	150	0	0	0	103	0	0	170	0	0	0	25	0	0	0	0	256	0	0	0	13	0	0	0	0	0	0	0	0	0	0	0	0	8	0	0	0	35	0	0	0	0	0	5	0	0	0	0	10	0	0	24	11	0	0	0	23	0	0	22	0	0	0	0	0	0	0	3	0	3	0	0	0	0	0	0	0	0	219	0	0	51	0	0	0	0	0	10	0	0	0	0	0	0	0	0	29	0	12	0	0	0	22	0	7	0	62	0	0	0	0	0	9	0	7	0	0	0	0	0	0	104	0	0	26	2	0	0	0	0	0	0	0	0	55	0	0	0	0	0	0	0	0	0	0	0	2	0	22	6	0	0	0	0	0	0	0	0	0	0	5	0	4	0	0	0	0	0	2	23	0	0	0	76	0	0	0	0	0	0	0	0	0	0	0	0	0	0	11	0	0	0	0	0	0	556	0	0	0	0	0	0	0	0	0	0	0
f21	4	259	0	81	0	258	0	0	975	44	14	96	0	875	0	8	0	4	0	24	39	24	0	163	3	21	0	0	0	0	0	0	0	138	11	8	0	30	419	17	0	38	0	0	42715	19	37	2	0	69	10075	382	0	0	12	5	4	115	0	19	0	0	0	0	0	55	70	0	55	202	0	0	0	0	61	18	438	0	125	4439	575	135	355	226	0	788	0	14	0	14	0	0	0	7351	0	80	16	77	37	0	32	0	0	0	88	0	0	0	98	0	156	0	113	171	0	0	0	0	0	0	0	0	0	13	80	0	8	0	22	7	0	3	0	12	0	13	32	0	0	0	33	0	0	0	0	0	25	0	28	0	39	0	0	0	0	0	5	0	0	0	4	66	0	0	0	440	180	3	0	7	0	0	40	0	0	0	0	0	0	32	347	0	0	0	28	0	0	0	0	12	9	648	0	0	0	0	0	16	0	12	5	0	0	0	0	0	0	2	28	46	0	0	0	0	0	0	31	109	0	8	0	0	0	20	0	34	0	23	0	0	0	0	0	0	131	2	0	0	0	13	30	0	0	0	0	0	96	143	0	0	0	0	0	0	0	0	0	0	0	0	0	52	0	0	0	0	0	0	0	0	0	10	862	0	0	84	11	0	0	49	0	0	0	0	0	2	168	0	0	0	0	0	0	0	0	0	0	37	0	0	0	1167	0	0	0	0	0	4	453	0	0	0	0	0	0	129	0	0	0	0
f22	0	0	0	0	0	37	0	0	1467	6	0	0	0	1210	0	0	0	0	0	0	0	0	24	0	0	0	0	0	0	0	0	0	27	0	0	0	0	0	0	0	0	0	0	0	81769	0	0	0	0	0	6	81	0	0	0	0	0	0	0	0	0	0	0	0	0	61	0	35	17	0	0	0	0	0	0	0	27	0	0	29	126	0	0	45	0	0	0	0	0	0	0	0	0	2529	0	10	8	0	0	0	0	0	0	0	55	0	0	0	0	0	35	0	0	0	0	0	0	8	0	0	0	0	0	0	0	0	0	0	0	0	0	0	0	73	0	0	0	0	0	0	0	0	0	0	0	0	0	0	8	0	30	0	0	0	0	0	0	0	0	0	0	10	0	0	0	0	0	0	136	0	0	0	0	0	0	0	0	0	0	0	0	0	40	0	0	0	0	0	0	0	0	84	0	0	0	0	0	6	0	0	0	0	0	0	0	0	0	0	0	0	0	0	0	0	0	0	0	0	0	0	0	0	0	44	0	0	12	0	0	0	0	0	22	0	0	0	0	0	0	0	0	0	0	0	0	0	0	160	0	0	0	0	0	0	0	0	0	0	0	0	0	0	0	0	0	0	0	0	0	0	0	0	25	0	0	0	23	0	0	0	0	2	0	0	0	0	0	0	0	0	0	0	0	0	0	0	0	0	0	0	0	0	0	0	0	0	0	0	85	0	0	0	0	0	0	0	0	0	0	0
f23	0	0	0	0	0	507	0	0	3266	25	0	0	0	1496	0	0	0	0	0	0	0	0	0	0	0	0	0	0	0	0	0	0	0	0	5	0	0	0	0	0	0	0	0	0	65482	0	0	0	0	0	0	151	0	0	0	0	0	0	0	0	0	0	0	0	0	72	38	0	0	0	0	0	0	0	0	3	177	0	25	39	349	0	147	0	0	0	0	0	0	0	0	0	0	19041	0	131	10	40	0	0	0	0	0	0	181	0	0	0	59	0	169	0	0	58	0	5	0	0	0	0	18	0	0	0	0	0	0	0	0	3	0	0	0	0	0	0	0	0	0	0	0	0	0	0	0	0	12	0	8	0	5	0	0	0	0	0	5	0	0	0	0	19	0	0	0	0	0	0	0	0	0	0	0	0	0	0	0	0	0	0	0	0	0	0	0	0	0	0	0	12	0	248	0	0	0	0	0	0	0	0	0	0	0	0	0	0	0	0	0	0	0	0	0	0	0	0	0	0	0	0	0	0	0	0	0	16	0	0	0	0	3	0	0	0	68	0	0	0	0	0	0	0	0	0	0	0	0	391	0	0	0	0	0	0	0	0	0	0	0	0	0	0	0	0	0	0	0	0	0	0	0	0	0	0	0	0	4	0	0	0	0	0	0	0	0	0	21	0	0	0	0	0	0	0	0	0	0	0	0	0	0	0	0	0	0	0	0	0	223	0	0	0	0	0	0	233	0	0	0	0
f24	0	1083	71	366	0	2161	0	84	328	488	163	14	0	2616	0	11	4	0	51	0	560	44	0	147	138	72	30	0	21	0	166	0	0	99	540	197	0	379	709	0	9	167	0	31	2192	0	303	392	6	1009	190	587	15	52	25	17	133	275	23	4	0	855	0	0	102	115	1223	0	140	1931	0	164	29	210	1393	21	2484	11	248	432	2206	359	776	164	152	669	127	0	0	291	9	74	3	1909	0	960	3426	115	9	0	229	0	0	0	25	0	5	0	760	0	42	0	0	2062	0	0	0	73	3	0	1347	39	49	17	415	8	193	35	0	118	0	0	128	0	8	9	291	0	0	0	39	0	94	0	0	0	161	28	34	0	4551	0	10	0	0	0	83	46	0	91	0	59	0	0	207	830	15	0	3	394	83	13	95	0	0	52	5	0	4	0	79	39	21	0	26	449	22	0	0	0	7	3254	78	35	1007	32	0	48	35	0	57	0	53	100	3	0	0	0	13	641	0	238	9	0	0	709	89	179	0	549	0	0	0	48	0	60	0	2011	0	27	0	0	0	0	1253	4	4	374	18	28	17	0	0	0	0	5	31	62	0	0	0	27	0	0	0	0	0	0	17	0	6	112	1053	0	0	0	0	11	4	55	7	0	628	129	4	10	134	0	22	0	0	73	440	0	0	10	262	0	0	0	0	0	0	0	0	0	0	0	0	0	0	943	0	0	0	3	0	186	501	8	0	13	7	0	0	588	0	4	0	9
f25	0	0	0	0	0	0	0	0	43	1477	0	0	0	0	0	0	0	0	0	0	0	1420	0	0	0	0	0	0	0	0	0	0	0	0	0	28	0	0	0	0	0	0	0	0	384	0	0	0	0	0	0	289	0	0	0	0	0	0	0	0	0	0	0	0	0	0	0	186	0	0	134	0	0	0	0	0	7	0	0	229	240	56	0	0	0	15	0	0	3	0	0	0	0	223	0	0	0	0	0	0	0	0	0	0	0	0	0	0	0	0	20	0	0	0	0	0	0	106	0	0	0	0	0	0	0	0	0	0	0	533	0	0	0	0	0	0	0	0	0	0	38	0	0	0	0	0	0	109	0	0	309	0	0	0	0	0	0	0	0	0	79	0	0	0	0	0	0	0	43	0	0	0	31	0	0	0	0	0	0	0	0	0	112	0	0	0	0	0	0	0	0	0	0	0	0	0	0	0	0	0	0	0	0	0	0	0	0	0	3185	0	0	0	0	0	0	0	0	0	0	0	0	0	0	0	0	0	0	0	0	0	0	0	0	0	0	0	0	0	0	0	0	0	0	0	0	0	0	13	0	0	0	0	93	0	0	0	0	0	0	0	0	0	0	0	0	0	0	0	0	0	0	0	0	0	0	0	396	0	0	688	0	0	0	0	0	0	0	0	0	0	0	0	0	0	0	0	0	0	0	243	0	0	0	26	0	0	0	0	0	0	0	0	0	0	0	0	0	0	0	0
f26	13	516	0	210	0	872	0	0	178	187	200	170	0	777	0	11	4	4	11	122	84	45	0	313	5	67	0	0	0	5	0	0	0	157	21	24	0	152	841	18	0	114	0	0	1583	0	115	21	0	1336	14873	572	0	143	8	26	22	137	0	91	0	35	0	15	365	539	208	0	87	657	0	11	0	9	125	70	905	25	249	9787	2267	212	1226	661	38	1870	0	54	0	102	8	0	0	493	20	262	34	78	30	0	114	0	0	0	71	0	0	5	190	0	0	0	334	451	0	0	0	104	0	0	73	11	0	29	312	0	0	6	36	159	0	0	10	0	0	24	1131	0	0	4	32	0	14	0	0	0	56	0	40	0	280	0	5	0	0	0	14	0	0	0	25	232	0	0	0	1039	164	0	0	74	0	0	83	3	0	0	0	5	0	50	652	267	17	0	65	0	9	0	0	12	19	1388	4	15	27	0	0	185	94	14	50	0	0	10	0	0	0	10	19	124	10	0	0	0	0	0	80	382	0	0	0	0	21	20	0	73	0	96	0	0	0	0	0	0	225	9	0	75	0	0	103	0	0	0	0	24	191	21	0	0	0	22	0	0	48	0	0	0	0	0	8	194	24	0	0	0	0	0	0	41	0	9	2450	28	0	189	28	0	14	29	0	100	8	0	0	0	213	0	0	0	0	0	0	0	0	0	0	7	0	0	0	2480	0	14	0	0	0	15	316	6	0	0	0	0	0	404	0	3	0	0
f27	0	201	0	141	0	1407	0	0	298	27	15	58	8	3529	0	31	5	0	0	127	0	0	29	160	132	84	0	0	0	0	0	0	0	53	0	0	0	3734	117	0	0	44	0	0	596	8	0	107	0	286	1293	84	0	71	0	0	0	282	33	0	0	0	0	30	0	385	81	0	0	118	0	17	0	27	0	49	8278	0	39	2018	871	226	3109	94	0	1980	0	30	0	0	0	0	0	860	0	225	0	278	0	0	0	0	0	0	0	0	0	0	1024	0	0	0	0	1151	0	0	0	47	0	0	100	0	0	0	1242	0	0	0	28	18	0	0	59	68	0	0	26	0	0	0	34	0	0	49	0	20	284	0	180	0	0	0	0	0	0	0	165	0	0	0	0	76	0	30	0	539	0	0	19	3	0	0	306	0	0	46	0	0	0	0	91	133	109	0	0	0	0	0	0	0	0	2730	112	387	0	0	0	0	167	0	0	0	0	0	0	0	0	0	0	0	0	0	0	0	0	0	0	566	0	0	0	0	0	13	0	167	0	0	0	0	0	0	0	0	196	0	0	104	0	0	0	0	0	0	0	24	0	25	0	0	0	0	0	0	0	0	0	0	0	6	0	0	0	0	0	0	0	0	0	79	0	0	659	0	0	64	0	0	0	0	0	12	19	0	0	0	699	0	0	0	0	0	0	0	8	0	0	0	0	0	0	1206	0	0	0	0	0	0	1644	0	0	0	0	0	0	1431	0	0	0	0
f28	0	31	0	50	0	1522	0	0	3738	23	48	0	0	1378	0	0	0	0	0	15	0	14	0	13	30	0	0	3	0	0	0	0	0	0	7	0	0	224	34	0	0	63	0	0	56875	0	20	11	0	228	788	934	0	48	0	15	0	34	0	0	0	0	0	0	0	484	113	0	0	128	0	0	0	0	41	19	552	0	61	220	2934	0	533	18	0	109	0	0	0	0	3	0	0	12637	0	422	19	44	0	0	0	0	0	0	135	0	0	0	147	0	1087	0	0	268	0	0	0	11	0	0	45	5	0	2	39	0	19	0	0	0	0	0	0	0	0	0	8	0	0	0	11	0	0	4	0	0	95	0	27	0	41	0	0	0	0	0	0	0	0	0	0	12	0	0	0	196	0	0	0	66	0	0	165	0	0	0	0	0	0	0	22	17	4	0	3	0	0	0	0	30	5	1247	0	13	12	0	0	0	0	0	0	0	0	0	0	0	0	0	0	10	0	0	0	0	0	0	0	19	0	21	0	0	0	0	0	21	0	0	0	0	0	0	0	0	236	0	0	0	0	0	0	0	0	0	0	0	0	268	0	0	0	0	0	0	0	0	0	0	0	0	0	0	0	0	0	0	0	3	0	0	0	0	117	0	0	0	0	0	0	0	0	8	15	0	0	8	99	0	0	0	0	0	0	0	0	0	0	0	0	0	0	568	0	0	0	0	0	0	270	0	0	0	0	0	0	576	0	0	0	0
f29	0	0	0	0	0	150	0	0	374	4	0	0	0	1855	5	0	0	0	0	0	0	0	0	0	0	0	0	0	0	0	0	3	0	0	7	0	0	0	0	0	0	0	0	0	81307	0	0	0	0	22	0	467	0	0	0	0	0	0	0	0	0	0	0	0	0	135	0	0	0	0	0	0	0	0	0	0	34	0	0	33	331	0	0	0	0	0	0	0	0	0	0	0	0	1542	0	111	3	0	0	0	0	0	0	0	116	0	0	0	9	0	56	0	0	32	0	0	0	4	0	0	0	0	0	0	0	0	0	0	0	0	0	0	0	0	0	0	0	0	0	0	0	0	0	0	0	0	0	0	0	0	7	0	0	0	0	0	0	0	0	0	0	0	0	0	0	0	0	0	0	0	0	0	0	0	0	0	0	0	0	0	0	0	0	0	0	0	0	0	0	8	0	87	0	0	0	0	0	0	0	0	0	0	0	0	0	0	0	0	0	0	0	0	0	0	0	0	0	0	0	24	0	0	0	0	0	3	0	0	2	0	0	0	0	0	0	0	0	0	0	0	0	0	0	0	0	0	0	803	0	0	0	0	0	0	0	0	0	0	0	0	0	0	0	0	0	0	0	0	0	0	0	0	0	0	0	0	0	0	0	0	0	0	0	0	0	0	3	0	0	0	0	0	0	0	0	0	0	0	0	0	0	3	0	0	0	0	0	0	63	0	0	0	0	0	0	72	0	0	0	0
f30	0	10	0	0	0	242	0	0	14344	0	8	0	0	350	19	0	0	0	0	0	0	0	0	0	0	0	0	0	0	0	0	0	0	0	5	0	0	0	0	0	0	0	0	0	45821	0	0	0	0	21	19	50	0	0	0	0	0	0	0	0	0	0	0	0	0	18	5	0	0	0	0	0	0	0	0	6	171	0	0	42	101	0	140	0	0	0	0	0	0	0	0	0	0	18970	0	147	0	0	3	0	0	0	0	0	56	0	0	0	65	0	450	0	0	62	0	0	0	0	0	0	0	0	0	0	0	0	0	0	0	0	0	0	0	0	0	0	16	0	0	0	0	0	0	0	0	0	20	0	15	0	15	0	0	0	0	0	0	0	0	0	0	0	0	0	0	0	0	0	0	0	0	0	0	0	0	0	0	0	0	0	0	0	2	0	0	0	0	0	0	0	0	176	0	0	0	0	3	0	7	0	0	0	0	0	0	0	0	0	0	5	0	0	0	0	0	0	0	0	0	0	0	0	0	0	0	14	0	0	0	0	0	0	0	0	51	0	0	0	0	0	0	0	0	0	0	0	0	695	0	0	0	0	0	0	0	0	0	0	0	0	0	0	0	0	0	0	0	0	0	0	0	0	0	0	0	0	0	0	0	0	0	0	0	0	0	0	4	0	0	0	0	0	0	0	0	0	0	0	0	0	0	6	0	0	0	0	0	0	17	0	0	0	0	0	0	178	0	0	0	0
f51	0	0	0	0	0	650	0	0	238	200	251	0	0	807	0	0	0	0	0	0	0	0	0	81	0	0	0	0	0	0	0	11	0	0	9	0	0	0	0	0	0	0	0	0	62298	0	0	0	0	351	0	1217	0	0	0	0	13	0	0	0	0	0	0	0	0	320	159	0	0	0	0	21	0	0	0	0	782	0	164	179	1183	0	643	0	0	0	0	0	0	0	0	0	0	5860	0	50	0	96	0	0	0	0	0	0	44	0	0	0	37	0	106	0	0	194	0	0	0	67	0	0	0	0	0	0	0	0	0	0	0	0	0	0	57	17	0	0	190	0	0	0	19	0	0	31	0	0	147	0	30	0	93	0	0	3	0	0	0	0	0	0	0	264	0	0	17	0	0	0	14	1228	0	0	55	0	0	0	0	0	0	0	0	188	64	0	0	0	0	0	0	0	0	1767	0	0	5	0	113	0	383	0	0	0	0	0	0	0	0	0	0	0	0	0	0	0	0	0	0	0	0	119	0	0	0	0	0	0	0	0	0	0	0	0	6	0	910	37	0	51	0	0	0	0	0	0	0	0	0	23	0	0	0	0	0	0	82	0	0	0	0	0	0	0	0	0	0	0	0	0	0	0	0	0	0	0	0	0	0	0	0	0	0	50	169	0	0	0	130	0	0	0	0	0	0	0	0	0	0	0	0	0	0	0	0	0	0	0	0	0	103	0	0	0	0	0	0	615	0	0	0	0
f81	4	173	0	146	12	1056	0	0	151	164	54	13	0	376	0	11	0	0	0	26	55	30	0	78	4	44	3	0	3	0	2	0	0	63	19	14	0	97	497	10	0	54	0	0	832	0	41	23	0	610	3131	237	9	0	0	0	62	36	0	35	0	65	0	0	8	333	186	0	116	180	0	75	4	0	110	0	731	0	464	4366	6034	46	563	154	41	456	0	24	0	99	5	0	155	338	0	71	0	54	8	0	47	0	0	0	19	0	16	0	127	0	24	6	126	205	0	19	0	39	0	0	37	0	0	0	78	0	0	0	3	48	0	2	15	10	11	0	394	0	0	0	22	0	9	9	3	0	35	0	72	0	25187	0	0	0	0	7	8	0	0	15	0	118	0	0	0	698	56	0	0	226	0	0	83	0	0	0	0	0	0	14	257	137	0	0	17	0	10	0	0	141	12	961	2	16	10	0	0	113	13	0	80	0	0	12	0	0	0	0	0	24	0	17	0	0	0	9	19	208	0	22	0	0	0	58	0	38	0	34	0	0	0	0	0	0	217	0	0	112	0	4	45	0	0	0	0	60	52	24	0	0	0	0	0	0	2	0	0	0	0	5	0	130	18	0	0	0	0	0	0	22	6	0	787	11	0	50	419	0	21	0	0	146	10	0	0	3	87	0	0	0	0	0	0	0	0	0	0	0	0	0	0	1186	0	0	0	0	0	0	92	0	0	0	0	0	0	318	0	0	0	0
f82	0	216	0	54	0	1268	0	0	1313	202	286	6	0	1519	0	8	0	0	28	17	19	67	0	133	0	22	6	0	0	0	3	0	0	45	25	0	0	102	463	0	0	16	0	0	20803	0	12	33	0	1540	2001	783	0	19	5	6	12	85	0	0	0	0	0	0	32	352	306	0	40	384	0	0	0	18	129	26	896	0	107	4431	2634	77	748	106	33	435	0	20	6	34	27	0	0	3135	0	192	18	101	0	0	55	0	0	0	1110	0	0	0	252	0	54	0	90	387	0	0	0	24	0	0	87	9	0	8	57	0	43	0	0	14	0	0	23	0	0	0	3549	0	0	5	26	0	2	13	0	0	111	237	42	0	97	0	0	0	0	0	21	0	0	37	0	74	0	0	21	762	80	0	0	84	0	0	59	0	0	0	0	0	2	0	186	74	3	0	18	0	0	0	0	21	18	1435	0	9	33	0	14	92	44	0	3	0	0	15	0	0	0	0	4	64	0	4	0	0	0	20	65	174	0	0	0	0	0	13	0	49	0	326	0	0	0	0	0	0	612	0	0	68	0	7	38	0	0	0	0	11	23	82	0	0	0	0	0	0	53	0	0	0	0	0	4	94	0	0	0	0	0	0	0	0	0	0	541	0	0	30	9	0	0	0	0	246	41	0	0	8	204	0	0	0	0	0	0	0	0	0	0	0	0	0	0	1542	0	0	0	0	0	0	177	0	0	0	0	0	0	484	0	0	0	0
f83	22	222	0	744	0	1018	0	0	934	835	75	101	0	913	0	11	0	0	5	111	128	22	0	186	0	105	5	0	16	0	0	0	0	397	38	310	53	85	891	0	0	596	0	0	10921	0	59	61	0	1218	8537	934	0	28	89	34	0	29	0	23	0	17	0	0	167	324	294	0	16	1313	0	0	0	0	104	19	2432	0	321	7683	2653	657	510	708	167	436	0	24	0	500	108	7	0	1632	0	41	37	185	0	9	47	14	0	0	161	0	0	5	65	0	85	0	1009	189	0	0	0	168	0	0	0	0	0	113	340	0	11	0	3	27	0	0	6	0	0	0	2062	0	0	3	0	0	0	0	0	0	38	301	60	0	68	0	0	0	0	0	23	0	0	127	0	1578	0	0	0	548	238	0	0	28	0	0	0	0	0	0	0	0	0	140	799	605	3	0	33	0	46	0	0	0	28	1827	4	92	0	0	0	51	31	173	0	14	0	52	0	0	0	15	0	177	0	0	0	0	0	0	107	837	0	0	0	0	16	22	0	6	0	50	0	0	0	8	0	0	523	10	0	130	0	0	185	0	0	0	0	117	49	95	0	0	0	0	0	0	30	0	0	0	0	0	20	164	0	0	0	0	0	0	0	23	9	0	505	10	0	74	0	0	56	0	0	1530	7	0	0	15	376	0	0	0	0	0	7	0	9	0	0	0	0	0	3	4092	0	0	0	0	0	0	69	6	0	0	0	0	0	119	0	0	0	0
f84	0	0	0	0	0	0	0	0	1812	38	0	0	0	1444	0	0	0	0	0	0	0	0	0	0	0	0	0	0	0	0	0	0	0	0	0	0	0	0	0	0	0	0	0	0	57750	0	0	0	0	12	0	462	0	0	0	0	0	0	0	0	0	0	0	0	0	188	44	0	0	0	0	0	0	0	0	0	43	0	12	0	1449	0	95	0	0	0	0	0	0	3	0	0	0	3785	0	0	19	5	0	0	0	0	0	0	5412	0	0	6	0	0	207	0	0	0	0	0	0	6	0	0	0	0	0	0	0	0	5	0	0	0	0	0	0	0	0	0	0	0	0	0	0	0	0	0	0	0	0	159	24	0	7	0	0	0	0	0	0	0	0	0	0	0	0	0	0	0	0	0	0	3	0	0	0	0	0	0	0	0	0	0	0	0	0	0	0	0	0	0	0	0	0	211	0	0	0	0	0	0	0	0	0	0	0	0	0	0	0	0	0	7	0	0	0	0	0	0	0	0	0	0	0	0	0	0	0	0	0	0	0	0	0	0	0	0	102	0	0	0	0	0	0	0	0	0	0	0	0	263	0	0	0	0	0	0	0	0	0	0	0	0	0	0	0	0	0	0	0	0	0	0	0	0	0	0	0	0	0	0	0	0	0	0	0	0	0	0	53	0	0	0	0	0	0	0	0	0	0	0	0	0	0	0	0	0	0	0	0	0	0	0	0	0	0	0	0	4	0	0	0	0
f85	0	0	0	0	0	89	0	0	1604	93	0	0	0	2787	0	0	0	0	0	0	0	0	0	0	0	5	0	0	0	0	0	0	0	0	0	0	0	0	0	0	0	0	0	0	72187	0	0	0	0	6	0	4041	0	0	0	0	0	0	0	0	0	0	0	0	0	275	99	0	0	0	0	0	0	0	0	0	94	0	25	9	922	0	146	0	0	0	0	0	9	0	0	0	0	4784	0	0	23	14	0	0	0	0	0	0	207	0	0	0	44	0	221	0	0	0	0	0	0	0	0	0	0	3	0	0	2	0	6	0	0	6	0	0	0	0	0	0	0	0	0	2	0	0	0	0	0	0	23	338	120	0	0	0	0	0	0	0	0	0	0	0	0	0	0	0	0	0	0	0	0	0	0	0	0	0	0	0	0	0	0	0	0	0	0	0	0	0	0	0	0	4	0	849	0	0	0	0	0	0	0	0	0	0	0	0	0	0	0	0	0	11	0	0	0	0	0	0	0	0	0	0	0	0	0	0	0	0	0	0	0	0	0	0	0	0	360	0	0	0	0	0	0	0	0	0	2	0	0	96	0	0	0	0	0	0	0	0	0	0	0	0	0	0	0	0	0	0	0	0	0	0	0	0	0	0	0	0	0	0	0	0	0	0	0	0	0	0	85	0	0	0	0	0	0	0	0	0	0	0	0	0	0	0	0	0	0	0	0	0	14	0	0	0	0	0	0	88	0	0	4	0
f86	0	0	0	0	0	30	0	0	4423	392	0	0	0	2659	0	0	0	0	7	0	0	28	0	4	0	0	0	0	0	0	0	0	0	0	18	0	0	0	0	0	0	0	0	0	49396	0	0	0	0	0	0	2653	3	0	0	0	0	0	0	0	0	0	0	0	6	278	320	0	0	0	0	0	0	0	2	0	415	0	101	53	16793	0	508	0	0	0	0	0	7	34	0	0	0	3926	0	0	62	89	0	0	0	0	0	0	1483	0	0	0	121	0	155	0	0	25	0	0	0	81	0	0	0	11	0	0	0	0	20	0	0	33	0	0	22	0	0	0	0	0	0	0	6	0	0	0	0	0	26	1226	195	0	0	0	0	0	0	0	0	0	0	0	12	34	0	0	0	0	0	0	0	4	0	0	0	0	0	0	0	0	0	0	5	23	0	0	0	0	0	0	0	0	0	2050	0	0	6	0	0	0	0	0	0	8	0	0	0	0	0	0	0	33	0	0	0	0	0	0	0	0	0	0	0	0	6	20	0	0	0	0	0	0	0	0	0	0	670	6	0	0	0	0	12	0	0	0	4	0	0	192	0	0	0	0	0	0	0	0	0	0	0	4	0	0	0	0	0	0	0	10	0	0	0	0	0	0	0	0	5	0	0	0	0	0	0	0	0	15	344	0	0	0	0	0	0	0	0	0	0	0	0	0	2	6	0	0	0	0	0	0	0	0	0	0	0	0	0	92	0	0	0	0
f87	0	0	0	0	0	71	0	0	1534	51	0	0	0	1722	17	0	0	0	0	0	0	0	0	0	0	0	0	0	0	0	0	0	0	0	0	0	0	0	0	0	0	0	0	0	81360	0	0	0	0	0	0	1813	0	0	0	0	0	0	0	0	0	0	0	0	0	143	51	0	0	0	0	0	0	0	0	0	80	0	23	10	1861	0	80	0	0	6	0	0	8	4	0	0	0	2823	0	0	38	0	0	14	0	0	0	0	160	0	0	0	35	0	178	0	0	0	0	0	0	0	0	0	0	0	0	0	0	0	14	0	0	0	0	0	0	0	0	0	0	0	0	0	3	0	0	0	0	0	0	184	50	0	0	0	0	0	0	0	0	0	0	0	0	0	0	0	0	0	0	0	0	0	0	0	0	0	0	0	0	0	0	0	0	0	0	0	0	0	0	0	0	0	0	308	0	0	0	0	0	0	0	0	0	0	0	0	0	0	0	0	0	0	0	0	0	0	0	0	0	0	0	0	0	0	0	0	0	0	0	0	0	0	0	0	0	0	148	0	0	0	0	0	0	0	0	0	0	0	0	80	0	0	0	0	0	0	0	0	0	0	0	0	0	0	0	0	0	0	0	0	0	0	0	0	0	0	0	0	0	0	0	0	0	0	0	0	0	3	0	0	0	0	0	0	0	0	0	0	0	0	0	0	0	0	0	0	0	0	0	0	4	0	0	0	0	0	0	0	0	0	0	0
f88	0	239	0	133	0	782	5	4	1142	949	1227	91	0	1794	0	0	3	9	19	27	164	26	0	51	4	74	15	0	7	0	0	0	0	117	32	34	0	153	558	81	0	84	0	0	24062	0	45	54	0	2391	2836	1583	0	0	41	12	5	66	11	21	0	10	0	0	75	426	392	0	48	680	0	8	0	14	139	27	1100	0	198	3038	5534	255	946	178	31	624	0	10	5	202	7	8	0	1816	0	100	162	97	4	17	54	5	0	0	375	0	0	0	228	2	63	0	260	181	0	0	0	654	0	0	50	19	0	21	145	3	45	10	2	64	12	0	13	0	0	8	1488	0	5	5	15	0	11	7	0	0	40	551	90	0	154	0	7	0	7	0	28	0	0	35	12	162	0	0	19	945	60	0	0	136	24	0	89	0	0	10	0	0	0	59	316	115	8	0	27	0	0	0	0	33	6	2180	14	12	17	0	0	95	97	0	0	0	30	17	0	0	6	0	0	83	0	6	0	0	0	15	60	140	0	0	0	0	0	22	0	44	0	329	0	5	0	27	0	0	700	11	23	98	0	21	81	0	0	0	3	71	63	79	0	0	0	0	0	0	146	0	0	0	0	0	0	228	28	0	0	0	0	25	0	35	0	7	451	0	0	21	0	0	16	0	0	195	19	0	0	0	575	0	0	0	15	0	0	0	0	0	0	0	0	0	6	1882	0	6	0	0	0	0	152	0	0	0	0	0	0	185	0	0	0	0
f89	0	0	0	0	0	8	0	0	10788	0	0	0	0	320	0	0	0	0	0	0	0	0	0	0	0	0	0	0	0	0	0	0	0	0	0	0	0	0	0	0	0	0	0	0	66125	0	0	0	0	0	11	121	0	0	0	0	0	0	0	0	0	0	0	0	0	41	0	0	0	0	0	0	0	0	0	0	19	0	20	10	623	0	0	0	0	0	0	0	0	0	0	0	0	16483	0	0	0	7	0	0	0	0	0	0	69	0	0	0	5	0	1559	0	0	0	0	0	0	0	0	0	0	0	0	0	0	0	0	0	0	0	0	0	0	0	0	0	0	0	0	0	0	0	0	0	0	0	0	56	15	0	47	0	0	0	0	0	0	0	0	0	0	0	0	0	0	0	0	0	0	5	0	0	0	0	0	0	0	0	0	0	0	0	0	0	0	0	0	0	0	0	0	87	0	0	0	0	0	0	0	0	0	0	0	0	0	0	0	0	0	0	0	0	0	0	0	0	0	0	0	0	0	0	0	0	0	0	0	0	0	0	0	0	0	0	29	0	0	0	0	0	0	0	0	0	0	0	0	1192	0	0	0	0	0	0	0	0	0	0	0	0	0	0	0	0	0	0	0	0	0	0	0	0	0	0	0	0	3	8	0	0	0	0	0	0	0	0	0	0	0	0	0	0	0	0	0	0	0	0	0	0	0	0	0	0	0	0	0	0	0	0	0	0	0	0	0	0	0	0	0	0
f90	0	0	0	0	0	218	0	0	1095	250	20	0	0	3947	45	0	0	0	0	0	0	18	0	0	0	0	0	0	0	0	0	0	0	0	0	0	0	0	0	0	0	0	0	0	54892	0	0	0	0	0	0	2847	0	0	0	0	0	0	0	0	0	0	0	0	0	61	165	16	0	0	0	0	0	0	0	0	288	0	67	0	230	0	198	0	0	0	0	0	0	20	0	0	0	2367	0	14	0	60	0	0	0	0	0	0	900	0	0	0	88	0	292	0	4	46	0	10	0	0	0	0	0	0	0	0	0	0	23	0	0	37	0	0	10	0	0	0	0	0	0	6	2	0	0	0	0	0	19	622	88	0	0	0	0	0	0	0	4	0	0	0	0	47	0	0	0	0	0	0	0	0	0	0	0	0	0	0	0	0	0	0	0	24	0	0	0	0	0	0	0	0	0	1044	0	0	0	0	0	0	0	0	0	0	0	0	0	0	0	0	0	19	0	0	0	0	0	0	8	0	0	22	0	0	0	6	0	0	0	0	0	0	0	0	0	0	565	6	0	0	0	0	0	0	0	0	4	0	0	211	0	0	0	0	0	0	0	0	0	0	0	0	0	0	0	0	0	0	0	0	0	0	0	0	0	0	0	0	0	0	0	0	0	0	10	0	0	16	109	0	0	0	0	0	0	0	0	0	0	0	0	0	0	0	0	0	0	0	0	0	0	0	0	0	0	0	0	78	0	0	0	0
f201	0	0	0	0	0	17	0	0	68	24	0	0	0	4645	15	0	0	0	0	0	0	0	0	0	0	0	0	0	0	0	0	0	0	0	0	4	0	0	0	0	0	0	0	0	21047	0	0	0	0	0	0	1768	0	0	0	0	0	0	0	0	0	0	0	0	0	0	7	0	0	0	0	0	0	0	0	0	103	0	0	0	464	0	27	0	0	0	0	0	6	0	0	0	0	25637	0	0	0	0	0	0	0	0	0	0	0	0	0	5	7	0	294	0	0	22	0	0	0	0	0	0	0	0	0	0	0	0	0	0	0	0	0	0	0	0	0	0	0	0	0	0	0	0	0	0	0	0	0	0	48	0	3	0	0	0	0	0	0	0	0	0	0	49	0	0	0	0	0	0	0	0	0	0	0	0	0	0	0	0	0	0	0	3	0	0	0	0	0	0	0	22	0	362	0	0	0	0	0	0	0	0	0	0	0	0	0	0	0	0	0	0	0	0	0	0	0	0	0	0	0	0	0	0	0	0	0	0	0	0	0	0	0	0	0	0	58	0	0	0	0	0	0	0	0	0	0	0	0	3266	0	0	0	0	0	0	0	0	0	0	0	5	0	0	0	0	0	0	0	0	0	0	0	0	0	0	0	0	0	0	0	0	0	0	3	0	0	0	9	0	0	0	0	0	0	0	0	0	0	0	0	0	0	3	0	0	0	0	0	0	0	0	0	0	0	0	0	131	0	0	0	0
f202	0	0	0	0	0	49	0	0	45	41	0	0	0	3347	0	0	0	0	0	0	0	0	0	4	0	0	0	0	0	0	0	0	0	0	0	3	0	0	0	0	0	0	0	0	40000	0	0	0	0	0	0	7946	0	0	0	0	0	0	0	0	0	0	0	0	0	0	8	0	0	0	0	0	0	0	0	0	340	0	0	0	567	0	15	0	0	0	0	0	0	0	0	0	0	15368	0	0	0	0	0	0	0	0	0	0	0	0	0	0	0	0	456	0	0	0	0	0	0	16	0	0	0	0	0	0	0	0	0	0	0	0	0	0	0	0	0	0	0	0	0	0	0	0	0	0	0	0	0	0	91	0	0	0	0	0	0	0	0	0	0	0	0	0	0	0	0	0	0	0	0	0	0	0	0	0	0	0	0	0	0	0	0	0	0	0	0	0	0	0	0	38	0	562	0	0	0	0	0	0	0	0	0	0	0	0	0	0	0	0	0	0	0	0	0	0	0	0	0	0	0	0	0	0	0	0	0	0	0	0	0	0	0	0	0	0	33	0	0	8	0	0	0	0	0	0	0	0	0	1704	0	0	0	0	0	0	0	0	0	0	0	0	0	0	0	0	0	0	0	0	0	0	0	0	0	0	0	0	0	0	0	0	0	0	0	0	0	0	0	0	0	0	0	0	0	0	0	0	0	0	0	0	0	0	0	0	0	0	0	0	0	0	0	0	0	0	0	201	0	0	0	0
f203	18	174	0	561	0	14	3	0	63	22102	0	0	0	31	0	0	0	0	0	0	36	0	0	0	0	304	25	0	0	0	0	0	0	763	4	98	0	902	1332	0	0	24	0	0	533	0	186	822	0	24	64	29	0	24	16	0	0	20	0	0	9	55	0	0	0	9	0	0	325	61	0	0	0	8	102	0	2040	4	0	134	177	118	0	15	0	2371	0	0	3	190	0	15	0	215	0	0	0	48	0	18	128	0	0	0	0	0	0	0	0	0	18	0	335	0	0	0	0	6605	0	0	0	0	18	5	4924	0	0	140	0	10	0	0	0	0	11	0	6	0	0	0	0	0	35	0	0	9	0	0	312	4	50	0	0	0	9	0	0	0	140	17	0	156	0	0	0	15	164	0	0	0	0	30	10	0	0	0	0	0	0	0	317	510	0	0	0	0	0	0	0	0	0	746	0	0	0	0	0	151	7	0	0	0	0	0	65	0	0	0	0	29	9	0	0	0	0	0	0	806	0	0	0	0	269	13	0	0	0	6	0	0	0	0	0	0	0	0	0	62	0	0	0	0	0	0	0	28	45	48	0	0	0	0	0	0	0	0	0	0	0	4	0	95	0	0	0	0	0	11	0	1108	41	35	48	79	0	0	0	0	37	0	0	20	0	0	0	0	61	0	0	0	0	11	0	0	6	0	0	0	0	0	0	1014	0	30	0	0	0	3	0	18	0	0	0	0	0	0	0	0	0	0
f204	0	0	0	0	0	9	0	0	70	15	0	0	0	47	0	0	0	0	0	0	0	0	0	0	0	0	0	0	0	0	0	0	0	0	0	0	0	0	0	0	0	0	0	0	55913	0	0	0	0	0	0	1791	0	0	0	0	0	0	0	0	0	0	0	0	0	0	5	0	0	0	0	0	0	0	0	55	12	0	0	7	2409	4	0	0	0	9	0	0	0	0	0	0	0	2475	0	0	0	0	0	0	0	0	0	0	0	0	0	0	0	0	98	0	0	0	0	0	0	0	0	0	0	0	0	0	25	0	0	0	0	0	0	0	0	0	0	0	16	0	0	0	0	0	0	0	0	0	0	0	0	0	5159	0	0	0	0	0	0	0	0	0	0	0	0	0	0	0	0	0	5	0	0	0	24	0	0	0	0	0	0	0	0	0	0	0	0	0	0	0	0	60	0	0	0	0	0	0	0	15	5	0	0	0	0	0	0	0	0	0	4	0	0	0	0	0	0	0	0	0	0	0	0	0	0	0	0	0	0	0	0	0	0	0	0	0	0	0	0	0	0	0	0	0	0	0	0	0	0	59	0	0	0	0	0	10	0	0	0	0	0	0	0	23	0	0	0	0	0	0	0	0	0	0	0	0	0	0	33	0	0	0	0	11	0	0	0	0	0	0	0	0	0	0	0	0	0	0	0	0	0	0	0	8	0	18	0	0	0	3	0	0	0	0	0	0	0	0	0	0	0	0
f205	0	22	0	73	0	98	0	0	73	4677	0	0	0	554	2	0	0	0	0	0	8	0	0	7	0	23	0	0	0	0	0	0	0	53	2	2	0	60	46	0	0	15	0	0	54378	0	0	35	0	73	9	1941	0	0	0	0	12	0	0	0	0	0	0	0	0	6	0	0	8	0	0	0	0	3	0	0	150	0	0	35	308	5	0	0	0	112	0	0	0	0	0	0	0	9674	0	0	0	11	0	0	0	0	0	0	7	0	0	0	0	0	252	0	0	0	0	0	0	140	0	0	0	0	0	2	271	0	0	0	0	0	0	0	0	0	0	0	0	0	0	0	0	0	3	0	0	0	0	0	27	0	31	0	0	0	0	0	0	0	19	0	0	0	0	0	0	0	0	0	0	0	0	0	0	0	0	0	0	0	0	0	19	25	0	0	0	0	0	0	0	23	0	189	0	0	0	0	0	127	0	0	0	0	0	0	0	0	0	0	0	0	0	0	0	0	0	0	0	38	0	0	0	0	0	0	0	0	0	0	0	0	0	0	0	0	0	0	0	48	0	0	0	0	0	0	0	0	0	296	0	0	0	0	0	0	0	0	0	0	0	5	0	0	0	0	0	0	0	0	0	225	3	0	0	6	4	0	61	0	0	0	0	0	0	0	0	0	0	0	0	0	0	0	0	0	0	0	0	0	0	0	0	74	0	0	0	0	0	0	0	0	0	0	0	0	0	16	0	0	0	0
f231	0	83	20	182	0	1377	3	0	68	2201	186	102	0	980	0	0	0	0	125	0	177	0	0	68	0	39	59	0	38	0	0	0	0	59	38	22	27	98	526	29	0	0	0	4	37752	0	27	55	5	52	119	2020	16	11	41	0	17	0	19	0	0	0	0	0	0	98	286	0	61	18	0	20	0	23	303	17	1273	5	40	590	2269	150	246	47	24	856	0	0	6	27	0	0	0	280	0	79	154	26	3	0	8	0	6	0	142	0	0	0	180	0	16	5	154	155	0	0	0	861	0	0	0	0	0	13	233	18	0	0	7	0	0	0	23	0	11	0	6	0	0	0	13	0	17	8	0	0	0	14	46	0	392	0	0	0	0	70	4	0	31	0	0	78	0	0	18	47	0	0	0	183	6	12	55	0	0	5	0	0	0	0	155	29	6	0	26	0	23	0	7	18	0	3040	7	37	149	0	0	302	6	0	57	0	0	11	19	0	3	0	0	65	0	0	0	0	0	16	47	497	0	201	0	0	0	116	0	51	0	286	0	21	0	0	0	0	392	7	8	132	0	22	0	0	0	0	0	0	74	64	0	0	0	7	0	0	15	0	0	7	0	0	44	67	101	0	0	0	0	0	4	24	8	15	129	26	6	8	0	0	7	0	9	12	50	0	0	8	174	0	20	0	0	0	0	0	0	0	0	0	0	0	11	329	0	114	0	0	0	0	1045	0	0	0	0	0	0	96	0	0	0	0
f232	0	0	0	4	0	22	0	0	77	51	13	0	0	462	0	0	0	0	13	0	0	0	0	0	0	0	0	0	0	0	0	0	0	0	0	0	0	0	21	0	0	0	0	0	79737	0	0	0	0	0	0	274	2	0	0	0	0	0	0	0	0	0	0	0	0	18	5	0	4	0	0	0	0	0	0	6	129	0	0	11	145	0	0	0	0	35	0	0	0	0	0	0	0	1161	0	0	11	0	0	0	0	0	0	0	116	0	0	0	7	0	111	0	0	21	0	0	0	13	0	0	0	0	0	0	0	0	0	0	0	0	0	0	0	0	0	0	4	0	0	0	0	0	0	0	0	0	0	0	8	0	21	0	0	0	0	0	0	0	0	0	0	0	0	0	0	4	0	0	0	8	0	0	0	0	0	0	0	0	0	0	0	0	0	0	0	0	0	0	0	0	0	246	0	0	8	0	0	0	0	0	0	0	0	0	0	0	0	0	0	0	0	0	0	0	0	0	0	10	0	32	0	0	0	0	0	0	0	8	0	0	0	0	0	0	78	0	0	0	0	0	0	0	0	0	0	0	0	112	0	0	0	0	0	0	0	0	0	0	0	0	0	0	0	0	0	0	0	0	0	0	0	0	0	0	0	0	0	0	0	0	0	0	0	0	0	0	0	0	0	0	0	0	0	0	0	0	0	0	0	0	0	0	0	0	0	0	0	0	9	0	0	0	0	0	0	19	0	0	0	0
f233	0	0	0	0	0	67	0	0	64	6	0	0	0	303	0	0	0	0	0	0	0	0	0	0	0	0	0	0	0	0	0	0	0	0	0	0	0	0	0	0	0	0	0	0	53638	0	0	0	0	0	0	2311	0	0	0	0	0	0	0	0	0	0	0	0	0	243	20	0	0	0	0	0	0	0	0	0	56	0	0	0	625	0	0	0	0	0	0	0	0	0	0	0	0	1238	0	23	10	0	0	0	0	0	0	0	234	0	0	0	9	0	57	0	0	0	0	0	0	0	0	0	0	0	0	0	0	0	4	0	0	0	0	0	0	0	0	0	0	0	0	0	0	0	0	0	0	0	0	0	9	0	17	0	0	0	0	0	0	0	0	0	0	5	0	0	0	0	0	0	0	5	0	0	0	0	0	0	0	0	0	0	0	0	0	0	0	0	0	0	0	0	0	90	0	0	0	0	0	0	0	0	0	0	0	0	0	0	0	0	0	0	0	0	0	0	0	0	0	0	0	102	0	0	0	2	0	0	0	0	0	0	0	0	0	0	33	0	0	12	0	0	0	0	0	0	0	0	0	60	0	0	0	0	0	0	0	0	0	0	0	0	0	0	0	0	0	0	0	0	0	0	0	0	0	0	0	0	0	0	0	0	0	0	9	0	0	0	0	0	0	0	0	0	0	0	0	0	0	0	0	0	0	0	0	0	0	0	0	0	40	0	0	0	0	0	0	0	0	0	0	0
f261	5	234	0	44	0	278	0	0	69	42	19	4	0	239	5	0	0	0	7	0	0	0	0	0	0	46	0	0	0	0	0	0	0	0	0	0	0	805	54	0	0	0	0	0	50464	0	12	119	0	14	0	3384	0	8	0	0	5	0	0	12	2	491	0	0	0	13	352	3	3	86	0	44	0	0	46	5	194	0	0	48	879	36	0	4	10	252	0	0	6	0	0	0	0	531	0	4	0	14	0	0	0	0	0	0	315	0	0	7	0	0	65	0	12	0	0	0	0	4345	0	0	0	0	0	0	456	3	0	0	0	4	0	0	0	0	0	0	85	0	0	0	0	0	27	0	0	0	0	0	22	0	175	0	0	0	0	0	0	0	0	0	0	0	0	0	0	24	0	0	0	0	0	0	257	0	0	0	0	0	0	0	0	18	0	0	0	0	10	0	0	310	0	133	0	0	0	0	0	149	7	0	0	0	0	0	8	36	0	0	0	0	0	0	0	0	11	0	10	69	0	33	0	0	0	8	0	0	0	6	0	0	0	0	0	0	0	0	0	27	0	0	0	0	0	0	0	0	0	78	19	0	0	4	0	0	0	0	0	0	0	4	0	81	13	0	0	0	0	0	0	164	83	0	0	39	7	0	0	0	0	0	80	0	0	0	0	0	7	0	0	0	0	0	0	0	0	0	0	0	0	0	0	242	0	8	0	0	0	0	423	0	0	0	0	0	3	19	0	0	0	0
f262	0	61	0	0	0	448	0	0	101	305	359	0	0	1740	43	0	0	0	53	0	0	0	0	0	0	15	0	0	0	0	0	0	0	0	5	8	0	0	0	0	0	0	0	0	46330	0	0	0	0	6	0	3557	0	0	29	0	0	0	0	0	0	0	0	0	0	0	2277	0	8	0	0	0	0	0	0	0	1209	0	0	19	5592	0	155	0	0	0	0	0	0	4	0	0	0	2306	0	0	0	13	0	0	0	0	0	0	406	0	0	0	76	0	149	0	0	31	0	38	0	71	0	0	13	0	0	0	0	0	16	0	0	180	0	0	28	0	0	0	0	0	0	0	15	0	0	5	0	0	5	0	42	0	0	0	0	0	0	0	0	0	0	0	0	27	0	0	0	0	0	0	0	0	0	14	0	0	0	0	0	0	0	0	2	0	3	0	0	0	2	0	0	177	0	870	0	0	0	0	0	0	0	0	0	0	0	0	0	0	0	0	0	0	0	27	0	0	0	17	0	0	0	477	0	0	0	76	0	34	0	0	0	0	0	0	0	0	355	13	0	52	0	0	13	0	0	0	0	0	0	294	0	0	0	0	0	0	0	0	0	0	0	0	0	0	0	0	0	0	0	0	0	0	0	0	0	0	0	0	0	0	0	0	0	0	42	0	0	0	24	0	0	0	0	0	0	0	0	0	0	0	0	0	20	0	0	0	0	0	0	0	414	0	0	0	0	0	0	212	0	0	0	0
f263	0	791	0	4603	0	91	0	57	77	637	57	33	0	152	0	0	0	0	0	0	253	0	0	86	0	191	317	0	36	0	0	0	0	85	53	0	0	695	1883	0	0	31	29	0	928	0	922	127	0	102	91	810	0	0	0	0	21	0	0	0	0	0	0	0	0	0	3807	0	1458	85	0	149	0	6	0	274	395	300	502	2927	717	61	314	34	38	335	0	0	0	0	0	106	99	149	86	0	0	0	0	51	140	0	0	0	41	0	18	0	395	0	73	0	351	0	45	24	0	90	0	0	0	0	0	423	0	0	0	118	6	556	0	31	223	35	0	0	0	0	0	0	39	0	0	95	0	0	68	0	145	0	238	0	0	0	0	0	122	0	0	0	0	255	0	0	0	0	205	0	116	0	0	55	0	0	0	0	0	0	0	33	258	9	11	0	33	0	0	0	0	40	77	2345	0	162	316	0	0	275	123	0	150	110	0	154	0	0	0	15	0	25	0	197	0	0	0	624	0	947	0	0	22	0	0	200	0	157	0	184	0	0	0	0	0	0	65	121	0	180	0	0	18	0	0	49	0	41	0	209	0	0	66	0	56	0	0	0	0	49	0	0	0	125	1186	0	0	0	0	49	0	0	0	115	867	1405	0	24	32	0	0	0	0	0	165	0	26	0	390	0	0	0	0	0	0	0	0	0	0	0	23	18	122	4091	0	0	0	0	0	0	12	0	0	0	0	0	0	0	0	0	0	0
f381	0	1778	175	51	0	37	113	0	26	404	6296	145	0	38	0	0	0	183	262	0	91	80	20	56	0	140	29	0	0	0	0	0	0	696	399	49	0	27	1610	12	0	3	0	0	701	0	0	18	0	0	891	329	0	0	1174	0	5	42	35	0	0	18	0	6	812	44	1783	0	652	67	25	0	0	171	25	5	989	20	137	927	742	380	1053	111	38	87	0	0	5	3204	0	0	0	174	0	0	0	105	0	31	0	0	0	0	20	0	0	0	0	6	11	18	405	979	0	0	0	265	0	0	0	591	0	0	0	0	23	0	0	196	64	0	86	0	82	41	4	199	4	15	286	0	35	159	0	0	111	647	36	0	2859	0	70	0	0	0	102	0	0	0	25	68	0	0	250	295	0	0	28	24	1633	0	384	10	0	5	0	0	12	0	606	255	2038	0	109	13	109	0	63	14	0	1463	0	0	14	0	10	248	0	0	0	42	0	97	0	0	67	0	0	627	0	95	0	0	0	429	109	11	0	38	0	0	0	107	0	0	0	0	0	27	0	0	0	0	520	0	117	71	0	11	0	0	7	0	0	0	15	22	0	0	0	28	0	0	1375	12	0	0	0	0	7	560	0	0	0	0	0	59	0	52	0	0	317	0	0	23	16	0	92	0	0	0	614	0	0	0	5439	0	0	0	93	0	274	0	0	0	0	30	0	0	5	139	0	0	0	0	0	12	0	0	0	0	0	0	0	9	0	245	0	3
f411	0	0	0	0	0	19	0	0	3082	47	0	0	0	777	7	0	0	0	0	0	0	0	0	0	4	0	2	0	0	0	0	0	0	0	3	0	0	0	236	0	0	0	0	0	60606	0	6	6	0	0	0	162	0	0	0	0	0	0	0	0	0	17	0	0	0	91	3	0	0	8	0	0	0	0	13	4	83	0	0	0	123	0	10	0	0	0	0	0	0	0	0	0	0	7174	0	50	0	8	7	0	0	0	0	0	77	0	0	0	0	0	367	0	3	0	0	0	0	0	0	0	19	0	0	0	0	0	0	0	0	0	0	0	0	0	0	0	0	0	0	0	0	0	0	0	0	0	0	0	0	0	26	0	0	0	0	0	0	0	0	0	0	0	0	0	0	0	0	0	0	2	0	0	0	0	0	0	0	0	0	0	6	0	0	0	0	12	0	0	0	0	0	32	0	0	0	0	0	0	0	0	0	0	0	0	0	0	0	0	3	4	0	0	3	0	0	0	0	0	0	48	0	0	0	0	0	0	0	7	0	0	0	0	0	0	39	0	0	39	0	0	0	0	0	0	0	0	0	495	0	0	0	0	0	0	2	0	0	0	0	0	0	33	17	0	0	0	0	0	0	0	0	0	0	0	0	0	0	0	0	0	0	0	0	0	0	0	0	0	0	0	0	0	0	0	0	0	0	0	0	0	0	0	0	0	0	0	0	0	93	0	0	6	0	0	0	7	0	0	0	0
f412	0	0	0	0	0	144	0	0	962	25	0	0	0	1903	8	0	0	0	0	0	0	0	0	10	0	0	0	0	0	0	0	0	0	0	17	0	0	0	4	0	0	0	0	0	78591	0	0	0	0	0	0	260	0	0	0	0	0	0	0	0	0	0	0	0	0	99	14	0	0	0	0	0	0	8	0	0	122	0	0	0	1130	0	92	0	0	0	0	0	0	74	0	0	0	2150	0	61	0	15	0	0	0	0	0	0	137	0	0	0	25	0	110	0	0	81	0	8	0	0	0	0	0	8	0	0	0	0	0	0	0	0	0	0	0	0	0	0	0	0	0	0	0	0	0	0	0	0	0	0	19	0	6	0	0	0	0	0	2	0	0	0	0	35	0	0	0	0	0	0	0	6	0	0	0	0	0	0	0	0	0	0	0	5	0	0	0	0	0	0	0	0	0	355	0	0	0	0	0	0	0	0	0	0	0	0	0	0	0	0	0	0	0	0	6	0	0	0	0	0	0	110	0	0	0	6	0	0	0	0	0	0	0	0	0	0	243	0	0	0	0	0	0	0	0	0	0	0	0	293	0	0	0	0	0	8	0	0	0	0	0	0	0	0	0	0	0	0	0	0	0	0	0	0	0	0	0	0	0	0	0	0	0	0	0	0	0	0	0	0	0	0	0	0	0	0	0	0	0	0	0	0	0	0	0	0	0	0	0	0	328	0	0	0	0	0	0	127	0	0	0	0
f413	0	0	0	3	0	141	0	0	2393	50	21	0	0	1142	0	0	0	0	0	0	0	14	0	11	0	0	0	0	0	0	0	0	0	0	7	0	0	0	0	0	0	0	0	0	51845	0	0	0	0	0	0	220	0	0	0	0	0	0	0	0	0	0	0	0	24	103	61	0	0	0	0	0	0	0	0	0	610	0	132	0	1800	0	52	0	0	0	0	0	0	90	0	0	0	5499	0	55	0	53	0	0	0	0	0	0	98	0	0	0	33	0	386	0	0	121	0	0	0	6	0	0	0	0	0	0	0	0	0	0	0	106	0	0	0	0	0	0	0	0	0	0	8	0	0	8	0	0	0	0	31	0	32	0	0	0	0	0	0	0	0	0	0	18	0	0	0	0	0	0	0	0	0	0	0	0	0	0	0	0	0	0	0	8	2	0	0	0	0	0	0	0	0	222	0	0	0	0	0	0	0	0	0	0	0	0	0	0	0	0	0	19	0	0	0	0	0	0	0	0	0	461	0	0	0	8	0	0	0	0	0	0	0	0	0	0	127	0	0	16	0	0	0	0	0	0	0	0	0	296	0	0	0	0	0	0	17	0	0	0	0	0	0	0	0	0	0	0	0	0	0	0	0	0	0	0	0	0	0	0	4	0	0	0	23	0	0	0	20	0	0	0	0	0	0	0	0	0	0	0	0	0	0	0	0	0	0	0	0	0	88	0	0	0	0	0	0	85	0	0	0	0
f414	0	167	0	0	0	110	0	0	4031	72	620	0	0	1445	0	0	0	13	22	0	7	17	0	27	0	41	0	0	0	0	0	0	0	11	89	3	0	0	46	0	0	0	0	0	29982	0	4	6	0	0	109	485	0	0	80	0	0	0	0	0	0	0	0	0	197	266	322	0	63	0	0	0	0	20	0	0	269	0	50	45	2407	65	143	0	0	0	0	0	0	765	0	0	0	6764	0	73	0	122	0	0	0	0	0	0	99	0	0	0	109	0	228	0	18	252	0	45	0	21	0	0	15	61	0	0	0	0	13	0	0	17	7	0	11	0	0	0	0	0	0	6	20	0	0	15	0	0	18	4	63	0	8	0	10	0	0	0	13	0	0	0	0	85	0	0	38	26	0	0	0	2	80	12	0	0	0	0	0	0	0	0	8	19	31	0	0	0	0	0	0	0	0	717	0	0	0	0	0	0	0	0	0	15	0	0	0	0	0	0	0	47	0	9	0	0	0	26	0	0	0	157	0	0	0	21	0	0	0	6	0	0	0	0	0	0	248	0	0	0	0	0	0	0	0	0	0	0	0	313	0	0	0	0	0	0	108	0	0	0	0	0	0	29	0	0	0	0	0	0	0	0	0	0	23	0	0	0	0	0	0	0	0	0	35	0	0	4	430	0	0	0	0	0	36	0	0	0	0	0	0	0	0	0	0	0	0	0	0	0	205	0	0	0	0	0	0	256	0	0	0	0
f415	0	0	0	0	0	36	0	0	2429	12	0	0	0	1887	0	0	0	0	0	0	0	0	0	39	0	0	0	0	0	0	0	3	0	0	0	0	0	0	11	0	0	0	0	0	43822	0	0	0	0	0	0	183	0	0	0	0	68	0	0	0	0	0	0	0	26	66	74	19	0	0	0	0	0	0	0	0	60	0	0	0	849	0	129	0	0	0	0	0	0	464	0	0	0	828	0	115	0	65	0	0	0	0	0	0	154	0	0	0	101	0	70	0	0	147	0	57	56	6	0	0	0	0	0	0	0	0	0	0	0	0	0	0	27	104	0	0	0	0	0	0	0	0	0	0	0	0	0	0	4	0	0	0	0	0	0	0	0	0	0	0	0	0	0	0	0	0	0	0	6	0	0	0	39	0	0	0	0	0	0	0	0	0	96	0	0	0	0	0	0	0	0	397	0	0	0	0	0	0	0	0	0	0	0	0	0	0	0	0	0	0	0	7	0	0	0	0	0	0	0	92	0	0	0	0	0	0	0	0	0	0	0	0	0	0	0	0	0	0	0	0	0	0	0	0	0	0	0	367	0	0	0	0	0	0	0	0	0	0	0	0	0	0	0	0	0	0	0	0	0	0	0	0	0	0	0	0	0	0	0	0	0	0	12	0	0	0	0	0	0	0	0	0	0	0	0	0	0	0	0	0	0	0	5	0	0	0	0	0	62	0	0	0	0	0	0	71	0	0	0	0
f416	0	14	5	0	0	335	0	0	910	11	15	0	0	1211	5	0	0	0	0	0	0	7	0	0	0	0	0	0	0	0	0	0	0	0	0	0	0	0	9	0	0	0	0	0	58659	0	0	0	0	0	0	545	0	0	0	0	0	0	0	0	0	0	0	0	4	77	35	0	0	0	0	0	0	0	0	0	107	0	15	0	353	0	24	0	0	0	0	0	0	34	0	0	0	1995	0	23	0	9	0	0	0	0	0	0	52	0	0	0	30	0	119	0	0	41	0	0	0	6	0	0	0	0	0	0	0	0	0	0	0	0	0	0	0	0	0	0	0	0	0	0	0	0	0	0	0	0	0	0	12	0	0	0	0	0	0	0	0	0	0	0	0	20	0	0	0	0	0	0	0	0	0	0	0	0	0	0	0	0	0	0	0	0	0	0	0	0	0	0	0	0	0	192	0	0	0	0	0	0	0	0	0	0	0	0	0	0	0	0	0	0	0	0	0	0	0	0	0	0	0	66	0	0	0	0	0	0	0	0	0	0	0	0	0	0	75	0	0	0	0	0	0	0	0	0	0	0	0	330	0	0	0	0	0	0	0	0	0	0	0	0	0	0	0	0	0	0	0	0	0	0	0	0	0	0	0	0	0	0	0	0	0	0	3	0	0	0	0	0	0	0	0	0	0	0	0	0	0	0	0	0	0	0	0	0	0	0	0	0	885	0	0	0	0	0	0	31	0	0	0	0
f441	0	100	15	12	0	154	0	0	8061	186	215	11	0	3021	13	0	0	4	9	0	57	41	0	13	0	0	0	0	0	0	57	0	0	15	104	14	0	0	88	0	0	11	0	0	8154	0	19	3	0	5	188	1052	0	0	36	0	0	0	8	0	0	0	0	0	28	49	416	0	14	0	0	0	0	27	45	0	1164	0	94	114	793	27	332	0	0	36	0	0	3	643	0	0	0	15423	0	101	105	25	0	0	0	0	0	0	427	0	0	0	190	0	161	0	48	443	0	95	0	120	0	0	44	16	0	0	9	0	3	0	0	41	0	0	33	0	0	0	0	0	0	0	41	0	0	42	0	0	10	0	130	0	10	0	0	0	0	0	5	0	0	0	0	114	0	0	17	42	5	0	0	0	11	0	0	0	0	0	0	0	0	0	117	67	11	0	0	0	0	0	0	15	0	826	0	0	53	0	0	0	0	0	0	9	0	0	0	0	5	0	0	32	0	10	0	0	0	8	15	0	0	99	0	0	0	5	0	17	0	169	0	0	0	0	0	0	321	5	33	53	0	0	30	0	0	0	0	0	4	1556	0	0	0	0	0	0	73	0	0	0	0	175	0	22	0	0	0	0	0	0	0	0	0	4	129	0	0	5	0	0	8	0	0	12	45	0	0	3	124	0	0	0	0	0	0	0	0	0	0	0	0	0	0	44	0	0	0	0	0	0	26	0	0	0	0	0	0	141	0	4	0	0
f442	0	17	9	13	0	657	0	0	15120	40	9	0	0	5311	28	0	0	0	0	0	0	0	0	3	0	0	5	0	0	0	68	0	0	0	74	13	0	0	10	0	0	0	0	0	9426	0	0	0	0	0	0	1169	0	0	0	0	0	0	0	0	0	0	0	0	0	8	469	0	0	0	0	0	0	20	0	0	993	0	101	0	1781	0	359	0	0	0	0	0	0	391	0	0	0	17364	0	82	100	44	0	0	0	0	0	0	1364	0	0	0	130	0	164	0	23	334	0	80	0	7	0	0	41	0	0	0	0	0	42	0	0	6	0	0	11	0	0	0	0	0	0	0	16	0	0	42	0	0	31	0	101	0	0	0	0	0	0	0	0	0	0	0	0	104	0	0	10	0	0	0	0	8	0	0	0	0	0	0	0	0	0	0	4	47	0	0	0	0	0	0	0	10	0	619	0	0	42	0	0	0	0	0	0	0	0	0	0	0	0	9	0	22	0	0	0	0	0	0	0	0	0	69	0	0	0	5	0	22	0	0	0	0	0	0	0	0	214	9	0	51	0	0	0	0	0	0	0	0	0	1684	0	0	0	0	0	0	0	0	0	0	0	165	0	0	0	0	0	0	0	0	0	0	0	0	0	0	0	0	0	0	4	0	0	0	57	0	0	0	31	0	0	0	0	0	0	0	0	0	0	0	0	0	0	0	0	0	0	0	0	0	181	0	0	0	0	0	0	128	0	0	0	0
f443	0	22	0	0	0	196	0	0	6444	30	0	0	0	3040	0	0	0	0	0	0	0	19	0	12	0	0	0	0	0	0	44	0	0	0	53	3	0	0	11	0	0	0	0	0	20227	0	0	0	0	0	0	941	0	0	0	0	0	0	0	0	0	0	0	0	0	0	231	0	0	0	0	0	0	27	0	0	645	0	94	0	977	0	178	0	0	0	0	0	0	280	0	0	0	21266	0	90	71	24	0	0	0	0	0	0	408	0	0	0	117	0	255	0	20	258	0	37	0	22	0	0	34	0	0	0	0	0	35	0	0	16	0	0	0	0	0	0	0	0	0	0	14	0	0	29	0	0	15	0	75	0	0	0	0	0	0	0	0	0	0	0	3	76	0	0	0	0	0	0	0	0	0	0	0	0	0	0	0	0	0	0	0	35	0	0	0	0	0	0	0	8	5	465	0	0	17	0	0	0	0	0	0	0	0	0	0	0	0	0	0	4	0	5	0	0	0	4	0	0	0	70	0	0	0	9	0	8	0	0	0	0	0	0	0	0	204	0	0	24	0	0	0	0	0	0	0	0	0	2037	0	0	0	0	0	0	0	0	0	0	0	142	0	0	0	0	0	0	0	0	0	0	0	0	0	0	0	0	0	0	0	0	0	0	30	0	0	0	23	0	0	0	0	0	0	0	0	0	0	0	0	0	0	0	0	0	0	0	0	0	0	0	0	0	0	0	0	112	0	0	0	0
f444	0	23	11	5	0	322	0	0	12231	24	55	0	0	5426	0	0	0	0	0	0	0	22	0	9	0	0	0	0	4	0	40	0	0	0	96	13	0	0	6	0	0	0	0	0	21471	0	0	0	0	0	0	1565	0	0	0	0	0	0	0	0	0	0	0	0	0	0	539	0	0	0	0	0	0	32	0	0	1504	0	139	0	2086	0	320	0	0	0	0	0	7	411	0	0	0	14731	0	93	259	31	0	0	0	0	0	0	576	0	0	0	226	0	273	0	41	447	0	67	0	11	0	0	44	0	0	0	5	0	30	0	0	25	0	0	28	0	0	0	0	0	0	0	36	0	0	33	0	0	34	0	141	0	0	0	0	0	0	0	4	0	0	0	0	84	0	0	0	0	0	0	0	66	0	0	0	0	0	0	0	0	0	0	0	29	0	0	0	0	0	0	0	12	0	664	0	0	33	0	0	0	0	0	0	0	0	0	0	0	0	0	0	19	0	6	4	0	0	11	0	0	0	93	0	0	0	0	0	29	0	0	0	0	0	0	0	0	239	4	0	0	0	0	10	0	0	0	0	0	0	1240	0	0	0	0	0	0	0	0	0	0	0	284	0	0	0	0	0	0	0	0	0	0	0	0	0	0	0	0	0	0	0	0	0	0	65	0	0	0	40	0	0	0	0	0	4	0	0	0	0	0	0	0	0	5	0	0	0	0	0	0	180	0	0	0	0	0	0	127	0	0	0	0
f445	0	35	0	7	0	275	0	0	10627	61	0	0	0	2123	13	0	0	0	0	0	0	25	0	4	0	0	0	0	0	0	144	0	0	0	200	13	0	0	0	0	0	0	0	0	22355	0	0	0	0	0	0	1158	0	0	0	0	0	0	3	0	0	0	0	0	0	0	274	0	0	0	0	0	0	54	0	0	1250	0	151	0	1749	0	279	0	0	0	0	0	0	708	0	0	0	10525	0	72	290	35	0	0	0	0	0	0	1850	0	0	0	133	0	193	0	17	525	0	47	0	0	0	0	26	3	0	0	0	0	29	0	0	22	0	0	53	0	0	0	0	0	0	0	41	0	0	0	0	0	62	0	85	0	0	0	0	0	0	0	0	0	0	0	0	93	0	0	7	0	0	0	0	8	4	0	0	0	0	0	0	0	0	0	5	46	0	0	0	0	0	0	0	14	0	511	0	0	103	0	0	0	0	0	0	0	0	0	0	0	0	0	0	32	0	22	0	0	0	11	0	0	0	130	0	0	0	13	0	9	0	0	0	0	0	0	0	0	298	0	0	10	0	0	0	0	0	0	0	0	0	1319	0	0	0	0	0	0	0	0	0	0	0	86	0	0	0	0	0	0	0	0	0	0	0	0	0	0	0	0	0	0	5	0	0	0	102	0	0	5	19	0	0	0	0	0	0	0	0	0	0	0	0	0	0	0	0	0	0	0	0	0	43	0	0	0	0	0	0	208	0	0	0	0
f447	0	49	17	13	0	344	0	0	12346	61	7	0	0	2968	0	0	0	0	0	0	0	30	0	17	0	0	0	0	0	0	94	0	0	0	178	28	0	0	0	0	0	0	0	0	10142	0	0	0	0	0	0	947	0	0	0	0	0	0	5	0	0	0	0	0	0	0	324	0	0	0	0	0	0	43	0	0	1465	0	178	0	1681	0	552	0	0	0	0	0	0	708	0	0	0	15904	0	144	170	44	0	0	0	0	0	0	955	0	0	0	232	0	120	0	45	627	0	128	0	43	0	0	55	0	0	0	0	0	0	0	0	41	0	0	33	0	0	0	0	0	0	0	39	0	0	31	0	0	56	0	135	0	0	0	0	0	0	0	5	0	0	0	0	106	0	0	11	0	0	0	0	0	0	0	0	0	0	0	0	0	0	0	3	61	0	0	0	12	0	0	0	20	0	920	0	0	110	0	0	0	0	0	0	0	0	0	0	0	0	3	0	44	0	26	0	0	0	16	0	0	0	94	0	0	0	8	0	26	0	0	0	0	0	0	0	0	487	0	0	16	0	0	27	0	0	0	0	0	0	2000	0	4	0	0	0	0	0	0	0	0	0	200	0	0	0	0	0	0	0	0	0	0	0	0	0	0	0	0	0	0	0	0	0	0	117	0	0	7	59	0	0	0	0	0	0	0	0	0	0	0	0	0	0	0	0	0	0	0	0	0	29	0	0	0	0	0	0	205	0	0	0	0
f448	0	0	0	12	4	97	0	0	6286	0	0	0	0	5358	14	0	0	0	0	0	0	4	0	0	0	0	4	0	6	0	0	0	0	0	0	0	0	0	0	0	0	0	0	0	21658	0	0	0	0	21	6	11349	0	0	0	0	0	0	0	0	0	0	0	0	0	250	232	30	0	0	0	0	0	5	0	0	632	0	0	138	1033	0	32	0	0	0	0	0	0	46	0	0	0	8032	0	85	417	0	0	0	0	0	0	0	213	0	0	0	26	0	95	0	0	70	0	5	0	0	0	4	0	0	0	7	0	0	0	0	0	0	0	0	0	10	0	18	154	0	2	0	0	0	0	0	0	0	0	0	37	0	310	3	0	0	0	0	0	0	0	0	0	20	10	0	0	0	0	0	42	11	0	0	0	0	0	0	0	0	9	0	20	4	6	0	0	0	0	0	0	25	0	168	0	0	0	0	0	59	0	0	0	0	0	0	0	0	0	8	0	0	0	0	0	0	0	0	0	0	0	108	0	0	0	0	0	0	0	0	0	0	0	0	9	0	89	19	0	34	0	0	0	0	0	0	0	0	0	480	0	0	0	0	9	0	0	0	0	0	0	35	0	8	0	0	0	0	0	0	0	0	0	0	0	0	0	0	0	80	0	0	0	18	12	16	0	0	0	0	0	0	0	0	0	0	0	0	0	0	0	0	0	0	0	0	0	0	0	0	152	0	0	0	0	0	0	0	0	0	0	0
f449	0	4	0	3	0	72	0	0	11636	11	0	0	0	5471	0	0	0	0	0	0	0	0	0	0	0	0	0	0	0	0	14	0	0	0	20	0	0	0	0	0	0	0	0	0	13313	0	0	0	0	0	0	343	0	0	0	0	0	0	0	0	0	0	0	0	0	0	56	0	0	0	0	0	0	5	0	0	101	0	19	0	461	0	70	0	0	0	0	0	0	106	0	0	0	25125	0	42	29	5	0	0	0	0	0	0	234	0	0	0	24	0	131	0	0	57	0	17	0	16	0	0	12	0	0	0	0	0	0	0	0	166	0	0	3	0	0	0	0	0	0	0	0	0	0	6	0	0	0	0	17	0	0	0	0	0	0	0	0	0	0	0	0	23	0	0	0	0	0	0	4	31	0	0	0	0	0	0	0	0	0	0	0	5	0	0	0	0	0	0	0	0	0	112	0	0	9	0	0	0	0	0	0	0	0	0	0	0	0	0	0	0	0	0	0	0	0	0	0	3	0	19	0	0	0	6	0	6	0	0	0	0	0	0	0	0	98	0	0	0	0	0	0	0	0	0	0	0	0	1899	0	0	0	0	0	0	0	0	0	0	0	133	0	0	0	0	0	0	0	0	0	0	0	0	0	0	0	0	0	0	0	0	0	0	13	0	0	0	0	0	0	0	0	0	0	0	0	0	0	0	0	0	0	0	0	0	0	0	0	0	52	0	0	0	0	0	0	52	0	0	0	0
f561	18	332	74	125	0	0	3	0	1759	798	339	208	0	24	126	0	8	0	43	0	117	23	0	7	16	290	420	0	0	0	0	0	0	36	125	243	0	394	77	51	0	5	0	0	70080	0	220	107	0	0	31	680	0	0	116	0	0	519	0	154	5	8	0	0	160	0	132	0	284	233	0	0	0	44	12	16	241	0	150	159	194	367	12	163	12	631	2	0	0	14	0	19	0	242	0	0	0	179	0	82	106	0	0	0	18	0	0	0	176	0	41	0	495	78	0	0	0	653	0	0	0	57	0	65	3661	57	14	0	0	172	17	20	12	55	28	8	9	0	0	0	129	36	69	0	0	0	16	0	0	0	178	0	7	0	0	38	59	0	0	15	0	69	5	0	5	150	0	0	0	0	0	0	64	20	0	0	0	51	18	170	560	145	59	0	219	0	0	50	0	0	0	430	14	10	26	0	0	0	0	0	231	0	69	81	0	46	7	0	0	53	35	5	0	0	0	0	0	343	0	0	0	0	0	173	0	22	0	85	0	0	0	0	0	0	37	11	53	25	0	64	0	0	21	0	0	49	27	12	0	0	0	117	0	0	13	0	0	64	0	0	127	0	20	0	0	0	0	0	0	62	20	276	166	131	0	14	0	25	55	0	0	0	14	0	0	25	252	0	0	0	33	0	32	0	20	5	0	196	0	0	0	474	0	0	0	0	0	0	24	0	24	0	0	0	0	0	0	0	0	0
f562	0	40	18	0	0	120	0	0	1093	25	361	0	0	450	0	0	0	0	22	0	0	80	0	0	0	31	18	0	0	0	19	0	0	0	68	51	0	0	0	0	0	0	0	0	49852	0	0	0	0	0	0	2981	0	0	43	0	0	0	5	0	0	0	0	0	128	0	90	0	14	0	0	0	0	20	0	0	592	0	289	0	1428	0	227	0	0	0	36	0	0	13	0	0	0	314	0	12	184	91	0	0	0	0	0	0	9079	0	0	0	286	0	589	0	4	338	0	0	0	0	0	0	36	140	0	0	0	0	15	0	0	0	15	0	29	0	0	0	0	0	7	0	109	0	0	0	0	0	36	2	23	0	8	0	0	0	0	0	0	0	0	0	0	27	0	0	13	0	0	0	0	164	0	0	0	0	0	0	0	0	0	0	3	168	10	2	0	0	0	0	0	0	0	757	0	0	0	0	0	0	0	0	0	8	0	7	0	0	15	0	0	39	0	3	0	0	0	0	0	0	8	272	0	0	0	31	0	13	0	0	0	0	0	0	0	0	60	0	0	108	0	0	0	0	7	0	0	0	0	20	0	0	0	0	0	0	69	0	0	0	0	0	0	0	0	0	0	0	0	0	0	0	0	0	0	0	0	0	0	0	0	0	0	0	27	0	0	8	224	0	0	0	0	0	0	0	0	0	0	0	0	0	0	0	0	0	9	0	0	0	291	0	0	0	0	0	0	69	0	7	0	0
f621	0	471	79	73	0	997	3	0	3241	398	58	0	0	2156	0	0	0	0	35	0	0	0	0	9	0	37	59	0	0	0	99	0	0	0	221	193	0	23	0	0	0	0	0	0	35238	0	0	11	0	29	0	6011	0	0	21	0	0	5	27	0	0	44	0	0	67	24	1069	0	13	90	0	11	0	166	0	15	2970	0	360	119	7350	0	231	11	11	18	45	0	0	86	0	0	0	1070	0	832	416	26	0	0	14	0	0	0	429	0	0	21	890	0	252	0	31	541	0	29	0	33	0	0	957	34	0	0	337	0	19	0	0	36	0	0	87	0	0	0	50	0	0	6	24	0	0	0	0	0	73	14	39	0	102	0	0	0	0	0	15	0	0	0	0	19	0	0	174	0	0	0	0	143	22	0	0	0	0	0	0	0	0	0	0	9	6	0	0	158	0	0	0	0	0	1540	62	0	243	0	0	32	5	0	0	3	0	0	0	0	0	10	0	178	0	166	0	0	0	254	0	78	0	230	0	0	0	48	0	98	0	10	0	25	0	0	0	0	365	0	0	254	0	0	0	0	0	0	0	0	0	22	0	0	0	0	0	0	4	0	0	0	0	0	0	0	119	0	0	0	0	0	0	0	0	0	0	13	85	0	0	0	0	0	0	0	200	0	0	0	100	0	0	0	0	0	0	0	0	0	0	0	0	0	2	178	0	0	0	0	0	55	1539	0	0	0	6	0	0	136	0	0	0	0
f622	0	193	0	6	0	2976	0	0	1148	289	21	0	0	1251	0	0	0	0	11	0	0	10	0	0	0	5	16	0	0	0	21	0	0	0	44	23	0	0	0	0	0	0	0	0	88683	0	0	0	0	0	0	3127	0	0	0	0	0	0	0	0	0	42	0	0	23	0	216	0	0	0	0	0	0	43	0	0	369	0	20	0	1328	0	110	0	0	0	0	0	7	12	0	0	0	2984	0	335	350	3	0	0	0	0	0	0	193	0	0	18	190	0	225	0	0	228	0	4	0	45	0	0	337	2	0	0	59	0	11	0	0	43	0	0	12	0	0	0	0	0	0	0	0	0	0	0	0	0	13	0	4	0	97	0	0	0	0	0	8	0	0	0	0	0	0	0	61	0	0	0	0	52	10	0	0	0	0	0	0	0	0	0	0	0	0	0	0	70	0	0	0	0	0	552	0	0	145	0	0	7	0	0	0	0	0	0	0	0	0	0	0	85	0	16	0	0	0	60	0	0	0	233	0	0	0	13	0	32	0	2	0	0	0	0	0	0	197	0	0	65	0	0	0	0	0	0	0	0	0	46	0	0	0	0	0	0	5	0	0	0	0	0	0	0	0	0	0	0	0	0	0	0	0	0	0	0	0	0	0	0	0	0	0	0	48	0	0	0	91	0	0	0	0	0	0	0	0	0	0	0	0	0	0	0	0	0	0	0	0	30	8304	0	0	0	0	0	0	149	0	0	0	0
