feature	Oleiharenicola	Halomonas	Hyphomicrobiales_Incertae_Sedis_Genus	Pseudorhodoplanes	Pedosphaeraceae_Genus	Parachlamydiaceae_Genus	Fluviicoccus	Dechloromonas	Rickettsiaceae_Genus	Rhodovarius	Chitinophagales_Genus	Culicoidibacter	Mycobacterium	Clostridium	SWB02	Noviherbaspirillum	Crenobacter	Blfdi19_Genus	Streptococcus	Paracaedibacteraceae_Genus	Lutispora	Beijerinckiaceae_Genus	Piscinibacter	Nitrospira	Rhodococcus	Frankiales_Genus	Pseudobdellovibrionaceae_Genus	Phaselicystis	Pedomicrobium	Reyranella	JGI_0001001.H03	Candidatus_Bealeia	Luteolibacter	Babeliaceae_Genus	Micrococcus	Arthrobacter	Sphingorhabdus	SH.PL14	env.OPS_17_Genus	Lysobacter	Luteimonas	Terrimonas	Leuconostoc	Acinetobacter	Rubrivivax	Aeromonas	Larkinella	Burkholderia.Caballeronia.Paraburkholderia	Fimbriimonadaceae_Genus	Brevifollis	Pajaroellobacter	IS.44	Bacteroidia_Genus	Sphaerotilus	Pseudomonas	Brevibacterium	Kocuria	Marmoricola	NS9_marine_group_Genus	Hyphomicrobium	Cytophaga	Gracilibacteria_Genus	Verrucomicrobiaceae_Genus	Candidatus_Protochlamydia	Armatimonadaceae_Genus	Microscillaceae_Genus	Fimbriiglobus	Paludibaculum	Xanthobacteraceae_Genus	Vampirovibrionaceae_Genus	Flavobacterium	Gammaproteobacteria_Genus	Devosia	Saprospiraceae_Genus	Peptostreptococcus	Leeia	Chlamydiales_Genus	Emticicia	Phreatobacter	Microtrichaceae_Genus	Ensifer	Novispirillum	Haliangiaceae_Genus	Paucibacter	Telmatocola	Paracoccaceae_Genus	Nocardia	Paenirhodobacter	Nitrosomonas	Novosphingobium	Comamonadaceae_Genus	Candidatus_Berkiella	Pseudobdellovibrio	Chitinibacter	Sphingomonas	Gemmataceae_Genus	Polyangiia_Genus	P3OB.42	A21b_Genus	Cetobacterium	Deinococcus	Shinella	Sutterellaceae_Genus	Fluviicola	Legionella	Exiguobacterium	Burkholderiales_Genus	AAP99	SM2D12_Genus	Chitinilyticum	Vibrio	Roseomonas	Candidatus_Ovatusbacter	Shewanella	Bryobacteraceae_Genus	Caulobacter	Tetragenococcus	Abditibacterium	Chitinivorax	Stagnimonas	Neochlamydia	Sandaracinaceae_Genus	Leucobacter	Chryseotalea	Ga0077536_Genus	Verrucomicrobiia_Genus	Phenylobacterium	Opitutaceae_Genus	Anaerovorax	Micavibrionales_Genus	X37.13_Genus	Microtrichales_Genus	Paracoccus	Sphingopyxis	Cytophagales_Genus	Kinneretia	Rhizorhapis	cvE6_Genus	Pir4_lineage	mle1.27_Genus	Methylibium	IMCC26207	Polymorphobacter	Dyadobacter	Aquihabitans	Brevundimonas	Agromyces	LiUU.11.161_Genus	Undibacterium	Stella	Neisseriaceae_Genus	TM7a	Caedibacter	X0319.6G20_Genus	JG30.KF.CM45_Genus	Parvibium	Pseudolysobacter	Arthrospira_PCC.7345	Citrobacter	Dinghuibacter	Chryseobacterium	Glutamicibacter	Rhizobium	Sediminibacterium	Candidatus_Megaira	alphaI_cluster	Runella	Chitinophagaceae_Genus	NS11.12_marine_group_Genus	Dietzia	Cellvibrio	Candidatus_Alysiosphaera	Gemmatimonas	TRA3.20_Genus	Aquicella	KD4.96_Genus	Curvibacter	Brucella	Gemmata	CM1G08	Bradyrhizobium	Aerococcus	Staphylococcus	Vicinamibacteraceae_Genus	Flavihumibacter	Kineosporiaceae_Genus	Candidatus_Paracaedibacter	Rhodospirillales_Genus	Thermodesulfobacteriota_Genus	Rhizorhabdus	Bdellovibrio	BIrii41_Genus	Kapabacteriales_Genus	SH3.11	Dechlorobacter	Aeromicrobium	CL500.3	Ruminiclostridium	Nocardioides	Aquabacterium	Sphingomonadaceae_Genus	Pyrinomonadaceae_Genus	Nevskiaceae_Genus	Holosporaceae_Genus	Acetobacteroides	Variovorax	Candidatus_Obscuribacter	Oscillospiraceae_Genus	Bosea	bacteriap25_Genus	Oligoflexaceae_Genus	Pirellula	Babeliales_Genus	Weeksellaceae_Genus	X67.14_Genus	Malacoplasma	Blastomonas	PeM15_Genus	Cypionkella	OM190_Genus	Cloacibacterium	Paraconexibacter	Defluviimonas	Rhodovastum	Massilia	Parageobacillus	X11.24_Genus	Thermomicrobiales_Genus	Gordonia	Fuscovulum	Paraclostridium	Pseudomonadales_Genus	Methylorubrum	Gemmobacter	MBNT15_Genus	Blastocatella	Brevitalea	Rhizobiaceae_Genus	Spirosomataceae_Genus	Sporichthyaceae_Genus	Gemmatimonadaceae_Genus	Rhodocyclaceae_Genus	Weissella	Stenotrophomonas	Planococcus	Simkaniaceae_Genus	Azospira	Hirschia	Plesiomonas	Agitococcus	OLB12	Thermus	Rheinheimera	Sporomusaceae_Genus	Chitinimonas	Raineya	Barnesiellaceae_Genus	Hydrogenophaga	NB1.j_Genus	Acidovorax	Pirellulaceae_Genus	Altererythrobacter	Rhodopseudomonas	Bacillus	Mesorhizobium	Hyphomicrobiales_Genus	Hassallia	Gaiellales_Genus	Nannocystis	WY65	Chthoniobacter	Eremiobacteria_Genus	Turneriella	Permianibacter	Hyphomonadaceae_Genus	Pseudoduganella	Lactococcus	Nordella	Delftia	Sandaracinus	Steroidobacter	Elstera	Longivirga	Latilactobacillus	Serinicoccus	Roseicella	Marinomonas	Tundrisphaera	IMCC26134	Parcubacteria_Genus	Vogesella	Ferruginibacter	Flectobacillus	Desulfotomaculum	Obscuribacteraceae_Genus	Peptostreptococcaceae_Genus	Romboutsia	Opitutus	Bryobacter	Sphingobium	AKYH767_Genus	Bordetella	Haliscomenobacter	Panacibacter	Pseudoxanthomonas	Niveibacterium	Blastococcus	Elsteraceae_Genus	SM1A02	Perlucidibaca	Coxiella	Polyangiaceae_Genus	Aurantisolimonas	Anaerotaenia	Limosilactobacillus	CL500.29_marine_group
f16	0	0	0	0	8	0	8	737	0	0	0	3617	7	5	0	0	1869	0	0	0	0	0	0	0	8	0	10	0	0	0	0	0	0	0	0	0	0	0	0	0	18	0	0	30	0	58283	0	4	0	0	0	0	56	0	3289	0	0	0	0	0	0	3	0	0	0	0	0	0	0	0	777	121	0	0	0	0	0	71	151	0	0	0	5	3560	0	209	0	52	0	0	0	0	0	0	0	0	0	0	5	581	8	0	232	225	21	0	0	0	0	356	0	16	0	434	0	5	0	0	0	0	0	0	0	3	0	18	0	0	0	0	0	0	0	0	0	0	0	0	0	0	0	6	0	0	20	0	0	0	115	0	0	0	0	0	0	0	0	0	0	46	0	27	14	0	0	0	0	0	0	0	245	0	0	0	0	0	0	0	0	0	0	0	0	0	0	0	0	0	0	0	23	0	0	0	0	0	0	0	0	0	0	0	0	4	0	0	0	0	32	0	0	0	0	0	0	11	0	0	0	0	33	0	0	0	0	0	0	0	0	0	0	0	0	116	0	0	0	0	0	0	0	0	0	4	0	0	0	0	64	16	0	0	0	0	0	0	5	0	0	0	0	0	0	0	0	0	0	0	0	0	0	0	0	0	0	24	11	0	0	0	0	4	0	0	0	0	0	23	0	0	0	0	0	0	0	0	0	0	0	0	0	0	0	0	0	3996	9	0	0	0	0	0	120	0	0	0
f17	0	0	71	0	23	0	0	1877	0	0	0	4054	38	140	0	0	3073	0	8	0	0	0	0	0	19	0	33	0	5	0	0	0	0	0	0	0	0	24	2	0	0	0	0	29	44	27387	0	0	0	0	0	0	0	0	978	0	0	0	0	0	0	0	0	0	0	0	9	0	0	0	163	304	0	0	0	0	23	0	1116	0	99	0	0	1787	0	1410	0	496	0	0	0	0	0	0	0	19	0	0	0	6272	0	0	313	146	110	0	0	0	0	396	5	330	0	170	0	5	0	0	0	0	5	0	0	0	0	31	0	0	0	0	0	0	0	0	0	0	0	0	5	0	0	22	0	0	107	0	4	0	0	0	0	0	0	26	2	0	0	0	0	426	0	0	41	0	0	0	0	0	0	0	2	0	0	0	0	0	0	0	7	0	20	0	0	0	0	0	0	0	0	0	6	0	0	37	0	0	0	0	0	0	0	0	0	0	0	0	0	0	37	0	0	18	0	0	0	3	0	0	9	0	16	0	0	115	0	0	0	0	7	0	0	0	0	338	0	0	0	0	0	0	0	0	0	0	0	0	0	0	190	0	0	0	0	0	0	0	10	0	0	0	0	0	0	0	0	0	0	0	0	0	0	0	0	0	0	0	0	0	0	0	0	0	19	0	0	0	0	412	0	0	0	0	0	0	0	0	0	0	0	0	0	0	0	0	0	986	0	0	0	0	0	0	785	0	0	0
f18	0	0	0	0	0	0	0	358	0	0	0	1927	7	30	0	0	1269	0	9	0	0	0	0	0	5	0	2	0	0	0	0	0	0	0	0	0	0	0	0	0	0	0	0	0	9	50350	0	0	0	0	0	0	0	0	289	0	0	0	0	0	0	0	0	0	0	0	0	0	0	0	28	41	0	0	0	0	8	0	192	0	9	0	0	220	0	184	0	101	0	0	0	0	0	0	0	0	0	0	0	4352	0	0	65	0	20	0	0	0	0	166	0	55	0	242	0	0	0	0	0	0	0	0	0	0	0	4	0	0	0	0	0	0	0	0	0	0	0	0	0	0	0	5	0	0	11	0	2	0	0	0	0	0	0	0	0	0	0	0	0	74	0	0	7	0	0	0	0	0	0	0	0	0	0	0	0	0	0	0	0	0	0	0	0	0	0	0	0	0	0	0	0	0	0	0	0	0	0	0	0	0	0	0	0	0	0	0	0	0	14	0	0	0	0	0	0	0	0	0	0	0	0	0	0	23	0	0	0	0	0	0	0	0	0	71	0	0	0	0	0	0	0	0	0	0	0	0	0	0	186	0	0	0	0	0	0	0	0	0	0	0	0	0	0	0	0	0	0	0	0	0	0	0	0	0	0	0	0	0	0	0	0	0	5	0	0	0	0	61	0	0	0	0	0	0	0	0	0	0	0	0	0	0	0	0	0	265	0	0	0	0	0	0	112	0	0	0
f19	0	0	2	0	5	0	0	935	0	0	0	3942	13	4	0	0	2664	0	0	0	0	0	0	0	0	0	6	0	0	0	0	0	0	0	0	0	0	5	0	0	0	0	0	8	17	39100	0	0	0	0	0	0	0	0	681	0	0	0	0	0	0	0	0	0	0	0	0	0	0	0	349	177	0	0	0	0	8	0	659	0	17	0	0	2319	0	666	0	151	0	0	0	0	0	0	0	3	0	0	0	6376	0	0	323	185	41	0	0	0	0	344	0	166	0	111	0	0	0	0	0	0	0	0	0	0	0	62	0	0	0	0	0	0	0	0	0	0	0	0	0	0	0	0	0	0	50	0	0	0	0	0	0	0	0	3	0	0	0	0	0	175	0	0	0	0	0	0	0	0	0	0	19	0	0	0	0	0	0	0	0	0	6	0	0	0	0	0	0	0	0	0	0	0	0	0	0	0	0	0	0	0	0	0	0	0	0	0	0	0	47	0	0	0	0	0	0	0	0	0	0	0	24	0	0	35	0	0	0	0	4	0	0	0	0	220	0	0	0	0	0	0	0	0	0	0	0	0	0	0	360	0	0	0	0	0	0	0	13	0	0	0	0	0	0	0	0	0	0	0	0	0	0	0	0	0	0	0	0	0	0	0	0	0	0	0	0	0	0	121	0	0	0	0	0	0	0	0	0	0	0	0	0	0	0	0	0	367	0	0	0	0	0	0	354	0	0	0
f20	0	0	98	8	50	3	0	2893	0	0	0	4373	155	9	0	0	3590	0	0	0	0	0	0	0	37	0	37	0	5	0	0	0	0	0	0	0	0	27	0	0	4	0	0	29	53	21442	0	0	0	0	0	0	0	0	1681	0	0	0	0	0	0	0	0	0	0	0	12	0	0	0	219	573	20	0	0	0	69	0	1679	0	295	0	0	4821	0	2016	30	1077	0	0	0	0	0	0	0	15	0	0	0	5772	0	0	463	297	175	0	0	0	0	225	0	538	0	133	0	10	0	0	0	0	7	0	0	0	0	25	0	0	0	0	0	8	0	0	3	0	0	0	20	0	0	30	0	0	174	0	11	0	0	0	0	0	0	20	5	0	0	0	0	666	0	0	86	0	0	0	0	0	0	0	45	0	0	0	0	0	0	0	27	0	50	0	0	0	0	0	0	0	0	0	0	0	0	31	0	0	0	0	0	0	0	0	0	0	0	0	0	0	56	0	0	46	0	0	0	0	0	0	37	0	37	0	0	112	0	0	0	0	22	91	28	0	0	503	4	0	0	0	0	0	0	0	0	0	0	0	0	0	154	0	0	0	0	0	0	0	0	0	0	0	0	0	79	0	0	0	0	0	0	0	0	0	0	0	0	0	0	0	0	0	0	0	11	0	0	0	0	523	0	0	0	0	0	0	0	0	0	0	0	0	0	0	0	0	0	1065	0	0	0	0	0	0	1202	0	0	0
f46	36	0	75	0	558	0	0	1627	0	0	0	211	185	656	25	0	558	0	0	0	0	0	18	93	92	0	258	13	35	22	0	0	35	0	0	0	143	57	994	0	95	0	0	0	0	19774	0	0	3	30	34	0	190	156	2384	0	122	0	4	0	106	10	0	0	38	33	355	3	0	0	519	227	6	223	0	0	0	57	1208	0	88	0	1805	1434	86	2543	50	265	131	13	310	0	79	0	0	101	38	8	0	3008	0	0	222	158	172	0	6	0	0	35	0	120	0	22	0	51	0	0	0	0	0	76	0	2239	6	0	0	9	0	0	0	0	12	8	4524	0	4	0	19	18	0	18	0	0	54	0	0	0	435	0	0	0	0	20	4	0	68	0	0	605	0	10	308	88	0	19	31	4	0	0	295	0	0	0	0	0	17	0	118	0	178	0	0	41	0	0	23	0	0	0	100	48	61	0	0	0	0	0	10	107	0	11	3	0	0	0	221	0	132	0	0	58	0	0	0	0	0	0	0	320	86	4	0	0	0	0	4	0	158	71	0	0	0	1444	3	0	0	46	0	0	16	0	0	0	0	0	0	6	109	210	43	0	5	243	0	0	6	66	9	56	0	0	16	0	0	0	47	0	0	13	0	53	22	0	0	10	0	17	0	3	0	1178	19	0	0	4	0	981	0	0	0	0	0	0	21	0	0	10	0	0	0	0	631	0	4	574	0	0	0	0	0	0	434	0	0	0
f47	0	0	31	0	3	0	0	1178	0	0	0	289	156	197	0	0	679	0	6	0	0	0	0	0	0	0	33	0	10	7	0	0	11	0	0	0	0	50	0	0	0	0	0	0	0	50029	0	0	0	0	0	0	0	0	3930	0	0	0	0	0	0	0	0	0	0	0	0	0	0	0	99	281	0	0	0	0	0	0	1028	0	67	0	0	1396	0	2325	13	160	0	0	0	0	0	0	0	0	0	0	0	457	0	0	190	143	256	0	0	0	0	176	0	85	0	49	0	79	0	0	0	0	0	0	0	14	0	0	0	0	0	0	0	2	0	0	24	0	0	0	0	0	0	22	0	0	43	0	0	0	9	0	0	0	0	15	3	0	0	0	0	698	0	0	377	0	0	0	0	0	0	0	124	0	0	0	0	0	0	0	11	0	124	0	0	0	0	14	0	0	0	0	0	0	0	9	0	0	0	0	10	0	0	0	0	0	0	0	72	0	127	0	4	47	3	0	0	0	0	0	0	0	941	0	0	3	0	0	0	0	0	0	0	0	0	1149	8	0	0	17	0	0	0	0	0	0	0	0	0	0	92	0	0	0	0	77	0	0	0	0	0	0	0	0	0	0	0	0	0	0	0	0	0	0	0	0	0	0	0	0	0	0	0	5	14	0	0	0	0	728	0	0	0	0	0	0	16	6	0	0	0	0	0	0	0	0	0	245	0	0	0	0	0	0	521	0	0	0
f48	158	0	33	0	60	0	0	1430	0	0	0	47	645	16	8	0	831	0	6	31	0	0	0	53	255	0	0	0	41	0	0	0	0	0	16	0	66	14	562	42	654	0	0	0	0	4433	0	0	0	21	5	0	836	312	6091	0	0	0	0	0	9	3342	24	0	0	0	0	0	0	0	93	134	0	20	0	73	0	1048	839	13	54	0	540	7062	0	303	173	224	65	153	690	0	29	0	19	91	13	0	0	229	0	0	0	230	0	0	0	0	0	9	0	0	0	0	0	0	0	0	0	0	0	24	0	228	0	0	14	0	0	0	0	0	56	0	263	0	0	0	0	36	0	0	0	0	0	0	0	0	3281	0	39	0	0	3	9	0	0	0	0	36	0	0	32	135	0	0	151	58	0	0	3620	0	0	0	0	0	0	0	104	0	41	0	0	3	0	0	0	0	0	0	3903	7	5	0	0	0	0	0	48	675	0	0	0	0	0	0	49	0	83	0	0	46	0	0	0	0	25	0	0	36	160	0	0	0	0	0	0	0	128	205	0	0	0	42	0	0	0	1610	0	0	0	0	0	0	0	0	0	25	37	0	0	0	0	54	0	0	0	0	0	66	0	0	0	0	0	0	0	0	0	0	0	48	21	0	0	5169	0	0	0	0	0	58	0	0	0	0	0	176	0	0	22	44	0	0	0	0	0	0	0	0	0	0	280	0	0	4845	34	7	0	0	0	0	54	0	0	0
f49	0	0	9	0	21	0	0	538	0	0	0	669	103	239	0	0	1112	0	0	0	0	0	0	0	0	0	34	0	0	0	0	0	27	0	0	0	0	76	0	0	0	0	0	0	14	75043	0	0	0	0	0	0	0	0	2078	0	0	0	0	0	0	0	0	3	0	0	0	0	0	0	129	227	0	0	0	0	0	0	570	0	29	0	0	1540	0	1610	0	122	0	0	0	0	0	0	2	21	0	0	0	1017	0	0	282	192	148	0	0	0	0	309	0	59	0	104	0	37	0	0	0	0	0	0	0	9	0	0	0	0	0	0	0	0	0	0	0	0	0	0	14	0	0	18	0	0	44	0	0	0	0	0	0	0	0	11	0	0	0	0	0	361	0	0	188	0	0	5	0	0	0	0	45	0	0	0	0	0	0	0	5	0	63	0	0	0	0	0	0	0	0	0	0	0	0	6	0	0	0	0	0	0	0	0	0	0	0	0	64	0	71	0	0	48	6	0	0	4	0	7	0	0	207	0	0	0	0	0	0	0	0	0	0	0	0	947	0	0	0	0	0	0	0	0	0	0	0	0	0	0	191	0	0	0	0	0	0	0	11	0	0	0	0	0	0	0	0	0	0	0	0	0	0	0	0	0	0	0	0	0	0	0	0	0	18	0	0	0	0	522	0	0	0	0	0	0	24	0	0	0	0	0	0	0	0	0	0	437	0	0	0	0	0	0	320	0	0	0
f50	0	0	0	0	0	0	0	546	0	0	0	173	26	22	0	0	198	0	16	0	0	0	0	0	0	0	6	0	0	0	0	0	0	0	0	0	0	6	0	0	0	0	0	0	0	54174	0	0	0	0	0	0	0	0	1292	0	0	0	0	0	0	0	0	0	0	0	0	0	0	0	19	35	0	0	0	0	0	0	135	0	18	0	0	295	0	414	0	38	0	0	0	0	0	0	0	4	0	0	0	297	0	0	49	45	60	0	17	0	0	132	0	0	0	19	0	6	0	0	0	0	0	0	0	0	0	0	0	0	0	0	0	0	0	0	0	0	0	0	0	0	0	0	0	0	5	0	0	0	0	0	0	0	0	0	0	0	0	0	0	161	0	0	64	0	0	0	0	0	0	0	8	0	0	0	0	0	0	0	0	0	33	0	0	0	0	0	0	0	0	0	0	0	0	0	0	0	0	0	0	0	0	0	0	0	0	0	15	0	18	0	0	9	0	0	0	18	0	0	0	0	80	0	0	0	0	0	0	0	0	0	0	0	0	204	0	0	0	0	0	0	0	0	0	0	0	0	0	0	23	0	0	0	0	0	0	0	0	0	0	0	0	0	0	0	0	0	0	0	0	0	0	0	0	0	0	0	0	0	0	0	0	0	0	0	0	0	0	174	0	0	0	0	0	0	0	0	0	0	0	0	0	0	0	0	0	111	0	0	0	0	0	0	87	0	0	0
f76	0	0	0	0	0	0	0	0	0	0	0	5347	18	0	0	0	2165	0	0	0	0	0	0	0	0	0	0	0	0	0	0	0	0	0	0	0	0	2	0	0	0	0	0	0	0	16260	0	0	0	0	0	0	0	0	658	0	0	0	0	0	0	0	0	0	0	0	0	0	0	0	47	30	0	0	0	0	0	0	60	0	11	0	0	1211	0	233	0	74	0	0	0	0	0	0	0	7	0	0	0	21931	0	0	0	0	0	0	0	0	0	1723	0	23	0	438	0	0	0	0	0	0	0	0	0	3	0	9	0	0	0	0	0	0	0	0	11	0	0	0	0	0	0	0	0	0	0	0	222	0	0	0	0	0	0	0	0	0	0	0	0	0	0	0	0	0	0	0	0	0	0	0	0	0	0	0	0	0	0	0	0	0	0	0	0	0	0	0	0	0	0	0	0	0	0	0	0	0	0	0	0	0	0	0	0	0	0	0	0	0	33	0	0	0	0	0	0	27	0	0	0	0	0	0	0	0	0	0	0	0	0	0	0	0	0	107	0	0	0	0	0	0	0	0	0	0	0	0	0	0	1032	0	0	0	0	0	0	0	6	0	0	0	0	0	0	0	0	0	0	0	0	0	0	0	0	0	0	0	0	0	0	0	0	0	0	0	0	0	0	78	0	0	0	0	0	0	0	0	0	0	0	0	0	0	0	0	0	0	0	0	0	0	0	0	0	0	0	0
f77	0	0	0	0	10	0	0	129	0	0	0	2704	39	13	0	0	3834	0	0	0	0	0	0	0	0	0	0	0	14	3	0	0	0	0	0	0	0	8	32	0	58	0	0	0	0	23038	0	0	0	0	0	0	67	115	1250	0	0	0	0	0	10	0	0	0	0	0	25	0	0	0	124	216	0	18	0	0	0	7	187	0	26	0	117	2251	11	618	0	314	24	0	12	0	0	0	0	18	3	0	0	8143	0	0	12	37	26	0	0	0	0	876	0	57	0	320	0	0	0	0	0	0	8	0	0	49	0	21	0	0	0	0	0	0	0	0	368	0	0	3	0	0	0	0	0	0	16	0	358	0	43	0	0	0	0	0	3	0	3	0	0	0	0	0	41	15	0	0	0	0	0	0	111	0	0	0	0	0	0	0	13	0	0	0	0	0	0	0	0	0	0	0	7	0	0	0	0	0	0	0	0	13	0	0	0	0	0	0	5	0	62	0	0	16	0	0	0	12	0	0	19	22	0	0	0	0	0	0	0	0	0	30	0	2	0	241	0	0	0	0	0	0	0	0	0	0	0	0	0	0	365	15	0	0	8	0	0	0	0	0	0	12	0	0	23	0	0	0	0	0	0	0	0	5	0	0	0	0	0	0	0	0	0	111	0	0	0	9	0	370	0	0	0	0	0	0	0	0	0	0	0	0	0	0	178	0	0	10	0	4	0	0	0	0	28	0	0	0
f78	0	0	0	0	0	0	0	0	0	0	0	5303	31	0	0	0	845	0	0	0	0	0	0	0	0	0	0	0	0	3	0	0	0	0	0	0	0	7	0	0	0	0	0	0	0	26053	0	0	0	0	0	0	0	0	497	0	0	0	0	0	0	0	0	0	0	0	0	0	0	0	115	121	0	0	0	0	0	0	175	0	13	0	0	2875	0	402	0	343	0	0	0	0	0	0	0	7	0	0	0	17466	0	0	0	65	21	0	0	0	0	263	0	23	0	159	0	0	0	0	0	0	7	0	0	0	0	20	0	0	0	0	0	0	0	0	22	0	0	0	0	0	0	0	0	0	0	0	357	0	0	0	0	0	0	0	5	0	0	0	0	0	0	0	0	0	0	0	0	0	0	0	7	0	0	0	0	0	0	0	0	0	0	0	0	0	0	0	0	0	0	0	0	0	0	0	0	0	0	0	0	0	0	0	0	0	0	0	0	0	53	0	0	12	0	0	0	22	0	0	0	0	0	0	0	0	0	0	0	0	0	0	0	0	0	118	0	0	0	0	0	0	0	0	0	0	0	0	0	0	231	0	0	0	0	0	0	0	0	0	0	0	0	0	0	0	0	0	0	0	0	0	0	0	0	0	0	0	0	0	0	0	0	0	0	0	0	8	0	294	0	0	0	0	0	0	0	0	0	0	0	0	0	0	0	0	0	3	4	0	0	0	0	0	0	0	0	0
f79	0	0	0	0	0	0	0	0	0	0	0	8101	23	0	0	0	6997	0	0	0	0	0	0	0	0	0	0	0	0	12	0	0	0	0	0	0	0	9	0	0	0	0	0	0	0	10369	0	0	0	0	0	0	0	0	987	0	0	0	0	0	0	0	0	0	0	0	0	0	0	0	146	249	0	0	0	0	0	0	158	0	29	0	0	6266	0	698	0	167	0	0	0	0	0	0	0	20	0	0	0	16126	0	0	0	107	25	0	0	0	0	313	0	28	0	103	0	0	0	0	0	0	0	0	0	0	0	101	0	0	0	0	0	0	0	0	134	0	0	7	0	0	0	0	0	0	0	0	841	0	0	0	0	0	0	0	0	0	0	0	0	0	0	0	0	14	0	0	0	0	0	0	34	0	0	0	0	0	0	0	7	0	0	0	0	0	0	0	0	0	0	0	0	0	0	4	0	0	0	0	0	0	0	0	0	0	0	0	0	0	125	0	0	11	0	0	0	14	0	0	0	0	0	0	0	0	0	0	0	0	0	0	0	0	0	201	0	0	0	0	0	0	0	0	0	0	0	0	0	0	2784	6	0	0	0	0	0	0	0	0	0	0	0	0	0	0	0	0	0	0	0	0	0	0	0	0	0	0	0	0	0	0	0	0	0	0	0	10	0	289	0	0	0	0	0	0	0	0	0	0	0	0	0	0	0	0	0	0	6	0	0	0	0	0	0	0	0	0
f80	7	0	37	0	261	0	0	1680	0	0	0	2197	449	528	0	0	1928	0	5	0	0	0	0	28	0	0	77	7	22	9	0	0	0	0	0	0	82	36	178	0	25	16	0	0	0	23891	0	0	0	9	0	0	115	140	1472	0	0	0	0	0	57	18	0	0	0	0	65	0	0	0	378	201	22	117	0	0	0	8	342	0	72	0	662	1778	22	927	41	227	40	0	141	0	3	0	0	54	28	0	0	9539	12	0	36	113	112	0	5	0	0	563	13	53	0	156	0	11	0	0	0	0	0	15	0	655	0	26	0	0	0	0	0	0	0	0	2700	0	0	0	2	0	0	0	0	0	37	0	284	0	333	0	0	0	0	5	3	0	0	0	0	153	0	0	138	71	0	0	43	0	0	0	93	0	0	0	0	0	0	0	19	0	81	0	0	6	0	0	4	0	0	0	153	7	5	0	0	0	0	0	0	49	0	0	0	7	0	0	87	0	57	0	0	22	0	0	4	21	0	0	0	85	55	0	0	0	0	0	9	0	160	38	0	0	0	459	0	7	0	59	0	0	0	0	0	0	0	0	0	8	257	272	13	0	5	110	0	0	0	0	0	25	0	0	0	0	0	0	11	0	0	9	0	9	11	0	0	0	0	10	0	0	0	1398	4	0	0	0	0	442	0	0	0	0	2	0	16	0	0	0	0	0	0	0	252	0	0	146	0	0	0	0	0	0	127	0	0	0
f106	0	21	207	21	176	7	0	673	0	27	0	657	1085	108	0	0	1856	0	0	0	0	0	0	0	0	7	146	0	30	22	0	0	0	0	0	0	0	8	2157	0	0	0	0	18	577	37891	0	0	0	0	0	0	0	0	5677	0	0	0	0	0	0	0	0	49	0	7	15	0	0	151	256	271	31	0	0	0	0	0	458	0	114	0	0	1871	0	1779	113	442	0	0	456	0	0	0	0	162	0	0	0	4182	0	0	615	428	159	0	0	0	0	202	0	60	0	551	0	0	0	0	4	0	0	0	7	101	0	33	0	0	0	0	0	64	0	0	6	0	0	0	70	0	0	38	96	0	234	0	0	0	0	0	0	0	0	54	7	0	0	0	0	125	0	0	23	0	22	10	0	0	0	0	244	8	0	0	0	0	0	0	32	0	32	0	0	0	17	0	0	0	0	0	201	0	0	133	0	0	0	0	0	0	0	0	0	0	14	0	15	0	45	0	0	44	0	0	165	19	0	7	0	0	0	0	0	25	0	0	0	0	86	105	0	0	0	237	0	0	0	112	0	0	0	561	0	0	3	0	86	0	25	0	0	0	0	0	0	0	0	0	0	0	25	0	47	0	8	7	0	0	0	0	11	0	0	0	0	0	10	0	0	0	0	0	77	0	0	5	0	412	0	0	0	0	0	0	0	0	0	0	0	0	0	0	0	0	0	322	0	0	0	0	0	0	254	0	0	0
f107	0	0	7	0	0	0	0	183	0	0	0	149	97	0	0	0	559	0	0	0	0	0	0	0	0	0	0	0	3	0	0	0	0	0	0	0	0	0	44	0	0	0	0	8	21	83511	0	0	0	0	0	0	0	0	4039	0	0	0	0	0	0	0	0	0	0	0	8	0	0	6	34	17	0	0	0	0	0	0	42	0	14	6	0	563	0	91	0	28	0	0	133	0	0	0	0	0	0	0	0	380	0	0	51	20	0	0	7	0	0	89	0	0	0	174	0	0	0	0	5	0	0	0	0	0	0	0	0	0	0	0	0	0	0	0	6	0	0	0	0	0	0	0	0	0	7	0	0	0	15	0	0	0	0	0	0	0	0	10	0	0	0	0	0	0	0	0	0	0	0	0	71	0	0	0	0	0	0	0	0	0	0	0	0	0	0	0	0	0	0	0	24	0	0	0	0	0	0	0	0	0	0	2	0	0	0	0	2	0	0	0	0	0	0	0	7	0	0	0	21	0	0	0	0	0	0	0	0	0	0	0	0	0	0	0	0	0	0	0	0	0	0	32	0	0	0	0	0	0	13	0	0	0	0	0	0	0	0	0	0	0	0	0	0	0	0	0	0	0	0	0	0	0	0	0	0	0	18	0	0	0	0	0	0	3	0	0	0	13	0	0	64	0	0	0	0	0	0	0	0	0	0	0	0	0	0	272	0	0	0	0	0	0	29	0	0	0
f108	0	0	77	0	19	2	0	176	0	6	0	247	106	5	0	0	1125	0	0	0	0	0	0	0	0	0	20	0	0	2	0	0	0	0	0	0	0	4	263	0	0	0	0	10	157	58065	0	0	0	0	0	0	0	0	1706	0	0	0	0	0	0	0	0	6	0	4	0	0	0	0	111	38	0	0	0	0	0	0	86	0	18	3	0	223	0	306	8	95	0	0	71	0	0	0	0	0	0	0	0	4016	0	0	135	52	9	0	0	0	0	92	0	14	0	371	0	0	0	0	4	0	0	0	0	9	0	12	0	0	0	0	0	11	0	0	0	0	0	0	0	0	0	0	15	0	27	0	0	0	0	0	0	0	0	8	3	0	0	35	0	42	0	0	0	0	7	0	0	0	0	0	29	0	0	0	0	0	0	0	12	0	23	0	0	0	0	0	0	0	0	0	27	0	0	9	0	0	0	0	0	0	0	0	0	0	36	0	0	0	9	0	0	23	0	0	15	9	0	0	0	0	5	0	0	0	0	0	0	0	0	0	0	0	0	72	0	0	0	21	0	0	0	107	0	0	0	0	33	0	15	0	0	0	0	0	0	0	0	0	0	0	0	0	0	0	0	0	0	0	0	0	0	0	0	0	0	0	16	0	0	0	0	0	12	0	0	0	0	122	0	0	0	0	0	0	0	0	0	0	0	0	0	0	0	0	0	126	0	0	0	0	0	0	77	0	0	0
f109	0	0	0	0	0	0	0	60	0	0	0	66	17	0	0	0	547	0	71	0	0	0	0	0	0	0	6	0	0	0	0	0	0	0	0	0	0	0	51	0	0	0	0	11	16	71459	0	0	0	0	0	0	0	0	1448	0	0	0	0	0	0	0	0	0	0	0	0	0	0	0	116	10	0	0	0	0	0	0	9	0	0	2	0	298	0	70	0	0	0	0	88	0	0	0	0	0	0	0	0	773	0	0	64	6	41	0	0	0	0	59	237	0	0	117	0	0	0	0	3	0	0	0	0	0	0	0	0	0	0	0	0	0	0	0	0	0	0	0	0	0	0	0	0	0	0	0	0	0	0	0	0	0	0	0	0	0	0	0	0	0	0	0	0	0	0	0	0	0	0	0	92	0	0	0	0	0	0	0	0	0	0	0	0	0	0	0	0	0	0	0	0	0	0	0	0	0	0	0	0	8	0	0	0	0	0	0	0	0	0	0	0	0	0	0	0	0	0	0	8	0	0	0	0	0	0	0	0	0	0	8	0	0	0	0	0	0	0	0	0	0	0	28	0	0	0	0	0	0	14	0	0	0	0	0	0	0	0	0	0	0	0	0	0	0	0	0	0	0	0	0	0	0	0	0	0	0	0	0	0	0	0	0	0	0	0	0	0	12	0	0	23	0	0	0	0	0	0	0	0	0	0	0	0	0	0	98	5	0	0	0	0	0	0	0	0	0
f110	0	3	0	0	0	0	0	41	0	0	0	132	0	0	0	0	1710	0	24	0	0	0	0	9	25	0	0	0	0	0	0	0	0	0	0	0	0	0	19	0	0	0	0	0	0	62793	0	0	0	0	0	0	0	0	1569	0	0	0	0	0	0	0	0	0	0	0	6	0	0	0	143	2	0	0	0	0	0	0	19	0	9	3	6	246	0	82	0	10	0	0	76	0	0	0	0	0	0	0	0	998	0	0	72	7	0	0	0	0	2	56	0	0	0	737	0	0	0	0	0	0	0	0	0	13	0	0	0	0	0	0	0	0	0	0	0	0	0	0	0	0	0	0	4	0	5	0	0	0	7	0	0	0	0	0	0	0	0	28	0	0	0	0	0	3	0	0	0	0	0	0	25	0	0	0	0	0	0	0	4	0	3	0	0	0	0	0	0	0	0	0	5	0	0	0	0	0	0	0	0	6	0	0	0	0	0	0	0	0	7	0	0	0	0	0	5	7	0	0	15	0	0	0	0	0	0	0	0	0	0	0	0	0	0	0	0	0	0	0	0	0	2	26	0	0	0	0	0	0	21	0	0	0	0	0	0	0	0	0	0	0	0	0	0	0	0	0	0	0	0	0	0	0	0	0	0	0	0	0	0	0	0	4	0	0	0	0	0	15	0	0	29	0	0	0	0	0	0	0	0	0	0	0	20	0	0	76	0	0	0	0	0	0	26	0	0	0
f138	7	0	1423	19	135	3	0	890	0	21	0	17	222	96	0	0	536	0	0	0	0	0	0	8	0	0	102	0	13	0	0	0	53	0	0	0	0	42	437	0	133	0	0	292	117	32191	62	0	0	29	42	0	173	0	22817	0	0	0	25	0	6	0	0	0	0	35	21	0	0	13	88	65	40	23	0	0	12	0	225	0	257	0	692	393	18	623	155	125	41	4	282	0	0	0	0	101	0	6	0	255	0	12	50	30	92	0	0	0	0	51	0	87	0	20	0	0	0	0	11	0	15	2	0	168	0	0	0	0	0	0	0	0	0	0	1264	0	0	12	53	0	0	9	56	0	95	0	0	5	0	0	18	0	0	47	4	0	0	0	27	51	0	0	25	13	27	34	8	0	0	0	65	0	0	0	0	0	39	0	19	0	54	0	0	0	16	0	0	0	0	0	33	0	25	72	41	0	0	0	0	126	0	9	0	0	6	0	10	0	181	0	10	0	0	0	49	8	0	24	0	39	0	0	0	70	0	0	0	0	0	199	0	0	0	135	0	0	0	56	44	3	0	77	0	0	0	0	50	0	11	21	0	0	0	0	0	0	0	0	0	33	0	0	0	0	0	0	0	0	0	0	6	0	0	0	5	0	0	0	0	0	0	88	42	0	0	5	0	314	0	0	571	0	0	0	0	14	0	6	0	0	0	0	314	0	10	645	0	0	0	0	0	0	89	0	0	0
f139	0	0	1346	14	62	0	0	269	0	14	0	0	112	83	0	0	99	0	15	0	0	0	0	0	0	0	42	0	0	9	0	0	70	0	0	0	0	58	10	0	3	0	0	283	0	51648	0	0	0	7	0	0	0	0	11460	0	0	0	6	0	0	0	0	0	0	28	0	0	0	22	12	37	23	0	0	0	18	0	116	0	126	0	5	163	0	248	22	74	0	0	104	0	0	0	0	37	0	0	0	205	0	0	0	0	57	0	0	0	0	40	6	81	0	0	0	0	0	0	0	0	6	0	0	0	0	0	0	0	0	0	0	8	0	0	0	0	0	13	30	0	0	22	23	0	22	0	0	0	0	0	69	0	0	18	9	0	0	0	13	25	0	0	15	0	7	23	0	0	0	0	0	0	0	0	0	0	0	0	5	0	0	0	0	0	0	0	0	0	0	0	0	0	0	48	0	0	0	0	0	8	0	0	0	0	0	0	0	0	110	0	0	3	0	0	25	9	0	16	0	0	0	0	0	48	0	0	0	0	0	56	0	0	0	74	0	0	0	10	0	3	0	5	0	0	0	0	0	0	0	0	0	0	0	0	0	0	0	0	0	0	0	0	0	0	0	0	0	0	0	0	0	0	0	0	0	18	0	0	0	0	0	0	13	0	0	5	0	190	0	0	198	0	0	0	0	0	0	0	0	0	0	0	0	0	0	235	0	0	0	0	0	0	19	0	0	0
f140	0	0	0	0	0	0	0	0	0	0	0	6	0	0	0	0	15	0	16	0	0	0	0	0	0	0	0	0	0	0	0	0	0	0	64	0	0	0	0	16	0	0	0	0	0	1124	0	0	0	0	0	0	0	0	49	0	0	0	0	0	0	0	0	0	0	0	0	0	0	0	0	0	0	0	0	0	0	0	9	0	0	0	0	0	0	93	0	0	0	0	0	0	0	0	0	0	0	0	0	207	0	0	0	0	0	0	0	0	0	2	2923	0	0	0	0	0	0	0	0	0	0	0	0	0	0	0	0	0	0	0	0	0	44	0	0	0	0	0	0	0	0	0	0	0	0	0	0	0	0	0	0	0	0	0	17	0	0	0	0	0	0	0	0	0	0	0	0	0	0	0	0	0	0	0	0	0	0	0	0	0	0	0	0	0	0	0	0	0	0	62	0	0	0	0	0	0	0	0	24	0	0	0	0	0	0	0	0	0	7	84	0	0	0	43	0	9	0	0	0	0	0	0	0	0	0	5	0	0	0	0	0	0	118	0	18	0	0	0	0	0	0	0	0	0	0	0	0	0	12	0	0	0	0	0	0	0	0	0	0	0	0	0	0	0	0	0	0	0	0	0	0	0	0	0	0	3	0	0	0	0	0	0	0	0	0	0	0	0	0	0	0	0	0	0	0	0	0	0	0	0	0	0	0	0	0	0	20	0	0	0	0	0	0	0	11	0
f166	2	8	34	0	18	0	0	8	0	0	0	382	31	0	0	0	639	0	0	0	0	0	0	7	0	0	0	0	0	0	0	0	8	0	0	0	0	0	14	0	0	0	0	14	0	18566	0	0	0	27	0	0	36	0	681	0	0	0	0	0	0	0	0	5	0	0	0	0	0	57	110	51	9	5	0	0	0	21	66	0	0	0	3	117	0	89	13	0	2	2	7	0	0	0	0	43	0	0	0	29399	0	0	10	29	7	0	0	0	0	33	0	6	0	1321	0	0	0	0	0	0	0	0	0	21	0	14	0	0	0	0	0	0	0	0	85	0	0	4	2	0	0	0	0	0	5	0	0	0	0	0	0	0	0	0	0	0	0	2	0	0	0	0	0	0	0	0	0	0	0	0	95	0	0	0	0	0	0	0	21	0	0	0	0	0	0	0	0	0	0	0	8	0	0	0	0	0	0	0	0	34	0	0	0	0	0	0	0	0	7	0	0	0	0	0	9	6	0	0	0	2	0	0	0	4	0	0	0	0	0	16	0	0	0	0	0	0	0	0	0	0	0	0	0	0	0	0	0	0	28	0	0	0	0	0	0	0	5	0	0	0	0	0	5	0	0	0	0	0	0	0	0	0	0	0	0	20	0	0	0	0	0	0	2	0	0	6	0	9	0	0	9	0	0	0	0	0	0	0	0	0	0	0	16	0	0	8	0	0	0	0	0	0	0	0	0	0
f167	0	14	12	0	0	0	0	0	0	0	0	437	84	5	0	0	510	0	19	0	0	0	0	0	0	0	0	0	0	0	0	0	0	0	0	0	0	0	18	0	0	0	0	5	19	29870	0	0	0	0	0	0	0	0	1279	0	0	0	0	0	0	0	0	4	0	0	0	0	0	117	249	70	0	0	0	0	8	0	171	0	0	0	0	120	0	119	20	0	0	0	0	0	0	0	0	123	0	0	0	31390	0	0	9	94	8	0	0	0	0	93	0	24	0	1039	0	0	0	0	0	0	0	0	0	27	0	17	0	0	0	0	0	0	0	0	0	0	0	0	0	0	0	0	0	0	0	0	0	0	0	0	0	0	0	0	0	0	0	0	5	0	0	0	0	0	3	0	0	0	0	0	112	0	0	0	0	0	0	0	0	0	0	0	0	0	0	0	0	0	0	0	0	0	0	0	0	0	0	0	0	0	0	0	0	0	0	0	0	0	0	0	0	0	0	0	14	0	0	4	0	0	0	0	0	12	0	0	0	0	3	0	0	0	0	0	0	0	0	0	0	0	0	17	0	0	0	0	0	0	32	0	0	0	0	0	0	0	0	0	0	0	0	0	0	0	0	0	0	0	0	0	0	0	0	0	0	0	0	0	0	0	0	0	0	0	0	9	0	25	0	0	0	0	0	0	0	0	0	0	0	0	0	0	0	0	0	0	0	0	0	0	0	0	14	0	0	0
f168	0	0	0	0	3	0	0	0	0	0	0	366	32	0	0	0	510	0	0	0	0	0	0	0	0	0	0	0	0	0	0	0	0	0	0	0	0	0	0	0	0	0	0	2	0	48248	0	0	0	0	0	0	0	0	2296	0	0	0	0	0	0	0	0	0	0	0	0	0	0	18	162	23	0	0	0	0	0	0	60	0	0	0	7	105	0	90	8	0	0	0	0	3	0	18	0	26	0	0	0	3524	0	0	0	25	0	0	0	0	0	37	0	0	0	802	0	0	0	0	0	0	0	0	0	0	0	12	0	0	0	0	0	0	0	0	0	0	0	0	0	0	0	0	0	0	0	0	0	0	9	0	0	0	0	0	0	0	0	0	0	0	0	0	0	0	0	0	0	0	0	0	155	0	0	0	0	0	0	0	0	0	0	0	0	0	0	0	0	0	0	0	0	0	0	0	4	0	0	0	0	0	0	0	0	0	0	0	0	0	22	0	0	0	0	0	0	0	0	0	0	0	0	0	0	0	0	0	0	0	0	0	0	0	0	0	0	0	0	0	0	0	0	0	0	0	0	0	0	0	32	0	0	0	0	0	0	0	12	0	0	0	0	0	0	0	0	0	0	0	0	0	0	0	0	0	0	22	19	0	0	0	0	0	0	0	0	2	0	10	0	0	10	0	0	0	0	0	0	0	0	0	0	0	0	0	0	0	0	0	0	0	0	0	0	0	0	0
f169	0	6	0	0	0	0	0	0	0	0	0	117	30	0	0	0	431	0	0	0	0	0	0	0	0	0	0	0	0	0	0	0	0	0	0	0	0	0	0	0	0	0	0	5	0	15066	0	0	0	0	0	0	0	0	352	0	0	0	0	0	0	0	0	0	0	0	0	0	0	23	94	4	0	0	0	0	0	0	49	0	0	0	0	70	0	60	4	0	0	0	0	0	0	18	0	22	0	0	0	25316	0	0	9	18	5	0	0	0	0	52	0	0	0	767	0	0	0	0	0	0	0	0	0	7	0	8	0	0	0	0	0	0	0	0	0	0	0	0	0	0	0	0	0	0	0	0	0	0	0	0	0	0	0	0	0	0	0	0	0	2	0	0	0	0	0	0	0	0	0	0	0	0	0	0	0	0	0	0	3	0	0	0	0	0	0	0	0	0	0	0	0	0	0	0	0	0	0	0	0	0	0	0	0	0	0	0	0	0	23	0	0	0	0	0	0	0	0	0	0	0	0	0	0	0	0	0	0	0	0	0	0	0	0	0	0	0	0	0	0	2	0	0	0	0	0	0	0	0	30	0	0	0	0	0	0	0	14	0	0	0	0	0	0	0	0	0	0	0	0	0	0	0	0	0	0	0	0	0	0	0	0	0	0	0	0	0	0	0	0	0	0	0	0	0	0	0	0	0	0	0	0	0	0	0	0	0	0	0	0	0	0	0	0	0	0	0
f170	0	5	12	0	0	0	0	0	0	0	0	180	13	0	0	0	495	0	0	0	0	0	0	0	0	0	0	0	0	0	0	0	0	0	0	0	0	0	9	0	0	0	0	2	5	40175	0	0	0	0	0	0	0	0	1533	0	0	0	0	0	0	0	0	0	0	0	0	0	0	29	147	33	5	0	0	0	0	0	70	0	0	0	0	97	0	110	0	0	0	0	0	0	0	19	0	42	0	0	0	17078	0	0	6	35	0	0	0	0	0	25	0	14	0	625	0	0	0	0	0	0	0	0	0	0	0	6	0	0	0	0	0	0	0	0	0	0	0	0	0	0	0	0	0	0	0	0	0	0	0	0	0	0	0	0	3	0	0	0	0	0	0	0	0	0	0	0	0	0	0	0	88	0	0	0	0	0	0	0	0	0	0	0	0	0	0	0	0	0	0	0	0	0	0	0	0	0	0	0	0	0	0	0	0	0	0	0	0	0	19	0	0	0	0	0	0	0	0	0	0	0	0	0	0	0	0	0	0	0	0	0	0	0	0	0	0	0	0	0	0	0	0	0	0	0	0	0	0	0	28	0	0	0	0	0	0	0	11	0	0	0	0	0	0	0	0	0	0	0	0	0	0	0	0	0	0	4	0	0	0	0	0	0	0	0	0	0	0	12	0	0	0	0	0	0	0	0	0	0	0	0	0	0	0	0	0	0	0	0	0	0	0	0	14	0	0	0
f21	4	0	259	0	81	0	0	258	0	0	0	975	44	14	96	0	875	0	0	0	4	0	24	39	24	0	163	3	21	0	0	0	0	0	0	0	138	11	30	0	419	17	0	12	0	42715	0	19	0	37	2	0	69	10075	382	0	0	0	0	12	5	4	115	0	19	0	113	0	0	0	55	70	55	202	0	0	0	61	438	0	125	0	4439	575	135	648	0	355	226	0	788	0	14	0	0	14	0	0	0	7351	40	0	80	16	77	37	0	32	0	88	0	98	0	156	0	0	0	0	0	0	0	13	0	80	0	8	0	22	0	0	3	0	12	0	32	0	13	0	33	0	0	0	0	0	25	0	0	0	39	0	0	0	0	5	20	0	0	0	0	171	0	4	66	38	0	0	440	180	3	0	7	0	0	0	0	0	32	0	347	0	0	0	0	28	0	0	9	8	0	0	0	0	0	0	0	0	0	0	0	16	0	12	5	0	0	0	8	0	28	0	2	46	0	0	0	0	0	0	31	109	8	0	0	34	0	0	23	0	7	862	0	0	0	131	2	0	0	0	0	0	13	0	0	28	0	0	0	96	143	18	0	0	0	0	0	0	0	0	0	52	0	0	30	0	0	0	0	0	0	10	0	0	0	0	84	11	0	0	49	0	0	0	0	0	0	2	0	168	0	0	0	0	0	0	0	0	0	0	0	0	37	0	1167	0	4	453	0	0	0	0	0	0	129	0	0	0
f22	0	0	0	0	0	0	0	37	0	0	0	1467	6	0	0	0	1210	0	0	0	0	0	0	0	0	24	0	0	0	0	0	0	0	0	0	27	0	0	0	0	0	0	0	0	0	81769	0	0	0	0	0	0	0	6	81	0	0	0	0	0	0	0	0	0	0	0	0	0	0	0	61	0	17	0	0	0	0	0	27	0	0	0	29	126	0	84	8	0	45	0	0	0	0	0	35	0	0	0	0	2529	0	0	10	8	0	0	0	0	0	55	0	0	0	35	0	0	0	0	0	0	0	0	0	0	0	0	0	0	0	0	0	0	73	0	0	0	0	0	0	0	0	0	0	0	0	0	0	0	30	0	0	0	0	0	44	0	0	0	0	0	0	0	10	0	0	0	0	0	0	0	0	0	0	0	0	0	0	0	0	0	0	0	0	0	0	0	0	0	0	0	0	0	0	0	0	0	0	0	40	6	0	0	0	0	0	0	0	0	8	0	0	0	0	0	0	0	0	0	0	0	0	0	0	0	12	0	0	0	0	25	0	0	22	0	0	0	0	0	0	0	0	0	0	0	0	0	0	0	160	0	0	0	0	0	0	0	0	0	0	0	0	0	0	0	0	0	0	0	0	0	0	0	0	0	0	23	0	0	0	0	0	2	0	0	0	0	0	0	0	0	0	0	0	0	0	0	0	0	0	0	0	0	0	0	0	85	136	0	0	0	0	0	0	0	0	0
f23	0	0	0	0	0	0	0	507	0	0	0	3266	25	0	0	0	1496	0	0	0	0	0	0	0	0	0	0	0	0	0	0	0	0	0	0	0	0	5	0	0	0	0	0	12	18	65482	0	0	0	0	0	0	0	0	151	0	0	0	0	0	0	0	0	0	0	0	0	0	0	0	72	38	0	0	0	0	0	0	177	0	25	0	39	349	0	248	0	147	0	0	0	0	0	0	0	0	0	0	0	19041	0	0	131	10	40	0	0	0	0	181	0	59	0	169	0	5	0	0	0	0	0	0	0	0	0	0	0	0	0	0	0	0	0	0	0	0	0	0	0	0	0	0	0	0	12	0	0	0	5	0	0	0	0	5	0	0	0	0	0	58	0	0	19	0	0	0	0	0	0	0	0	0	0	0	0	0	0	0	0	0	0	0	0	0	0	0	0	0	0	0	0	0	0	0	0	0	0	0	0	0	0	0	0	0	0	0	0	0	8	0	0	0	0	0	0	0	0	0	0	0	0	0	0	16	0	0	0	0	3	0	3	0	0	68	0	0	0	0	0	0	0	0	0	0	0	0	0	0	391	3	0	0	0	0	0	0	0	0	0	0	0	0	0	0	0	0	0	0	0	0	0	0	0	0	0	4	0	0	0	0	0	0	0	0	0	0	0	21	0	0	0	0	0	0	0	0	0	0	0	0	0	0	0	0	0	223	0	0	0	0	0	0	233	0	0	0
f24	0	0	1083	71	366	13	0	2161	0	0	84	328	488	163	14	0	2616	49	0	4	0	51	0	560	44	0	147	138	72	30	0	0	166	0	0	0	99	540	379	0	709	0	9	0	1347	2192	0	0	52	303	392	6	1009	190	587	0	0	15	52	25	17	133	275	23	4	855	0	0	0	102	115	1223	140	1931	0	164	210	1393	2484	11	248	0	432	2206	359	3254	73	776	164	152	669	127	0	0	0	291	9	74	3	1909	95	0	960	3426	115	9	0	229	0	25	0	760	0	42	0	0	0	3	0	5	39	17	0	415	8	193	35	0	0	4	0	128	0	8	291	0	9	0	39	94	0	0	0	0	161	29	28	0	4551	10	0	0	0	83	48	46	91	0	0	2062	0	0	59	167	0	207	830	15	0	0	394	83	5	0	0	4	0	0	79	0	39	0	0	26	449	22	7	11	27	0	35	78	35	1007	0	0	32	0	21	48	0	0	57	0	0	53	197	0	34	0	0	641	3	0	238	9	0	709	89	179	549	0	0	60	0	0	2011	0	118	628	0	0	0	1253	4	100	4	374	0	18	28	0	0	13	0	0	0	31	62	21	27	0	0	0	0	17	0	0	6	112	0	0	17	0	11	0	55	0	7	0	0	5	129	4	10	134	0	22	0	0	0	73	440	0	0	10	0	262	0	0	0	1053	0	0	21	0	0	0	0	3	0	0	943	0	186	501	3	8	31	13	7	0	588	4	0	9
f25	0	0	0	0	0	0	0	0	0	0	0	43	1477	0	0	0	0	0	0	0	0	0	0	0	1420	0	0	0	0	0	0	0	0	0	0	0	0	0	0	0	0	0	0	0	0	384	0	0	0	0	0	0	0	0	289	0	0	0	0	0	0	0	0	0	0	0	0	0	0	0	0	0	0	0	0	0	0	0	7	0	0	0	229	240	56	0	106	0	0	0	15	0	0	3	186	0	0	0	0	223	31	0	0	0	0	0	0	0	0	0	0	0	0	20	0	0	0	0	0	0	0	0	0	0	0	0	0	0	0	0	0	0	0	0	0	0	0	0	38	0	0	0	0	0	0	0	109	0	309	0	0	0	0	0	0	0	0	0	0	0	134	79	0	0	0	0	0	0	0	0	0	0	0	0	0	0	0	0	0	0	0	0	0	0	0	0	0	0	0	0	0	0	0	0	0	0	0	0	112	0	0	0	0	0	0	0	28	0	0	0	0	0	0	0	0	0	0	0	0	0	0	0	0	0	0	0	0	0	533	0	0	0	0	0	0	0	0	0	0	0	0	0	0	3185	0	0	0	0	13	0	0	93	0	0	0	0	0	26	0	0	0	0	0	0	0	0	0	0	0	0	0	0	0	0	0	396	0	0	688	0	0	0	0	0	0	0	0	0	0	0	0	0	0	0	0	0	0	0	0	0	0	243	0	0	0	0	43	0	0	0	0	0	0	0	0	0
f26	13	0	516	0	210	0	0	872	0	0	0	178	187	200	170	0	777	0	0	4	4	11	122	84	45	0	313	5	67	0	0	5	0	0	0	0	157	21	152	0	841	18	0	12	73	1583	0	0	0	115	21	0	1336	14873	572	0	0	0	143	8	26	22	137	0	91	35	334	0	15	365	539	208	87	657	0	11	9	125	905	25	249	0	9787	2267	212	1388	104	1226	661	38	1870	0	54	0	0	102	8	0	0	493	83	20	262	34	78	30	0	114	0	71	5	190	0	0	0	0	0	0	0	0	11	29	0	312	0	0	6	36	0	0	0	10	0	0	1131	0	24	4	32	14	0	0	0	0	56	0	0	0	280	5	0	0	0	14	20	0	0	0	0	451	0	25	232	114	0	0	1039	164	0	0	74	0	0	5	0	0	50	0	652	0	267	0	0	65	0	9	19	11	0	0	94	4	15	27	0	0	0	0	17	185	0	14	50	0	0	0	24	0	40	0	10	124	0	0	0	0	0	0	80	382	0	0	21	73	0	0	96	0	159	2450	0	0	0	225	9	10	0	75	0	0	0	0	0	19	0	0	0	191	21	70	22	0	0	48	0	0	0	14	8	194	0	0	103	0	0	0	41	3	0	9	0	24	28	0	189	28	0	14	29	10	0	100	8	0	0	0	0	213	0	0	0	24	0	0	0	0	0	0	0	0	7	0	2480	0	15	316	0	6	0	0	0	0	404	3	0	0
f27	0	0	201	0	141	0	0	1407	0	0	0	298	27	15	58	8	3529	0	0	5	0	0	127	0	0	29	160	132	84	0	0	0	0	0	0	0	53	0	3734	0	117	0	0	0	100	596	0	8	46	0	107	0	286	1293	84	0	0	0	71	0	0	0	282	33	0	0	0	0	30	0	385	81	0	118	0	17	27	0	8278	0	39	0	2018	871	226	2730	47	3109	94	0	1980	0	30	0	0	0	0	0	0	860	306	0	225	0	278	0	0	0	0	0	0	1024	0	0	0	0	0	0	0	0	0	0	0	1242	0	0	0	28	0	0	0	59	68	0	26	0	0	0	34	0	0	49	0	0	284	0	0	0	0	0	0	0	20	165	13	0	0	0	0	1151	0	0	76	44	30	0	539	0	0	0	3	0	0	0	0	0	0	0	91	0	133	0	0	0	0	0	0	31	0	0	167	112	387	0	0	0	0	0	109	0	0	0	0	0	0	0	0	0	180	0	0	0	0	0	0	0	0	0	0	566	0	0	0	167	0	0	0	0	18	659	0	0	0	196	0	0	0	104	0	0	0	0	0	0	0	0	0	0	25	49	0	0	0	0	0	0	6	0	0	0	0	0	0	0	0	0	79	0	0	0	0	24	0	0	64	0	0	0	0	0	0	12	19	0	0	0	0	699	0	0	0	0	0	0	0	0	0	8	0	0	0	0	1206	0	0	1644	19	0	0	0	0	0	1431	0	0	0
f28	0	0	31	0	50	0	0	1522	0	0	0	3738	23	48	0	0	1378	0	0	0	0	0	15	0	14	0	13	30	0	0	3	0	0	0	0	0	0	7	224	0	34	0	0	30	45	56875	0	0	0	20	11	0	228	788	934	0	0	0	48	0	15	0	34	0	0	0	0	0	0	0	484	113	0	128	0	0	0	41	552	0	61	0	220	2934	0	1247	11	533	18	0	109	0	0	0	0	0	3	0	0	12637	165	0	422	19	44	0	0	0	0	135	0	147	0	1087	0	0	0	0	0	0	5	2	0	39	0	19	0	0	0	0	0	0	0	0	8	0	0	0	11	0	0	4	0	0	95	0	0	0	41	0	0	0	0	0	0	0	0	0	0	268	0	0	12	63	0	0	196	0	0	0	66	0	0	0	0	0	0	0	22	0	17	0	0	3	0	0	5	0	0	0	0	0	13	12	0	0	0	0	4	0	0	0	0	0	0	0	0	0	27	0	0	10	0	0	0	0	0	0	0	19	21	0	0	21	0	0	0	0	0	117	0	0	0	236	0	0	0	0	0	0	0	0	0	0	0	0	0	0	268	19	0	0	0	0	0	0	0	0	0	0	0	0	0	0	3	0	0	0	0	0	0	0	0	0	0	0	0	0	0	0	0	8	15	0	0	8	0	99	0	0	0	0	0	0	0	0	0	0	0	0	0	0	568	0	0	270	0	0	0	0	0	0	576	0	0	0
f29	0	0	0	0	0	0	0	150	0	0	0	374	4	0	0	0	1855	0	5	0	0	0	0	0	0	0	0	0	0	0	0	0	0	0	3	0	0	7	0	0	0	0	0	8	0	81307	0	0	0	0	0	0	22	0	467	0	0	0	0	0	0	0	0	0	0	0	0	0	0	0	135	0	0	0	0	0	0	0	34	0	0	0	33	331	0	87	4	0	0	0	0	0	0	0	0	0	0	0	0	1542	0	0	111	3	0	0	0	0	0	116	0	9	0	56	0	0	0	0	0	0	0	0	0	0	0	0	0	0	0	0	0	0	0	0	0	0	0	0	0	0	0	0	0	0	0	0	0	0	7	0	0	0	0	0	0	0	0	0	0	32	0	0	0	0	0	0	0	0	0	0	0	0	0	0	0	0	0	0	0	0	0	0	0	0	0	0	0	0	0	0	0	0	0	0	0	0	0	0	0	0	0	0	0	0	0	0	0	0	0	0	0	0	0	0	0	0	0	0	0	0	24	0	0	3	0	0	0	2	0	0	0	0	0	0	0	0	0	0	0	0	0	0	0	0	0	0	0	0	803	0	0	0	0	0	0	0	0	0	0	0	0	0	0	0	0	0	0	0	0	0	0	0	0	0	0	0	0	0	0	0	0	0	0	0	0	0	0	3	0	0	0	0	0	0	0	0	0	0	0	0	0	0	3	0	0	63	0	0	0	0	0	0	72	0	0	0
f30	0	0	10	0	0	0	0	242	0	0	0	14344	0	8	0	0	350	0	19	0	0	0	0	0	0	0	0	0	0	0	0	0	0	0	0	0	0	5	0	0	0	0	0	0	0	45821	0	0	0	0	0	0	21	19	50	0	0	0	0	0	0	0	0	0	0	0	0	0	0	0	18	5	0	0	0	0	0	0	171	0	0	0	42	101	0	176	0	140	0	0	0	0	0	0	0	0	0	0	0	18970	0	0	147	0	0	3	0	0	0	56	0	65	0	450	0	0	0	0	0	0	0	0	0	0	0	0	0	0	0	0	0	0	0	0	16	0	0	0	0	0	0	0	0	0	20	0	0	0	15	0	0	0	0	0	0	0	0	0	0	62	0	0	0	0	0	0	0	0	0	0	0	0	0	0	0	0	0	0	0	0	0	0	0	0	0	0	0	0	0	0	7	0	0	0	0	0	0	3	2	0	0	0	0	0	0	0	0	0	15	0	0	5	0	0	0	0	0	0	0	0	0	0	0	14	0	0	0	0	0	0	0	0	0	51	0	0	0	0	0	0	0	0	0	0	0	0	0	0	695	6	0	0	0	0	0	0	0	0	0	0	0	0	0	0	0	0	0	0	0	0	0	0	0	0	0	0	0	0	0	0	0	0	0	0	0	0	0	4	0	0	0	0	0	0	0	0	0	0	0	0	0	0	6	0	0	17	0	0	0	0	0	0	178	0	0	0
f51	0	0	0	0	0	0	0	650	0	0	0	238	200	251	0	0	807	0	0	0	0	0	0	0	0	0	81	0	0	0	0	0	0	0	11	0	0	9	0	0	0	0	0	0	0	62298	0	0	0	0	0	0	351	0	1217	0	0	0	0	0	0	13	0	0	0	0	0	0	0	0	320	159	0	0	0	21	0	0	782	0	164	0	179	1183	0	1767	67	643	0	0	0	0	0	0	0	0	0	0	0	5860	55	0	50	0	96	0	0	0	0	44	0	37	0	106	0	0	0	0	0	0	0	0	0	0	0	0	0	0	0	0	0	57	17	0	190	0	0	0	19	0	0	31	0	0	147	0	0	0	93	0	3	0	0	0	0	0	0	0	0	194	0	0	264	0	0	17	0	0	0	0	1228	0	0	0	0	0	0	0	0	0	188	0	0	0	0	0	0	0	0	0	383	0	0	5	0	0	0	113	64	0	0	0	0	0	0	0	0	0	30	0	0	0	0	0	0	0	0	0	0	0	119	0	0	0	0	0	0	0	0	0	0	0	6	910	37	0	0	51	0	0	0	0	0	0	0	0	0	0	23	0	0	0	0	82	0	0	0	0	0	0	0	0	0	0	0	0	0	0	0	0	0	0	0	0	0	0	0	0	0	0	0	50	169	0	0	0	0	130	0	0	0	0	0	0	0	0	0	0	0	0	0	0	0	0	0	103	14	0	0	0	0	0	615	0	0	0
f81	4	0	173	0	146	0	12	1056	0	0	0	151	164	54	13	0	376	0	0	0	0	0	26	55	30	0	78	4	44	3	0	0	2	0	0	0	63	19	97	0	497	10	0	141	37	832	0	0	0	41	23	0	610	3131	237	0	0	9	0	0	0	62	36	0	35	65	126	0	0	8	333	186	116	180	0	75	0	110	731	0	464	0	4366	6034	46	961	39	563	154	41	456	0	24	0	0	99	5	0	155	338	83	0	71	0	54	8	0	47	0	19	0	127	0	24	6	19	0	0	0	16	0	0	0	78	0	0	0	3	0	0	2	15	10	11	394	0	0	0	22	9	0	9	0	3	35	4	0	0	25187	0	0	0	0	8	58	0	15	0	0	205	0	0	118	54	0	0	698	56	0	0	226	0	0	0	0	0	14	0	257	0	137	0	0	17	0	10	12	11	0	0	13	2	16	10	0	0	0	0	0	113	0	0	80	0	0	0	14	0	72	0	0	24	0	0	17	0	0	9	19	208	22	0	0	38	0	0	34	0	48	787	0	0	0	217	0	12	0	112	0	0	4	0	0	0	0	0	0	52	24	0	0	0	0	2	0	0	5	0	0	130	0	0	45	7	0	0	22	0	6	0	0	60	11	0	50	419	0	21	0	0	0	146	10	0	0	3	0	87	0	0	0	18	0	0	3	0	0	0	0	0	0	0	1186	0	0	92	0	0	0	0	0	0	318	0	0	0
f82	0	0	216	0	54	0	0	1268	0	0	0	1313	202	286	6	0	1519	0	0	0	0	28	17	19	67	0	133	0	22	6	0	0	3	0	0	0	45	25	102	0	463	0	0	21	87	20803	0	0	0	12	33	0	1540	2001	783	0	0	0	19	5	6	12	85	0	0	0	90	0	0	32	352	306	40	384	0	0	18	129	896	0	107	0	4431	2634	77	1435	24	748	106	33	435	0	20	6	0	34	27	0	0	3135	59	0	192	18	101	0	0	55	0	1110	0	252	0	54	0	0	0	0	0	0	9	8	0	57	0	43	0	0	0	0	0	23	0	0	3549	0	0	5	26	2	0	13	0	0	111	0	237	0	97	0	0	0	0	21	13	0	37	0	0	387	0	0	74	16	0	21	762	80	0	0	84	0	0	0	0	2	0	0	186	0	74	0	0	18	0	0	18	8	0	0	44	0	9	33	0	0	0	14	3	92	0	0	3	0	0	0	0	0	42	0	0	64	0	0	4	0	0	20	65	174	0	0	0	49	0	0	326	0	14	541	0	0	0	612	0	15	0	68	0	0	7	0	0	4	0	0	0	23	82	26	0	0	0	53	0	0	0	0	4	94	0	0	38	0	0	0	0	0	0	0	0	11	0	0	30	9	0	0	0	0	0	246	41	0	0	8	0	204	0	0	0	0	0	0	0	0	0	0	0	0	0	0	1542	0	0	177	0	0	0	0	0	0	484	0	0	0
f83	22	0	222	0	744	0	0	1018	0	0	0	934	835	75	101	0	913	0	0	0	0	5	111	128	22	0	186	0	105	5	0	0	0	0	0	0	397	38	85	53	891	0	0	0	0	10921	0	0	0	59	61	0	1218	8537	934	0	0	0	28	89	34	0	29	0	23	17	1009	0	0	167	324	294	16	1313	0	0	0	104	2432	0	321	0	7683	2653	657	1827	168	510	708	167	436	0	24	0	0	500	108	7	0	1632	0	0	41	37	185	0	9	47	14	161	5	65	0	85	0	0	0	0	0	0	0	113	0	340	0	11	0	3	0	0	0	6	0	0	2062	0	0	3	0	0	0	0	0	0	38	0	301	0	68	0	0	0	0	23	22	0	127	0	0	189	0	0	1578	596	0	0	548	238	0	0	28	0	0	0	0	0	140	0	799	0	605	0	0	33	0	46	28	11	0	0	31	4	92	0	0	0	0	0	3	51	0	173	0	14	0	0	310	0	60	0	15	177	0	0	0	0	0	0	107	837	0	0	16	6	0	0	50	0	27	505	0	8	0	523	10	52	0	130	0	0	0	0	0	0	0	0	0	49	95	19	0	0	0	30	0	0	0	0	20	164	0	0	185	0	0	3	23	0	9	0	0	117	10	0	74	0	0	56	0	0	0	1530	7	0	0	15	0	376	0	0	0	0	0	0	16	7	0	9	0	0	0	0	4092	0	0	69	0	6	0	0	0	0	119	0	0	0
f84	0	0	0	0	0	0	0	0	0	0	0	1812	38	0	0	0	1444	0	0	0	0	0	0	0	0	0	0	0	0	0	0	0	0	0	0	0	0	0	0	0	0	0	0	0	0	57750	0	0	0	0	0	0	12	0	462	0	0	0	0	0	0	0	0	0	0	0	0	0	0	0	188	44	0	0	0	0	0	0	43	0	12	0	0	1449	0	211	6	95	0	0	0	0	0	0	0	3	0	0	0	3785	0	0	0	19	5	0	0	0	0	5412	6	0	0	207	0	0	0	0	0	0	0	0	0	0	0	5	0	0	0	0	0	0	0	0	0	0	0	0	0	0	0	0	0	0	0	0	159	0	7	0	0	0	0	0	0	0	0	0	0	0	0	0	0	0	0	0	0	0	0	0	3	0	0	0	0	0	0	0	0	0	0	0	0	0	0	0	0	0	0	0	0	0	0	0	0	0	0	0	0	0	0	0	0	0	0	0	0	0	24	0	0	7	0	0	0	0	0	0	0	0	0	0	0	0	0	0	0	0	0	0	0	0	0	102	0	0	0	0	0	0	0	0	0	0	0	0	0	0	263	0	0	0	0	0	0	0	0	0	0	0	0	0	0	0	0	0	0	0	0	0	0	0	0	0	0	0	0	0	0	0	0	0	0	0	0	0	0	53	0	0	0	0	0	0	0	0	0	0	0	0	0	0	0	0	0	0	0	0	0	0	0	0	4	0	0	0
f85	0	0	0	0	0	0	0	89	0	0	0	1604	93	0	0	0	2787	0	0	0	0	0	0	0	0	0	0	0	5	0	0	0	0	0	0	0	0	0	0	0	0	0	0	4	0	72187	0	0	0	0	0	0	6	0	4041	0	0	0	0	0	0	0	0	0	0	0	0	0	0	0	275	99	0	0	0	0	0	0	94	0	25	0	9	922	0	849	0	146	0	0	0	0	0	9	0	0	0	0	0	4784	0	0	0	23	14	0	0	0	0	207	0	44	0	221	0	0	0	0	0	0	3	0	0	2	0	6	0	0	0	0	0	0	0	0	0	0	0	2	0	0	0	0	0	0	23	0	338	0	0	0	0	0	0	0	0	0	0	0	0	0	0	0	0	0	0	0	0	0	0	0	0	0	0	0	0	0	0	0	0	0	0	0	0	0	0	0	0	0	0	0	0	0	0	0	0	0	0	0	0	0	0	0	0	0	0	0	0	0	120	0	0	11	0	0	0	0	0	0	0	0	0	0	0	0	0	0	0	0	6	0	0	0	0	360	0	0	0	0	0	0	0	0	0	0	0	2	0	0	96	0	0	0	0	0	0	0	0	0	0	0	0	0	0	0	0	0	0	0	0	0	0	0	0	0	0	0	0	0	0	0	0	0	0	0	0	0	0	85	0	0	4	0	0	0	0	0	0	0	0	0	0	0	0	0	0	14	0	0	0	0	0	0	88	0	0	0
f86	0	0	0	0	0	0	0	30	0	0	0	4423	392	0	0	0	2659	0	0	0	0	7	0	0	28	0	4	0	0	0	0	0	0	0	0	0	0	18	0	0	0	0	0	0	0	49396	0	0	0	0	0	0	0	0	2653	0	0	3	0	0	0	0	0	0	0	0	0	0	0	6	278	320	0	0	0	0	0	2	415	0	101	0	53	16793	0	2050	81	508	0	0	0	0	0	7	0	34	0	0	0	3926	0	0	0	62	89	0	0	0	0	1483	0	121	0	155	0	0	0	0	0	0	11	0	0	0	0	20	0	0	0	0	0	22	0	0	0	0	0	0	6	0	0	0	0	0	26	0	1226	0	0	0	0	0	0	0	20	0	0	0	0	25	0	12	34	0	0	0	0	0	0	0	4	0	0	0	0	0	0	0	5	0	23	0	0	0	0	0	0	0	0	0	0	0	0	6	0	0	0	0	0	0	0	0	0	8	0	0	0	0	195	0	0	33	0	0	0	0	0	0	0	0	0	0	6	0	0	0	0	0	33	0	0	0	0	670	6	0	0	0	0	0	0	0	0	0	0	4	0	0	192	0	0	0	0	0	0	0	4	0	0	0	0	0	12	0	10	2	0	0	0	0	0	0	0	0	0	5	0	0	0	0	0	0	0	0	0	15	0	344	0	0	0	0	0	0	0	0	0	0	0	0	0	0	6	0	0	0	0	0	0	0	0	0	92	0	0	0
f87	0	0	0	0	0	0	0	71	0	0	0	1534	51	0	0	0	1722	0	17	0	0	0	0	0	0	0	0	0	0	0	0	0	0	0	0	0	0	0	0	0	0	0	0	0	0	81360	0	0	0	0	0	0	0	0	1813	0	0	0	0	0	0	0	0	0	0	0	0	0	0	0	143	51	0	0	0	0	0	0	80	0	23	0	10	1861	0	308	0	80	0	0	6	0	0	8	0	4	0	0	0	2823	0	0	0	38	0	0	14	0	0	160	0	35	0	178	0	0	0	0	0	0	0	0	0	0	0	14	0	0	0	0	0	0	0	0	0	0	0	0	3	0	0	0	0	0	0	0	184	0	0	0	0	0	0	0	0	0	0	0	0	0	0	0	0	0	0	0	0	0	0	0	0	0	0	0	0	0	0	0	0	0	0	0	0	0	0	0	0	0	0	0	0	0	0	0	0	0	0	0	0	0	0	0	0	0	0	0	0	0	50	0	0	0	0	0	0	0	0	0	0	0	0	0	0	0	0	0	0	0	0	0	0	0	0	148	0	0	0	0	0	0	0	0	0	0	0	0	0	0	80	0	0	0	0	0	0	0	0	0	0	0	0	0	0	0	0	0	0	0	0	0	0	0	0	0	0	0	0	0	0	0	0	0	0	0	0	3	0	0	0	0	0	0	0	0	0	0	0	0	0	0	0	0	0	0	0	4	0	0	0	0	0	0	0	0	0	0
f88	0	0	239	0	133	0	0	782	5	0	4	1142	949	1227	91	0	1794	0	0	3	9	19	27	164	26	0	51	4	74	15	0	0	0	0	0	0	117	32	153	0	558	81	0	33	50	24062	0	0	10	45	54	0	2391	2836	1583	0	0	0	0	41	12	5	66	11	21	10	260	0	0	75	426	392	48	680	0	8	14	139	1100	0	198	0	3038	5534	255	2180	654	946	178	31	624	0	10	5	0	202	7	8	0	1816	89	0	100	162	97	4	17	54	5	375	0	228	2	63	0	0	0	0	0	0	19	21	0	145	3	45	10	2	12	0	0	13	0	0	1488	0	8	5	15	11	0	7	0	0	40	0	551	0	154	7	0	7	0	28	22	0	35	0	0	181	0	12	162	84	0	19	945	60	0	0	136	24	0	0	0	0	59	0	316	0	115	0	0	27	0	0	6	0	5	0	97	14	12	17	0	0	0	0	8	95	0	0	0	0	0	30	34	6	90	0	0	83	0	0	6	0	0	15	60	140	0	0	0	44	0	0	329	0	64	451	0	27	0	700	11	17	23	98	0	0	21	0	0	0	0	3	0	63	79	27	0	0	0	146	0	0	0	6	0	228	0	0	81	0	25	6	35	0	0	7	0	71	0	0	21	0	0	16	0	0	0	195	19	0	0	0	5	575	0	0	0	28	0	15	7	0	0	0	0	0	0	0	1882	0	0	152	0	0	0	0	0	0	185	0	0	0
f89	0	0	0	0	0	0	0	8	0	0	0	10788	0	0	0	0	320	0	0	0	0	0	0	0	0	0	0	0	0	0	0	0	0	0	0	0	0	0	0	0	0	0	0	0	0	66125	0	0	0	0	0	0	0	11	121	0	0	0	0	0	0	0	0	0	0	0	0	0	0	0	41	0	0	0	0	0	0	0	19	0	20	0	10	623	0	87	0	0	0	0	0	0	0	0	0	0	0	0	0	16483	0	0	0	0	7	0	0	0	0	69	0	5	0	1559	0	0	0	0	0	0	0	0	0	0	0	0	0	0	0	0	0	0	0	0	0	0	0	0	0	0	0	0	0	0	0	0	56	0	47	0	0	0	0	0	0	0	0	0	0	0	0	0	0	0	0	0	0	0	0	0	5	0	0	0	0	0	0	0	0	0	0	0	0	0	0	0	0	0	0	0	0	0	0	0	0	0	0	0	0	0	0	0	0	0	0	0	0	0	15	0	0	0	0	0	0	0	0	0	0	0	0	0	0	0	0	0	0	0	0	0	0	0	0	29	0	0	0	0	0	0	0	0	0	0	0	0	0	0	1192	0	0	0	0	0	0	0	0	0	0	0	0	0	0	0	0	0	0	0	0	0	0	0	0	0	0	3	8	0	0	0	0	0	0	0	0	0	0	0	0	0	0	0	0	0	0	0	0	0	0	0	0	0	0	0	0	0	0	0	0	0	0	0	0	0	0	0
f90	0	0	0	0	0	0	0	218	0	0	0	1095	250	20	0	0	3947	0	45	0	0	0	0	0	18	0	0	0	0	0	0	0	0	0	0	0	0	0	0	0	0	0	0	0	0	54892	0	0	0	0	0	0	0	0	2847	0	0	0	0	0	0	0	0	0	0	0	4	0	0	0	61	165	0	0	0	0	0	0	288	0	67	0	0	230	0	1044	0	198	0	0	0	0	0	0	16	20	0	0	0	2367	0	0	14	0	60	0	0	0	0	900	0	88	0	292	0	10	0	0	0	0	0	0	0	0	0	23	0	0	0	0	0	10	0	0	0	0	0	6	2	0	0	0	0	0	19	0	622	0	0	0	0	0	0	4	6	0	0	0	0	46	0	0	47	0	0	0	0	0	0	0	0	0	0	0	0	0	0	0	0	0	24	0	0	0	0	0	0	0	0	0	0	0	0	0	0	0	0	0	0	0	0	0	0	0	0	0	0	0	88	0	0	19	0	0	0	0	0	0	8	0	22	0	0	0	0	0	0	0	37	0	0	0	0	565	6	0	0	0	0	0	0	0	0	0	0	4	0	0	211	0	0	0	0	0	0	0	0	0	0	0	0	0	0	0	0	0	0	0	0	0	0	0	0	0	0	0	0	0	0	0	0	0	10	0	0	16	0	109	0	0	0	0	0	0	0	0	0	0	0	0	0	0	0	0	0	0	0	0	0	0	0	0	78	0	0	0
f111	0	21	245	16	97	0	0	1334	0	22	0	1384	1109	19	0	0	3317	3	0	0	0	0	0	0	27	0	243	0	24	10	0	0	0	0	0	0	12	19	1274	59	1278	0	0	66	653	28670	0	0	0	167	5	0	978	0	8366	0	0	0	61	0	0	13	15	24	0	23	57	0	0	87	381	391	51	21	0	0	9	299	569	0	113	0	137	2778	0	1637	140	464	10	0	928	0	0	0	0	175	0	0	0	10454	12	0	489	263	76	0	0	0	0	35	0	84	0	1341	0	2	0	0	112	0	0	0	0	135	0	14	0	0	0	15	0	80	0	3	340	0	4	0	66	0	0	0	81	0	177	0	12	0	32	0	0	4	0	44	8	0	0	0	0	114	0	0	26	0	34	0	13	0	0	0	195	4	0	0	0	0	9	0	36	0	0	0	0	0	13	0	0	0	0	0	105	0	3	109	0	0	0	0	4	19	0	0	0	0	0	0	0	0	55	0	0	23	0	0	124	0	0	9	87	15	69	0	0	27	0	0	0	0	34	192	0	0	0	268	0	0	0	100	4	0	0	495	0	0	0	0	151	0	25	27	0	0	0	0	48	0	0	0	0	56	28	0	0	0	5	9	0	0	0	0	14	0	3	0	0	7	0	0	0	0	0	403	71	0	0	15	0	64	0	0	63	0	0	0	0	0	0	0	0	0	0	0	200	0	0	601	0	0	0	0	0	0	405	0	0	0
f112	0	0	64	0	19	0	0	1099	0	0	0	52	762	0	2	0	540	0	0	0	0	17	0	4	17	0	28	0	9	0	0	0	0	0	0	0	167	14	114	0	68	10	0	238	51	64789	0	0	0	24	10	0	29	0	3999	0	0	0	0	0	0	14	0	9	0	0	71	0	0	9	65	40	48	0	0	0	0	40	142	0	0	0	0	434	0	217	2677	17	0	0	323	0	0	0	0	7	0	0	0	245	18	0	48	0	13	0	0	63	0	96	0	5	0	147	0	0	0	0	0	0	0	3	0	31	0	0	7	0	0	0	0	0	0	0	6	0	0	0	0	0	0	0	8	0	0	0	4	0	225	0	0	16	2	0	7	0	0	0	0	0	0	5	0	0	0	0	7	0	0	0	81	0	0	0	0	0	0	0	63	0	55	0	0	0	0	0	0	0	0	0	0	0	0	4	62	0	0	0	8	30	0	0	0	0	0	0	0	0	0	0	0	9	0	0	7	0	0	0	32	18	0	0	0	0	0	0	0	0	29	0	0	0	0	50	0	0	0	16	0	0	0	7	2	0	0	0	0	0	26	11	0	0	0	0	10	0	0	0	0	0	0	0	0	0	7	0	53	0	0	0	0	0	5	0	0	254	49	0	0	0	65	16	0	0	0	0	0	23	0	0	157	0	0	0	0	0	0	0	0	0	0	0	28	0	0	142	6	0	0	0	0	0	0	0	0	0
f113	0	0	5	0	0	0	0	15	0	0	0	1003	113	2	0	0	420	0	0	0	0	0	0	2	0	0	16	0	0	0	0	0	0	0	0	0	0	0	17	0	11	0	0	17	32	58487	0	0	0	5	0	0	0	0	754	0	0	0	0	0	0	0	0	0	0	0	14	0	0	6	58	13	0	0	0	0	0	0	47	0	0	0	0	96	0	66	0	10	0	0	0	0	0	0	0	3	0	0	0	12221	0	0	88	0	0	0	0	0	0	47	0	0	0	736	0	0	0	0	0	0	0	0	0	21	0	0	0	0	0	0	0	0	0	0	0	0	0	0	0	0	0	0	0	0	0	0	0	0	0	0	0	0	0	0	0	0	0	0	0	0	0	0	0	0	0	0	0	0	0	0	0	0	0	0	0	0	0	0	0	0	0	2	0	0	0	0	0	0	0	0	0	0	0	0	0	0	0	0	0	0	0	0	0	0	0	0	0	0	0	0	0	0	0	0	4	0	0	0	63	0	0	0	0	0	0	0	0	0	0	14	0	0	0	0	0	0	0	0	0	0	0	12	0	0	0	0	0	0	54	0	0	0	0	0	0	0	0	0	0	0	0	0	0	0	0	0	0	0	0	0	0	0	0	0	0	0	0	0	0	0	0	0	0	0	0	0	0	0	0	0	0	0	0	0	0	0	0	0	0	0	0	0	10	0	0	0	0	0	0	0	0	0	0	0	0	0
f114	0	0	0	0	0	0	0	50	0	0	0	33	20	5	0	0	58	0	197	0	0	0	0	0	0	0	0	0	0	0	0	0	0	0	0	0	0	0	0	0	10	0	0	0	0	80194	0	4	0	0	0	0	22	0	3537	0	0	0	0	0	0	0	0	0	0	0	0	0	0	0	22	2	0	0	19	0	0	0	11	0	0	0	0	160	0	0	0	0	0	0	38	0	0	0	0	0	0	0	0	326	0	0	0	0	0	0	0	0	0	0	0	0	0	70	0	0	0	0	0	0	0	0	0	0	0	0	0	0	0	0	0	0	0	0	0	0	0	0	0	0	0	0	0	0	0	0	0	0	0	0	0	0	0	0	2	0	0	0	0	0	0	0	0	0	0	0	0	0	0	0	35	0	0	0	0	0	0	0	0	0	0	0	0	0	0	0	0	0	0	0	0	0	0	0	0	0	0	0	8	0	0	0	0	0	0	0	0	0	0	0	0	0	0	0	0	3	0	0	17	0	0	0	0	0	0	0	0	0	0	0	0	0	0	0	0	0	0	0	0	0	0	0	0	0	0	0	0	0	14	0	0	0	0	0	0	0	0	0	0	0	0	0	0	0	0	0	0	0	0	0	0	0	0	0	0	18	88	0	0	0	0	6	0	0	0	0	0	0	0	0	43	0	0	0	0	0	4	0	0	0	0	0	12	0	0	33	18	0	0	0	0	0	0	0	0	0
f115	0	46	323	36	77	16	0	527	0	56	0	1134	2498	86	0	0	3158	0	13	0	0	0	0	0	0	0	512	0	60	34	0	0	5	0	0	0	0	17	1517	0	0	0	0	31	1062	31100	0	0	0	0	15	0	0	0	6766	0	0	0	0	0	0	0	0	93	0	13	60	0	0	677	144	728	79	0	0	0	14	0	1059	0	183	0	0	3640	5	2518	508	482	0	0	1097	0	0	0	0	402	0	0	0	3584	0	0	490	112	452	0	0	0	0	315	0	192	0	508	0	0	0	0	9	0	0	0	0	74	0	4	0	0	0	0	0	118	0	0	0	0	0	0	109	0	0	30	148	0	393	0	10	0	0	0	0	0	0	59	33	0	0	0	0	103	0	13	51	0	75	19	0	0	0	0	139	4	0	0	0	0	0	0	82	0	65	0	0	0	0	8	0	0	0	0	207	0	0	146	0	0	0	0	5	0	0	0	0	0	0	0	21	0	70	0	8	45	0	0	244	3	0	8	170	0	14	0	0	52	0	0	0	0	184	315	0	0	0	395	12	0	0	170	0	0	0	304	0	4	0	0	78	0	31	0	0	0	0	0	0	0	0	0	0	0	96	0	90	0	31	0	0	0	0	0	24	0	0	0	0	0	0	0	0	0	0	0	73	0	0	18	0	247	0	0	0	0	0	0	0	9	0	0	0	0	0	0	0	0	0	505	0	0	0	0	0	0	180	0	0	0
f116	0	0	24	0	0	0	0	107	0	0	0	243	144	0	0	0	1445	0	0	0	0	0	0	0	0	0	26	0	2	0	0	0	0	0	0	0	0	0	50	0	0	0	0	11	134	55145	0	0	0	0	0	0	4	0	4213	0	0	0	0	0	0	0	0	12	0	0	6	0	0	13	117	53	4	0	0	0	0	0	120	0	0	0	17	1402	0	131	15	36	0	0	310	0	0	0	0	0	0	0	0	327	0	0	30	8	31	0	0	0	0	96	5	9	0	120	0	0	5	0	0	0	0	0	0	5	0	0	0	0	0	0	0	0	0	0	36	0	0	0	5	0	0	0	15	0	25	0	0	0	10	0	0	0	0	0	0	0	0	0	0	0	0	0	0	0	0	0	0	0	0	0	180	0	0	0	0	0	0	0	9	0	0	0	0	0	0	0	0	0	0	0	25	0	0	3	57	0	0	0	0	0	0	0	0	0	0	0	4	0	0	0	0	0	0	0	22	0	0	0	82	0	0	0	0	0	0	0	0	0	0	32	0	0	0	33	0	0	0	0	0	0	0	12	0	0	0	0	0	0	35	15	0	0	0	0	4	0	0	0	0	0	0	0	10	0	0	0	0	3	0	0	0	0	0	0	0	3	0	0	0	0	0	0	0	0	0	0	0	0	0	0	5	0	0	0	0	0	0	0	0	0	0	0	0	0	0	94	0	0	0	0	0	0	5	0	0	0
f117	0	0	462	0	120	0	0	343	0	62	0	15	1693	0	44	0	8061	19	0	0	0	15	0	0	0	78	540	0	90	15	0	0	0	0	0	0	126	0	737	212	4374	0	0	0	968	1147	427	49	27	33	95	0	912	14	340	0	0	0	161	0	0	83	0	69	0	0	401	0	0	147	127	591	20	103	0	10	0	0	517	0	0	0	2684	590	119	2584	70	270	240	502	2197	0	37	0	0	318	0	63	0	390	0	0	260	0	230	0	0	0	0	0	0	42	0	68	0	0	0	0	0	0	7	14	0	523	0	0	0	80	0	0	0	250	0	34	3068	0	0	0	5	19	84	47	193	0	573	0	0	4	0	0	0	8	0	178	37	0	0	0	0	64	0	0	0	167	81	0	130	191	0	0	8	67	0	0	0	0	260	0	83	0	271	0	20	55	0	17	0	0	0	0	238	383	0	0	0	0	0	0	179	74	0	186	0	0	0	0	0	0	5	0	0	25	0	0	185	6	0	0	77	887	0	17	0	0	0	0	74	0	12	2224	0	0	69	179	51	0	0	51	35	0	0	190	0	0	0	0	44	19	28	0	0	0	0	0	0	0	0	31	0	229	0	0	76	0	0	26	0	9	0	0	0	0	68	0	61	0	0	0	0	0	0	529	210	0	17	0	0	198	0	0	171	0	0	0	0	0	0	0	0	0	0	0	2370	0	0	0	150	0	0	0	0	0	402	0	0	0
f118	0	0	274	0	0	0	0	221	0	65	0	50	136	328	0	0	3030	0	0	0	0	0	0	221	16	7	473	0	137	83	0	0	0	0	0	7	69	0	234	0	577	0	0	129	347	2710	213	28	0	123	0	0	1016	0	10704	0	23	0	117	0	0	0	0	0	0	2	0	0	0	0	1143	53	0	63	0	0	0	0	290	42	14	0	2039	2632	53	1671	129	238	17	26	967	0	0	0	37	99	0	0	0	337	53	0	20	0	0	0	0	0	0	54	0	8	0	67	0	0	0	0	631	0	0	0	0	30	0	0	0	0	0	0	0	119	109	0	961	104	0	0	122	0	0	0	106	0	379	0	0	0	0	0	0	0	0	81	0	0	0	0	0	102	0	0	0	58	2	56	74	0	0	106	4910	36	0	0	0	0	193	9	140	35	162	0	36	0	0	0	0	0	0	0	171	0	82	0	71	0	0	573	122	120	0	0	0	0	47	62	0	0	5	0	0	0	0	0	231	3	0	59	123	45	0	0	0	0	0	0	8	0	0	1158	0	0	0	92	0	56	0	351	131	0	0	315	0	0	0	0	0	0	23	58	0	0	0	80	0	0	0	0	0	231	59	58	133	0	0	0	0	0	0	0	0	0	36	37	0	0	0	0	0	0	0	562	98	0	0	0	0	0	0	0	120	0	0	0	0	0	0	9	0	0	0	0	685	0	0	155	125	0	0	0	0	0	112	0	0	0
f119	0	17	89	0	22	0	0	882	0	31	0	780	1155	35	0	0	5091	0	11	0	0	0	0	0	9	0	264	0	25	0	0	0	0	0	0	0	0	17	672	0	83	0	0	19	399	53953	0	0	0	22	3	0	48	0	7707	0	0	0	0	0	0	0	0	65	0	18	20	0	0	217	135	383	18	8	0	0	0	0	502	0	55	4	22	2837	0	1028	237	204	0	0	678	0	0	0	0	188	0	0	0	1442	0	0	272	36	183	0	0	0	0	192	0	65	0	404	0	0	0	0	23	0	0	0	0	35	0	0	0	0	0	0	0	95	0	0	149	0	0	0	54	0	0	13	74	0	147	0	7	0	0	0	0	0	0	39	6	0	0	0	74	70	0	13	34	0	37	0	0	0	0	0	94	0	0	0	0	0	7	0	29	0	0	0	0	0	0	0	0	0	0	0	127	0	0	126	12	0	0	0	0	73	0	0	0	0	0	0	10	0	33	0	0	32	0	0	138	0	0	0	77	0	12	0	0	19	0	0	0	0	28	59	0	0	0	187	3	0	0	65	0	0	0	389	0	0	0	0	42	0	32	0	0	0	0	0	0	0	0	0	0	0	25	0	17	0	0	0	0	0	0	0	9	0	0	0	0	0	22	0	0	0	0	15	61	0	0	13	0	27	0	0	0	0	0	0	0	0	0	0	0	0	0	0	20	0	0	141	0	0	0	0	0	0	223	0	0	0
f141	0	0	112	0	0	0	0	98	0	0	0	20	17	19	0	0	52	0	0	0	0	0	0	0	0	0	14	0	0	0	0	0	26	0	0	0	0	0	0	0	0	0	0	696	0	79690	0	0	0	5	0	0	0	0	2077	0	0	0	11	0	0	0	0	0	0	0	0	0	0	0	0	0	0	0	0	0	0	6	8	0	0	0	0	197	0	61	2	0	0	0	0	0	0	0	0	9	0	0	0	233	0	0	0	0	0	0	0	0	0	17	380	18	0	0	0	0	0	0	0	0	0	0	0	4	0	0	0	0	0	0	0	0	0	0	0	0	0	3	8	0	0	0	5	0	10	0	0	0	40	0	0	0	0	0	0	0	0	0	0	0	0	0	0	0	6	0	7	0	0	0	0	0	0	0	0	0	0	0	3	0	0	0	0	0	0	0	0	0	0	0	0	0	0	5	0	0	0	0	0	17	0	0	0	0	0	0	0	0	10	0	0	0	0	0	0	3	0	0	0	0	0	0	0	11	0	0	0	0	0	0	0	0	0	0	0	0	0	0	0	0	0	0	0	0	0	0	0	0	20	0	0	0	0	0	0	0	0	0	0	0	0	0	0	0	0	0	0	0	0	0	0	0	0	0	0	40	0	0	0	0	0	0	0	0	0	0	0	4	0	0	2468	0	0	0	0	0	0	0	0	0	0	0	0	0	0	36	0	0	0	0	0	0	0	0	0	0
f142	0	0	260	0	7	0	0	471	0	0	0	17	25	18	0	0	105	0	0	0	0	0	0	0	0	0	11	0	0	0	0	0	104	0	0	0	0	9	0	0	0	0	0	1394	0	81990	0	0	0	0	3	0	0	0	2869	0	0	0	12	0	0	0	0	0	0	6	0	0	0	0	0	6	11	0	0	0	7	0	48	0	24	0	0	110	0	122	0	26	0	0	0	0	0	0	0	21	0	0	0	242	0	0	0	0	17	0	0	0	0	19	0	30	0	21	0	0	0	0	0	0	0	0	0	0	0	0	0	0	0	0	0	0	0	0	0	0	0	0	0	0	0	0	14	0	12	0	0	0	0	0	0	0	0	0	0	0	0	0	0	18	0	0	0	0	0	12	0	0	0	0	6	0	0	0	0	0	0	0	0	0	0	0	0	0	0	0	0	0	0	0	0	0	0	16	0	0	0	0	0	0	0	0	0	0	0	0	0	0	27	0	0	0	0	0	9	2	0	6	0	0	0	0	0	20	0	0	0	0	0	0	0	0	0	88	0	0	0	0	0	0	0	0	0	0	0	0	0	0	16	0	0	0	0	0	0	0	0	0	0	0	0	0	0	0	0	0	0	0	0	0	0	0	0	0	0	0	0	0	0	0	0	0	0	0	0	0	0	0	0	0	58	0	0	0	0	0	0	0	0	0	0	0	0	0	0	1145	0	0	0	0	0	0	8	0	0	0
f143	0	0	1896	50	30	0	0	834	0	44	0	17	283	122	3	0	349	0	9	0	0	0	0	12	44	0	117	0	0	35	0	0	419	0	0	0	10	114	91	0	0	0	0	670	116	70789	0	0	0	62	0	0	0	0	7507	0	0	0	68	4	0	0	5	0	5	45	22	0	0	23	176	47	73	6	0	0	85	89	264	0	244	0	12	303	5	446	89	19	8	0	282	0	0	0	0	163	0	0	0	249	0	0	5	0	98	0	0	0	0	103	4540	238	0	0	0	0	0	0	4	0	20	5	0	37	0	0	0	0	0	0	0	39	0	0	186	0	0	15	45	0	0	42	102	0	159	0	0	0	196	0	0	0	0	14	24	0	0	0	44	49	0	0	0	12	29	55	11	0	0	0	4	6	0	0	0	0	0	0	14	0	0	0	0	0	36	0	0	0	0	0	0	11	0	112	0	8	0	0	14	37	0	0	0	0	0	0	0	0	232	0	15	11	0	0	137	0	0	40	0	0	0	0	0	164	0	0	0	0	0	102	0	0	0	244	5	0	0	26	0	9	0	0	0	0	0	0	49	4	13	0	0	0	0	0	0	0	0	5	0	0	0	0	18	0	0	0	0	0	0	3	23	0	7	0	0	115	0	0	0	0	0	0	54	0	0	9	0	56	0	0	1508	0	0	0	7	11	0	0	0	0	0	0	46	0	0	506	0	0	0	0	0	0	17	0	0	0
f144	8	0	2327	64	198	6	0	682	0	47	0	30	345	139	23	0	113	7	8	0	0	0	0	113	13	0	217	8	34	45	0	0	366	0	0	0	0	114	670	0	106	25	0	650	155	45476	32	0	0	1219	164	0	89	180	3006	0	0	0	264	0	12	351	34	0	25	125	203	0	12	93	510	86	225	276	0	40	118	700	496	0	213	0	246	748	54	699	124	92	161	87	1795	0	0	4	10	250	0	9	0	276	0	0	3	3	163	0	0	22	0	11	1523	294	0	6	0	29	0	0	0	0	16	15	0	243	0	0	15	2	0	10	0	38	0	0	726	0	0	12	60	34	39	72	93	0	135	0	0	0	530	0	20	0	6	17	50	0	0	0	0	85	0	18	48	235	72	75	925	113	0	0	162	0	0	0	7	0	0	0	329	0	42	0	0	34	0	0	0	0	0	0	37	7	35	97	13	0	0	10	3	1063	0	0	0	0	0	0	12	0	289	0	23	14	0	0	129	0	0	29	0	87	0	0	5	163	0	0	0	0	15	312	0	0	0	256	0	0	0	65	0	0	0	19	0	0	0	0	64	21	22	0	16	0	0	0	0	0	0	0	6	215	0	0	23	0	0	0	24	7	0	38	41	0	10	0	34	1570	0	0	0	0	0	21	61	0	0	17	0	102	5	0	1594	0	0	0	0	0	0	0	0	0	0	0	1409	0	10	398	0	0	0	0	0	0	31	0	0	0
f145	9	5	3667	63	403	0	0	899	5	40	68	34	437	150	40	0	172	29	0	0	0	0	32	105	21	0	269	5	63	57	0	0	644	0	0	0	28	151	1096	0	231	204	0	686	185	4077	16	0	0	1005	174	0	120	238	3564	0	0	23	277	10	46	404	157	24	158	182	404	0	26	224	388	199	343	665	0	94	123	1627	581	16	287	0	299	1004	73	880	413	93	261	156	2781	0	41	0	0	299	0	38	0	317	0	0	21	0	178	0	0	59	0	12	0	287	0	0	0	20	0	0	9	0	23	38	0	295	0	0	24	0	0	26	0	0	0	0	795	0	19	16	78	130	18	42	111	0	144	0	7	0	1117	0	28	0	5	38	59	0	0	0	0	95	0	0	77	197	71	89	927	167	0	0	166	20	0	0	13	0	31	0	380	65	59	0	0	63	32	0	8	0	0	0	49	7	34	148	17	0	0	3	25	1300	0	10	17	0	0	0	28	0	312	0	28	37	0	0	120	3	72	39	0	139	0	0	0	167	0	0	0	0	12	516	0	0	0	286	10	0	0	240	13	0	19	28	0	0	0	0	333	49	19	0	0	0	0	0	24	0	0	0	20	346	7	0	119	0	89	52	48	8	11	39	31	0	18	36	40	2751	0	0	0	0	0	28	79	0	0	11	0	126	9	0	2225	0	0	0	0	0	0	4	9	0	12	0	2348	12	19	1142	0	0	0	0	0	14	43	0	0	0
f146	0	0	157	0	0	0	0	431	0	0	0	20	15	5	0	0	133	0	8	0	0	0	0	0	0	0	11	0	0	0	0	0	36	0	0	0	0	8	2	0	0	0	0	81	0	91223	0	0	0	0	0	0	0	0	1299	0	0	0	0	0	0	0	0	0	0	0	0	0	0	0	0	0	6	0	0	0	11	7	0	0	43	0	0	65	0	90	0	0	2	0	0	0	0	0	0	0	0	0	0	276	0	0	0	0	0	0	0	0	0	36	36	27	0	0	0	0	0	0	0	0	0	0	0	0	0	0	0	0	0	0	0	0	0	0	0	0	0	0	0	0	0	3	0	0	0	0	0	0	8	0	0	0	0	0	0	0	0	0	0	0	0	0	0	0	3	0	0	0	0	0	8	0	0	0	0	0	0	0	0	0	0	0	0	0	0	0	0	0	0	0	0	0	0	0	0	0	0	0	0	0	0	0	0	0	0	0	0	0	31	0	0	0	0	0	0	0	0	0	0	0	0	0	0	0	0	0	0	0	0	25	0	0	0	50	0	0	0	0	0	0	0	0	0	0	0	0	8	0	16	0	0	0	0	0	0	0	0	0	0	0	0	0	0	0	0	0	0	0	0	0	0	0	0	0	0	9	0	0	0	0	0	0	0	0	0	0	0	0	0	0	264	0	0	0	0	0	0	0	0	0	0	0	0	0	0	212	0	0	0	0	0	0	0	0	0	0
f147	0	0	238	7	0	0	0	27	0	9	0	9	56	26	0	0	112	0	0	0	0	0	0	0	0	0	16	0	0	0	0	0	52	0	0	0	0	31	0	0	0	0	0	61	0	69978	0	0	0	0	0	0	0	0	1174	0	0	0	2	0	0	0	0	0	0	0	0	0	0	5	7	0	0	0	0	0	14	0	12	0	17	0	0	79	0	60	27	0	0	0	57	3	0	5	0	25	0	0	0	311	0	0	0	0	13	0	0	0	0	20	0	46	0	0	0	0	0	0	0	0	0	0	0	0	0	0	0	0	0	0	0	11	0	0	0	0	0	0	0	0	0	0	0	0	11	0	0	0	0	0	0	0	0	0	0	0	0	0	26	9	0	0	0	0	9	0	0	0	0	0	0	3	0	0	0	0	0	0	0	0	0	0	0	0	0	0	0	0	0	0	0	0	0	25	0	0	0	0	0	0	0	0	0	0	0	0	0	0	26	0	0	0	0	0	8	0	0	0	0	0	0	0	0	30	0	0	0	0	0	0	0	0	0	50	0	0	0	0	0	0	0	0	0	24	0	0	0	0	13	0	0	0	0	0	0	0	0	0	0	0	0	0	0	0	0	0	0	0	0	0	0	0	0	0	0	0	0	0	0	0	0	0	0	0	0	0	0	5	0	0	5	0	0	0	0	0	0	0	0	0	0	0	0	0	0	17	0	0	0	0	0	0	0	0	0	0
f171	0	32	333	0	4	5	0	81	0	0	0	807	1085	44	0	0	2299	0	0	0	0	6	0	3	0	0	53	0	8	5	0	0	0	11	0	0	0	12	59	0	0	0	0	33	113	23465	0	0	0	7	9	0	0	0	6452	0	0	0	0	0	0	0	0	0	0	9	7	0	0	259	493	426	14	4	0	0	26	0	1101	0	127	0	4	670	0	772	772	80	0	0	0	43	0	0	0	470	0	0	0	26640	0	0	56	54	45	14	0	0	0	93	6	155	0	900	0	0	0	0	0	0	0	0	0	62	0	15	0	0	0	0	0	23	0	0	7	0	0	0	25	3	0	2	0	0	19	0	0	0	0	0	0	0	0	3	25	0	0	0	113	71	0	18	46	0	17	37	0	0	0	0	151	11	0	0	0	0	0	0	0	0	13	0	0	0	20	0	0	0	0	0	44	0	0	19	0	0	0	0	0	0	15	0	0	0	31	0	22	0	79	0	0	5	0	0	69	5	0	0	0	7	0	0	0	89	0	0	0	0	51	0	0	0	0	82	13	8	0	0	0	0	3	8	0	0	0	0	0	0	47	0	0	0	0	0	0	0	0	0	0	104	10	0	0	0	33	6	0	0	0	0	5	0	0	0	0	0	0	0	0	0	0	0	10	0	0	22	0	31	0	0	0	0	0	0	0	0	0	0	0	0	0	7	5	0	0	22	0	0	0	0	0	0	76	0	0	0
f172	0	11	447	8	4	0	0	54	0	13	0	310	904	35	0	0	2120	0	0	0	0	0	0	0	11	0	60	0	11	0	0	0	13	2	0	0	0	21	0	0	6	0	0	10	131	25434	0	0	0	0	0	0	11	0	7421	0	0	0	0	0	0	0	0	0	0	0	10	0	0	253	543	424	12	0	0	0	29	0	1080	0	84	0	0	761	0	855	272	35	0	0	15	30	0	0	0	493	0	0	0	23641	0	0	28	56	38	3	0	0	0	61	0	139	0	693	0	0	0	0	0	0	0	0	0	56	0	9	0	0	0	0	0	36	0	0	16	0	0	0	27	0	0	0	6	0	0	0	0	0	0	0	0	0	0	0	16	0	0	0	92	46	0	8	37	0	11	20	0	0	0	0	211	13	0	0	0	0	0	0	0	0	0	0	0	0	19	0	0	0	0	0	27	0	0	24	0	0	0	0	0	0	4	0	0	0	24	0	8	0	51	0	0	6	0	0	90	0	0	20	0	0	0	0	0	92	0	0	0	0	83	12	0	0	0	94	14	0	0	12	0	0	0	10	0	0	0	0	0	0	23	2	0	0	0	0	0	0	0	0	0	43	6	0	0	0	23	0	0	0	0	0	4	0	0	0	0	5	0	0	0	0	0	0	0	0	0	32	0	40	0	0	0	0	0	0	0	0	0	0	0	0	0	0	0	0	0	16	0	0	0	0	0	0	88	0	0	0
f173	0	6	72	0	4	0	0	43	0	0	0	182	188	9	0	0	463	0	0	0	0	0	0	0	0	0	5	0	0	2	0	0	0	0	0	0	0	0	0	0	0	0	0	15	29	62881	0	0	0	0	0	0	0	0	8604	0	0	3	0	0	0	0	0	0	0	0	4	0	0	59	84	69	0	0	0	0	0	0	179	0	8	0	0	166	0	115	82	0	0	0	0	0	0	0	0	99	0	0	0	11712	0	0	10	0	0	27	0	0	0	171	0	23	0	2487	0	0	0	0	0	0	0	0	0	0	0	6	0	0	0	0	0	0	0	0	0	0	0	0	0	0	0	0	4	0	0	0	0	0	0	0	0	0	0	0	0	0	0	0	0	7	0	0	15	0	6	10	0	0	0	0	0	0	0	0	0	0	0	0	0	0	0	0	0	0	0	0	0	0	0	0	0	0	0	0	0	0	0	0	0	0	0	0	0	0	0	0	0	0	24	0	0	0	0	0	28	4	0	0	0	0	0	0	0	16	0	0	0	0	44	23	0	0	0	41	0	0	0	0	0	0	0	0	0	0	0	0	0	0	18	0	0	0	0	0	0	0	0	0	0	0	0	0	0	0	0	3	0	0	0	0	0	0	0	0	0	0	0	0	0	0	0	0	0	0	0	5	0	0	0	0	0	0	0	0	6	0	0	0	0	0	0	0	0	0	0	0	0	0	0	0	0	0	24	0	0	0
f174	0	26	357	0	0	0	0	61	0	0	0	487	1271	35	8	0	1437	0	0	0	0	0	0	3	0	0	52	0	14	7	0	0	0	0	0	0	0	12	63	0	0	0	0	24	136	44221	0	0	0	25	0	0	0	0	9097	0	0	0	22	0	0	16	0	7	0	3	0	0	0	187	463	413	10	2	0	0	29	28	1081	0	125	0	0	928	0	884	330	55	0	0	29	39	0	0	0	474	0	0	0	13267	3	13	39	51	65	0	0	0	0	138	0	145	0	995	0	0	0	0	0	0	0	0	0	66	0	0	0	0	0	0	0	37	0	0	2	0	0	0	22	0	0	8	3	0	10	0	0	0	56	0	0	0	0	7	23	0	0	0	28	0	0	73	24	0	0	19	0	0	0	0	227	14	0	0	0	0	0	0	0	0	17	0	0	0	24	0	0	0	0	0	23	0	0	0	0	0	0	0	0	13	0	0	0	0	17	0	5	0	116	0	0	0	0	0	120	0	0	0	0	0	34	0	0	90	0	0	0	0	1333	15	0	0	0	122	13	0	0	19	0	0	0	0	0	0	0	4	0	7	25	0	0	0	0	0	0	0	0	0	0	64	6	0	0	0	23	4	0	0	0	3	0	0	0	0	0	42	0	0	0	0	0	0	12	0	0	33	0	38	0	0	70	0	0	0	0	0	0	0	0	0	0	3	16	0	4	18	0	0	0	0	0	0	129	0	0	0
f175	0	7	18	0	0	0	0	12	0	0	0	91	48	0	0	0	467	0	0	0	0	0	0	0	0	0	0	0	0	0	0	0	0	0	0	0	0	0	0	0	0	0	0	3	0	63325	0	0	0	0	0	0	9	0	4877	0	0	0	0	0	0	0	0	0	0	0	0	0	0	16	80	76	0	0	0	0	0	0	95	0	0	0	0	151	0	67	14	0	0	0	0	5	0	4	0	35	0	0	0	15706	0	0	5	0	0	0	0	0	0	135	0	16	0	718	0	0	0	0	0	0	0	0	0	6	0	0	0	0	0	0	0	0	0	0	0	0	0	0	3	0	0	0	0	0	0	0	0	0	0	0	0	0	0	0	0	0	0	0	5	0	0	0	0	0	0	6	0	0	0	0	24	0	0	0	0	0	0	0	0	0	0	0	0	0	0	0	0	0	0	0	0	0	0	0	0	0	0	0	0	0	0	0	0	0	0	0	0	0	20	0	0	0	0	0	2	0	0	0	0	0	0	0	0	6	0	0	0	0	5	0	0	0	0	25	0	0	0	15	0	0	0	0	0	0	0	0	0	0	13	0	0	0	0	0	0	0	0	0	0	0	0	0	0	0	8	0	0	0	0	0	0	0	0	0	0	10	0	0	0	0	0	0	0	0	0	0	0	0	0	0	5	0	0	0	0	0	0	0	0	0	0	0	0	0	0	0	0	0	0	0	0	0	6	0	0	0
f176	0	140	499	0	4	0	0	113	0	9	0	95	1183	27	0	0	2965	12	0	28	0	0	40	0	0	0	119	6	28	0	0	0	60	0	0	0	101	13	260	0	62	23	0	0	161	1815	30	0	0	973	182	0	2650	15	1962	0	0	0	106	0	4	10	544	0	40	10	3	0	0	377	5967	395	564	267	0	41	33	1386	1624	18	185	0	265	1172	0	2088	254	87	20	161	897	78	32	0	0	685	18	0	0	11966	32	0	37	126	69	0	28	122	0	34	2	212	0	729	0	0	0	0	0	0	9	49	0	91	0	11	16	0	0	0	0	186	0	16	640	70	0	11	20	18	0	6	9	35	58	0	11	0	105	0	0	0	8	11	0	0	0	0	0	150	0	0	70	138	69	66	1079	51	0	0	208	6	0	0	0	0	0	0	96	0	11	0	0	14	0	0	4	0	9	0	91	0	25	46	0	0	0	0	7	1450	71	0	0	0	0	133	0	0	126	0	0	37	44	0	221	0	71	64	0	10	0	0	0	66	0	0	0	0	46	151	0	0	0	56	34	185	0	136	35	12	0	0	0	0	0	0	0	0	19	14	0	0	0	0	0	0	0	6	0	469	42	0	52	0	28	65	0	0	0	0	0	0	12	0	0	43	0	0	0	0	0	57	55	0	0	103	0	84	0	0	7	0	0	0	0	0	0	18	0	0	0	0	1483	0	57	0	0	0	0	0	0	0	651	0	0	0
f177	0	0	225	7	20	0	0	0	0	0	0	166	282	21	0	0	729	0	0	6	0	0	0	5	11	0	47	0	17	0	0	0	7	0	0	0	29	0	51	0	153	12	0	0	102	39458	47	0	0	460	44	0	1210	0	5401	0	0	0	23	0	3	0	210	0	0	0	0	0	0	152	4380	364	210	50	0	0	26	640	581	0	28	0	459	515	0	627	82	33	36	19	129	24	5	0	0	570	4	0	0	13570	4	0	39	16	42	0	7	33	0	280	0	81	0	1866	0	0	0	0	0	0	0	0	0	75	0	0	11	0	0	0	0	0	0	0	1575	0	0	0	17	0	0	0	0	0	20	0	0	0	21	0	3	0	0	12	7	0	0	0	8	34	0	5	30	46	24	39	197	0	0	0	140	0	0	0	0	0	12	0	153	0	0	0	4	3	25	0	9	0	2	0	64	0	7	0	0	0	0	0	4	39	0	0	0	0	0	37	3	0	32	0	2	9	11	0	135	0	16	10	0	16	0	0	0	23	0	0	17	0	12	66	0	0	0	39	18	146	0	0	21	0	0	5	0	0	0	0	0	0	41	20	0	0	0	0	0	0	0	0	0	146	12	0	19	0	21	27	0	0	0	0	0	0	0	0	0	7	0	0	0	0	0	69	0	0	0	27	0	26	0	0	0	0	0	0	0	0	0	0	0	0	0	0	415	0	0	7	0	0	0	0	0	0	68	0	0	0
f178	0	39	265	0	172	3	0	24	0	0	16	85	837	34	0	0	237	6	0	0	0	4	25	69	23	0	79	0	22	9	0	0	0	0	0	0	55	14	419	0	261	212	0	54	139	2299	0	0	0	245	70	0	132	20	2097	14	0	4	203	2	6	15	137	0	12	0	53	0	0	263	2888	480	85	144	0	208	11	1195	424	0	68	0	71	652	46	218	372	14	107	292	480	14	10	0	0	691	0	10	0	2728	35	0	12	12	57	0	5	63	0	18	0	117	0	80	0	0	0	0	0	0	0	8	0	437	0	0	0	4	0	0	0	0	0	0	432	391	10	0	15	0	0	0	0	0	8	0	5	0	294	0	0	0	12	23	52	0	0	0	0	51	0	475	31	0	0	25	206	29	0	0	49	10	0	0	0	0	26	0	395	8	20	0	0	0	0	0	0	0	2	0	14	0	14	71	0	0	0	0	0	248	0	0	31	0	0	0	26	0	34	0	0	13	0	0	72	0	6	9	0	50	0	0	0	43	0	0	29	0	39	151	3	0	0	31	9	173	0	33	0	0	5	0	0	39	0	0	0	0	36	13	0	0	0	0	0	0	0	0	0	281	0	0	0	0	40	37	11	0	0	0	0	0	11	16	10	49	0	0	0	0	0	0	0	0	0	24	0	34	0	6	23	0	0	0	0	0	0	0	0	0	0	0	998	0	5	0	0	0	0	0	0	0	12	0	0	0
