feature	Oleiharenicola	Nitrosomonas	Coxiella	Geobacillus	Candidatus_Megaira	Planifilum	Luteimonas	Hyphomicrobiales_Incertae_Sedis_Genus	Legionella	Pseudorhodoplanes	Blastococcus	Parachlamydiaceae_Genus	Pedosphaeraceae_Genus	Phreatobacter	Fluviicoccus	Caulobacter	Candidatus_Paracaedibacter	Dechloromonas	Rickettsiaceae_Genus	Chitinophagales_Genus	Culicoidibacter	Mycobacterium	Clostridium	KD3.93_Genus	Pseudoxanthomonas	Gammaproteobacteria_Genus	Burkholderiales_Genus	SWB02	Noviherbaspirillum	Crenobacter	Gemmata	X37.13_Genus	Haliangiaceae_Genus	Paracaedibacteraceae_Genus	Lutispora	Beijerinckiaceae_Genus	Comamonadaceae_Genus	Piscinibacter	Nitrospira	Hirschia	Rhodococcus	Frankiales_Genus	Pseudobdellovibrionaceae_Genus	Phaselicystis	Roseomonas	Aeromonas	env.OPS_17_Genus	Pseudomonas	Pedomicrobium	Reyranella	JGI_0001001.H03	Obscuribacteraceae_Genus	Rhodocyclaceae_Genus	Candidatus_Bealeia	Luteolibacter	Hyphomicrobiales_Genus	Cytophagales_Genus	Cetobacterium	Gemmataceae_Genus	Bradyrhizobium	Aquihabitans	Enterobacterales_Genus	Micrococcus	Arthrobacter	Sphingorhabdus	SH.PL14	Planctomycetes_Genus	Candidatus_Obscuribacter	Paracoccaceae_Genus	Gemmobacter	Nocardioides	Lysobacter	Hassallia	Bacillota_Genus	Terrimonas	Leuconostoc	Altererythrobacter	Blastocatellaceae_Genus	SM1A02	Pirellula	Burkholderia.Caballeronia.Paraburkholderia	bacteriap25_Genus	Brevifollis	Granulosicoccus	Pajaroellobacter	IS.44	Bacteroidia_Genus	Sphaerotilus	Sandaracinaceae_Genus	Marmoricola	Emticicia	NS9_marine_group_Genus	Hyphomicrobium	Cytophaga	Gracilibacteria_Genus	Verrucomicrobiaceae_Genus	Candidatus_Protochlamydia	Prosthecomicrobium	Armatimonadaceae_Genus	Anaerovorax	Alphaproteobacteria_Genus	Microscillaceae_Genus	Paludibaculum	Candidatus_Jidaibacter	NS11.12_marine_group_Genus	Xanthobacteraceae_Genus	Vampirovibrionaceae_Genus	Nocardia	Flavobacterium	P3OB.42	Devosia	Saprospiraceae_Genus	Staphylococcus	Leeia	Chlamydiales_Genus	Microtrichaceae_Genus	Ensifer	Paucibacter	Telmatocola	Rhizobium	Agitococcus	Paenirhodobacter	Opitutaceae_Genus	Novosphingobium	Pseudomonadota_Genus	Candidatus_Berkiella	Pseudobdellovibrio	Chitinibacter	Sphingomonas	Polyangiia_Genus	Roseicella	A21b_Genus	Moraxellaceae_Genus	Gaiellales_Genus	Shinella	Sutterellaceae_Genus	Fluviicola	Niveibacterium	Vibrionaceae_Genus	Exiguobacterium	AAP99	SM2D12_Genus	Babeliaceae_Genus	Turicibacter	Chitinilyticum	Fimbriiglobus	Acinetobacter	BIrii41_Genus	Eremiobacteria_Genus	Stagnimonas	Vibrio	Bdellovibrio	Streptococcus	Candidatus_Ovatusbacter	Shewanella	Bryobacteraceae_Genus	X11.24_Genus	Dinghuibacter	Runella	Truepera	Fusobacteriaceae_Genus	Sphingomonadaceae_Genus	Abditibacterium	Candidatus_Alysiosphaera	X0319.6G20_Genus	Oligoflexaceae_Genus	Rhizorhapis	Ahniella	Rubrivivax	Neochlamydia	Blfdi19_Genus	Lineage_IIc_Genus	Chryseotalea	Ga0077536_Genus	Verrucomicrobiia_Genus	Elstera	Phenylobacterium	Pasteurella	Kineosporiaceae_Genus	Microtrichales_Genus	Paracoccus	Sphingopyxis	Rhizobiaceae_Genus	cvE6_Genus	Pseudoduganella	Pir4_lineage	Agromyces	Planctomycetota_Genus	mle1.27_Genus	IMCC26207	Dyadobacter	Caedibacter	Brevundimonas	Thermoleophilia_Genus	Thermoanaerobacterium	Bosea	MBNT15_Genus	LiUU.11.161_Genus	Undibacterium	Stella	Neisseriaceae_Genus	OM190_Genus	TM7a	Pectobacteriaceae_Genus	Parvibium	Afipia	Pseudolysobacter	Cellvibrio	Lactobacillus	WY65	Chryseobacterium	Glutamicibacter	Vicinamibacteraceae_Genus	Sediminibacterium	alphaI_cluster	Vampirovibrionales_Genus	Chitinophagaceae_Genus	Kapabacteriales_Genus	Chlamydiaceae_Genus	Actinobacteria_Genus	Gordonia	Alicyclobacillus	LWQ8_Genus	Fimbriimonadaceae_Genus	Gemmatimonas	TRA3.20_Genus	Bacilli_Genus	Tundrisphaera	KD4.96_Genus	Curvibacter	Caldilineaceae_Genus	PMMR1	OLB17	Thermoactinomyces	Flavihumibacter	Anaerocolumna	Micavibrionales_Genus	Longivirga	Rhodospirillales_Genus	Bacillus	Deinococcus	Holosporaceae_Genus	Pontibacter	SH3.11	Kineococcus	Sphingobium	CL500.3	Ruminiclostridium	Aquabacterium	Myxococcaceae_Genus	Marinomonas	Barnesiellaceae_Genus	X67.14_Genus	Pyrinomonadaceae_Genus	Nevskiaceae_Genus	Variovorax	Aerococcaceae_Genus	Blastocatella	CSP1.2	Ottowia	Serinicoccus	Oscillospiraceae_Genus	Stenotrophomonas	Sandaracinus	Opitutus	Malacoplasma	AKYH767_Genus	Blastomonas	X28.YEA.48	PeM15_Genus	Cypionkella	Thermodesulfobacteriota_Genus	Nordella	Cloacibacterium	Allomeiothermus	Paraconexibacter	Defluviimonas	JG30.KF.CM45_Genus	Rhodovastum	Methylorubrum	Massilia	Thermomicrobiales_Genus	Solirubrobacterales_Genus	Paraclostridium	Alcaligenaceae_Genus	Schlesneria	Pseudomonadales_Genus	Candidatus_Captivus	Brevitalea	Sporichthyaceae_Genus	Enterococcus	Psychromonas	Gemmatimonadaceae_Genus	Rubritaleaceae_Genus	oc32	Lactobacillaceae_Genus	Campylobacterales_Genus	DEV114	Simkaniaceae_Genus	RBG.13.54.9_Genus	Plesiomonas	Arthrospira_PCC.7345	Ferruginibacter	Lactococcus	Anoxybacillus	OLB12	Thermus	Rheinheimera	Sporomusaceae_Genus	Acidiferrimicrobium	Rhodospirillaceae_Genus	Mediterraneibacter	Raineya	NB1.j_Genus	Rickettsia	Rhodopseudomonas	Vampirovibrio	Acidovorax	Kocuria	Polyangiales_Genus	Elsteraceae_Genus	Methyloligellaceae_Genus	Mesorhizobium	Pseudorhizobium	Mariniblastus	Azospira	Nannocystis	Isosphaeraceae_Genus	Fuscovulum	Aureimonas	Turneriella	Polyangiaceae_Genus	Permianibacter	Geodermatophilus	Hyphomonadaceae_Genus	Delftia	Steroidobacter	Actinoplanes	Corynebacterium	Lysobacteraceae_Genus	Latilactobacillus	Parcubacteria_Genus	Flectobacillus	Desulfotomaculum	KD3.10	Pedobacter	Anaerospora	Thermobrachium	Peptostreptococcaceae_Genus	Romboutsia	Babeliales_Genus	Enhydrobacter	Aeromicrobium	Methyloversatilis	Bordetella	Haliscomenobacter	SD04E11	Acidibacter	Hydrogenophaga	Kinneretia	Panacibacter	Thermoactinomycetaceae_Genus	Methylibium	Perlucidibaca	Aurantisolimonas	Anaerotaenia	DSSD61	Vogesella	CL500.29_marine_group	Pirellulaceae_Genus
f16	0	0	0	0	0	0	18	0	21	0	9	0	8	151	8	5	0	737	0	0	3617	7	5	0	0	121	12	0	0	1869	0	0	5	0	0	0	0	0	0	0	8	0	12	0	16	58296	0	3289	0	0	0	0	0	0	0	0	2	581	0	0	20	0	0	0	0	0	0	0	209	116	0	0	0	0	0	0	0	0	0	7	4	0	0	0	0	0	56	0	0	0	71	0	0	0	3	0	0	0	0	0	0	0	0	0	0	0	0	0	777	0	0	0	0	0	0	0	0	3560	0	14	16	52	0	0	0	0	0	0	0	0	0	5	0	0	0	232	225	3996	0	0	0	0	0	0	356	0	30	0	0	0	0	23	0	0	434	0	0	46	0	0	0	0	0	0	0	0	0	0	0	0	0	0	3	0	18	4	0	0	0	0	0	0	0	0	24	0	0	0	0	6	0	0	0	0	0	32	0	0	115	0	0	0	0	0	0	0	0	245	0	0	0	27	0	0	0	0	0	0	0	0	0	0	0	0	0	0	0	23	0	0	0	0	0	0	0	0	0	0	0	0	8	4	0	0	0	0	0	0	0	0	0	5	0	0	0	0	0	0	0	0	0	0	4	0	0	11	0	0	0	0	0	0	0	33	0	0	0	0	0	0	0	0	0	0	0	0	0	0	0	0	0	0	0	0	0	0	0	0	0	0	64	0	0	11	0	0	0	0	0	0	0	0	0	0	0	0	0	0	0	0	0	0	0	0	0	0	0	0	0	0	0	0	0	0	0	0	0	0	4	0	0	0	0	0	0	0	0	0	0	0	0	0	0	0	0	0	0	0	0	0	0	0	0	0	120	0	0	0	0	0
f17	0	0	0	0	0	0	0	71	110	0	0	0	23	1116	0	5	0	1877	0	0	4054	38	140	0	0	304	8	0	0	3073	7	0	0	0	0	0	5	0	0	0	19	0	33	0	330	27387	2	996	5	0	0	0	0	0	0	0	0	6278	19	20	107	0	0	0	0	24	0	0	1410	338	0	0	0	0	0	0	0	0	0	18	0	0	0	0	0	0	0	0	0	0	0	0	0	0	0	0	0	0	0	0	0	0	0	0	0	0	0	0	163	0	0	0	0	0	23	0	99	1787	0	41	0	496	0	0	0	0	0	0	0	0	0	0	0	0	0	313	146	986	0	0	0	0	0	0	399	9	29	0	0	0	5	6	8	0	170	0	0	426	0	0	0	0	0	0	26	0	0	0	44	5	0	0	0	0	31	0	0	0	0	0	0	0	0	0	0	5	4	0	0	22	0	0	0	0	0	37	0	0	0	0	0	0	0	0	0	0	0	2	0	0	0	0	0	0	0	0	0	0	0	0	7	0	0	0	0	0	0	412	0	0	0	0	0	0	0	0	0	19	0	0	0	0	0	37	0	0	0	0	0	0	0	10	0	0	0	0	0	0	0	0	0	0	0	0	0	3	0	0	0	0	9	0	0	16	0	0	0	2	115	0	0	0	0	0	0	0	0	0	0	0	0	0	0	0	0	0	0	0	0	0	190	0	0	0	0	0	0	0	0	0	0	0	0	0	0	0	0	0	0	0	0	0	0	0	0	0	0	0	0	0	0	0	0	0	0	0	0	0	0	0	0	0	0	0	0	0	0	0	0	0	0	0	0	0	0	0	0	0	0	0	0	0	0	0	785	0	0	0	0	0
f18	0	0	0	0	0	0	0	0	20	0	2	0	0	192	0	0	0	358	0	0	1927	7	30	0	0	41	0	0	0	1269	0	0	0	0	0	0	14	0	0	0	5	0	2	0	55	50350	0	289	0	0	0	0	0	0	0	0	0	4358	0	0	11	0	0	0	0	0	0	0	184	71	0	0	0	0	0	0	0	0	0	0	0	0	0	0	0	0	0	0	0	0	0	0	0	0	0	0	0	0	0	0	0	0	0	0	0	0	0	0	28	0	0	0	0	0	8	0	9	220	0	7	0	101	0	0	0	0	0	0	0	0	0	0	0	0	0	65	0	265	0	0	0	0	0	0	166	0	6	0	0	0	0	0	9	0	242	0	0	74	0	0	0	0	0	0	0	0	0	0	9	0	0	0	0	0	4	0	0	0	0	0	0	0	0	0	0	0	2	0	0	5	0	0	0	0	0	14	0	0	0	0	0	0	0	0	0	0	0	0	0	0	0	0	0	0	0	0	0	0	0	0	0	0	0	0	0	0	10	61	0	0	0	0	0	0	0	0	0	5	0	0	0	0	0	0	0	0	0	0	0	0	0	0	0	0	0	0	0	0	0	0	0	0	0	0	0	0	0	0	0	0	0	0	0	0	0	0	0	0	23	0	0	0	0	0	0	0	0	0	0	0	0	0	0	0	0	0	0	0	0	0	186	0	0	2	0	0	0	0	0	0	0	0	0	0	0	0	0	0	0	0	0	0	0	0	0	0	0	0	0	0	0	0	0	0	0	0	0	0	0	0	0	0	0	0	0	0	0	0	0	0	0	0	0	0	0	0	0	0	0	0	0	0	0	0	112	0	0	0	0	0
f19	0	0	0	0	0	0	0	2	41	0	0	0	5	659	0	0	0	935	0	0	3942	13	4	0	0	180	0	0	0	2664	0	0	0	0	0	0	0	0	0	0	0	0	6	0	166	39100	0	686	0	0	0	0	17	0	0	0	0	6376	3	6	50	7	0	0	0	5	0	0	666	220	0	0	0	0	0	0	0	0	0	0	0	0	0	0	0	0	0	0	0	0	0	0	0	0	0	0	0	0	0	0	4	0	0	0	0	0	0	0	349	0	0	0	0	0	8	0	17	2319	0	0	0	151	0	0	0	0	0	0	0	0	0	0	0	0	0	323	185	367	0	0	0	0	0	0	344	0	8	0	0	0	0	0	0	0	114	0	0	175	0	0	0	0	0	0	3	0	0	0	17	0	0	0	0	0	62	0	0	0	0	0	0	0	0	0	0	0	0	0	0	0	0	0	0	0	0	47	0	0	0	0	0	0	0	0	0	0	0	19	0	0	0	0	0	0	0	0	0	0	0	0	4	0	0	0	0	0	0	121	0	0	0	0	0	0	0	0	0	0	0	0	0	0	0	0	0	0	0	0	0	0	0	13	0	0	0	0	0	0	0	0	0	0	0	0	0	0	0	0	0	0	0	0	0	24	0	0	0	0	35	0	0	0	0	0	0	0	0	0	0	0	0	0	0	0	0	0	0	0	0	0	360	0	0	0	0	0	0	0	0	0	0	0	0	0	0	0	0	0	0	0	0	0	0	0	0	0	0	0	0	0	0	0	0	0	0	0	0	0	0	0	0	0	0	0	0	0	0	0	0	0	0	0	0	0	0	0	0	0	0	0	0	0	0	0	354	0	0	0	0	0
f20	0	0	0	0	0	0	4	98	175	8	0	3	50	1679	0	10	0	2893	0	0	4373	155	9	0	0	580	12	0	0	3590	27	0	0	0	0	0	10	0	0	0	37	0	37	0	538	21442	0	1688	5	0	0	0	0	0	0	0	3	5772	15	50	178	4	0	0	0	27	0	0	2016	503	3	0	0	7	0	0	0	0	0	46	0	0	0	0	0	0	0	0	0	4	0	0	0	0	0	0	3	0	0	0	0	0	0	0	0	0	0	30	219	0	20	0	0	0	69	0	295	4821	0	86	0	1077	0	0	0	0	0	0	0	0	0	0	0	5	0	463	297	1065	0	0	0	0	0	0	225	12	29	0	0	0	0	0	0	0	133	0	0	666	0	0	0	0	0	0	20	0	0	0	53	7	0	0	0	0	25	0	0	0	0	8	0	0	0	0	0	20	11	0	0	30	0	0	0	0	0	56	4	0	0	0	0	0	0	6	0	0	0	45	0	0	0	0	0	0	0	0	0	0	0	0	25	0	0	0	0	0	0	523	0	0	0	0	0	0	0	0	0	11	0	0	0	0	0	31	0	0	0	0	0	0	0	0	0	0	0	0	0	0	0	0	0	0	0	0	0	0	0	0	0	0	37	0	0	37	0	0	0	5	112	0	0	0	0	28	0	0	0	0	0	0	0	0	0	0	0	0	0	0	0	0	154	0	0	0	0	0	0	0	0	0	0	0	0	0	0	79	0	0	0	0	0	0	0	0	0	0	0	0	91	0	0	0	0	0	0	0	0	0	0	0	0	0	0	0	0	0	0	0	0	0	0	0	0	0	0	0	0	0	0	0	0	0	0	0	1202	0	0	0	0	0
f46	36	131	0	0	0	0	95	75	172	0	0	0	560	1208	0	51	23	1627	3	4	211	185	666	0	4	227	6	36	3	558	167	2	1808	5	0	0	310	18	93	6	92	0	258	13	120	19774	994	2386	35	22	0	21	12	0	35	0	4659	3008	101	178	54	0	0	0	143	57	0	221	2545	1444	10	0	47	0	0	0	0	0	0	58	0	0	30	0	34	0	190	156	76	0	57	4	0	106	10	0	0	0	38	0	0	33	3	0	0	0	0	50	521	8	6	223	0	0	0	0	88	1434	86	308	210	265	9	13	0	0	79	0	0	38	4	0	0	0	0	222	158	574	0	0	0	0	0	0	35	355	0	48	53	0	0	100	0	2	22	0	4	605	31	0	0	0	0	0	25	0	4	0	0	0	0	0	2239	6	0	1178	0	0	0	0	12	8	46	2	10	19	0	0	18	18	0	0	0	0	0	132	3	0	435	0	0	320	0	0	0	0	68	295	0	13	0	10	41	88	19	0	4	61	0	0	158	0	0	3	0	0	0	981	0	17	0	0	0	0	0	0	0	19	0	0	0	0	0	0	0	0	0	0	107	0	0	6	0	11	3	0	0	5	0	0	0	0	0	3	10	0	0	0	0	0	0	0	17	86	0	4	0	4	0	0	0	0	0	0	0	0	0	0	0	0	0	0	16	0	0	0	0	0	0	2	109	0	0	0	0	43	0	5	243	0	0	0	0	9	0	16	0	56	122	0	5	0	0	0	0	0	0	0	71	0	22	0	0	0	0	0	0	0	0	0	0	0	0	0	0	0	0	0	0	0	0	0	0	0	0	631	0	0	66	0	0	0	0	0	434	0	0	0	0	0
f47	0	0	0	0	0	0	0	31	256	0	0	0	3	1028	0	79	0	1178	0	0	289	156	202	0	0	281	0	0	0	679	11	0	0	0	0	0	33	0	0	0	0	0	33	0	85	50034	0	3930	10	7	0	16	0	0	11	0	24	457	0	124	43	8	0	0	0	50	0	72	2325	1149	10	0	0	0	0	0	0	0	0	47	0	0	0	0	0	0	0	0	0	0	0	0	0	0	0	0	0	0	0	0	0	0	0	0	0	3	0	13	99	0	0	0	0	0	0	0	67	1396	0	380	0	160	0	0	0	0	0	0	0	0	0	0	0	0	0	190	143	247	0	0	0	0	0	0	176	0	0	0	0	0	0	0	6	0	49	0	0	698	0	0	0	0	0	0	15	4	0	0	0	0	0	0	14	0	3	5	0	0	14	2	0	0	17	0	0	0	0	0	0	22	0	0	0	0	0	127	8	0	9	0	0	0	0	0	0	0	0	124	0	0	0	0	0	0	0	0	0	0	0	0	0	0	0	0	0	0	0	746	0	0	0	0	0	0	0	0	0	14	0	0	0	0	0	9	0	0	0	0	0	0	0	0	0	0	0	0	0	0	0	0	0	0	0	0	0	0	0	0	0	9	0	0	0	941	0	0	0	3	3	0	0	0	0	0	0	0	0	0	0	0	0	0	0	0	0	0	0	0	0	0	92	0	0	0	0	0	0	0	77	0	0	0	0	0	0	0	0	0	0	0	0	0	0	0	0	0	0	5	0	0	0	0	0	0	0	0	0	0	0	0	0	0	0	0	0	0	0	0	6	0	3	0	0	0	0	0	0	0	0	0	0	0	0	0	521	0	0	0	0	0
f48	158	65	0	0	0	3	654	33	13	0	34	0	60	839	0	5	0	1430	0	0	47	645	16	0	0	134	4	8	0	831	104	0	540	31	0	0	702	0	53	25	255	0	5	0	0	4433	562	6091	41	0	0	0	0	0	0	0	268	229	91	41	0	0	16	0	66	14	0	49	303	42	48	42	0	0	0	0	0	0	0	46	0	0	21	0	5	0	836	312	24	0	1048	0	0	9	3342	24	0	0	0	0	0	0	0	0	0	0	0	173	93	0	0	20	0	73	0	13	54	7083	0	32	0	224	0	153	0	0	29	0	19	13	0	0	0	0	0	0	230	4845	0	0	0	0	0	0	9	0	0	7	48	0	0	4019	6	0	0	0	0	36	151	0	0	0	0	0	3	0	0	0	0	0	0	0	243	0	0	58	14	0	4	0	56	0	1610	0	5194	0	0	0	36	0	0	0	0	0	0	83	0	0	3281	0	39	36	0	0	0	0	34	3624	0	0	0	0	3	135	0	0	58	5	0	0	128	0	0	0	0	0	0	176	0	0	0	0	0	0	0	0	0	0	0	0	0	0	0	0	0	0	0	0	675	0	0	6	0	0	0	0	0	0	0	0	0	0	0	0	0	0	0	25	0	0	0	0	0	160	0	0	0	9	0	0	0	0	0	0	0	0	0	0	0	0	0	0	0	0	0	0	0	0	0	0	37	0	44	0	0	0	0	0	54	0	0	0	0	0	0	0	0	66	0	0	7	0	0	0	0	0	0	0	205	0	21	0	0	0	0	0	0	0	0	0	0	0	0	0	0	0	0	0	0	0	0	0	0	0	0	280	0	0	0	0	0	0	0	0	54	0	0	22	0	0
f49	0	0	0	0	0	0	0	9	150	0	4	0	21	574	0	37	0	538	0	0	669	103	239	0	0	227	0	0	0	1112	5	0	0	0	0	0	0	0	0	0	0	0	34	0	59	75047	0	2078	0	0	0	24	0	0	27	0	0	1017	21	63	44	0	0	0	0	76	0	64	1610	947	0	0	0	0	0	0	0	0	0	48	0	0	0	0	0	0	0	0	0	0	0	0	0	0	0	0	3	0	0	0	0	0	0	0	0	0	0	0	129	0	0	0	0	0	0	0	29	1540	0	188	0	122	0	0	0	0	0	0	2	0	0	0	0	0	0	282	192	437	0	0	0	0	0	0	309	0	0	0	0	0	0	0	0	0	104	0	0	361	0	0	0	0	0	0	11	0	0	0	14	0	0	0	9	0	0	0	0	0	0	0	0	0	0	0	0	14	0	0	0	18	0	0	0	0	0	71	0	0	0	0	0	0	0	0	0	0	0	45	0	0	0	0	0	0	5	0	0	0	0	0	0	0	0	0	0	0	0	522	0	0	0	0	0	0	0	0	0	18	0	0	0	0	0	6	0	0	0	0	0	0	0	11	0	0	0	0	0	0	0	0	0	0	0	0	0	4	0	0	0	7	0	0	0	207	0	0	0	0	0	0	0	0	0	0	0	0	0	0	0	0	0	0	0	0	0	0	0	0	0	0	191	0	0	0	0	0	0	0	0	0	0	0	0	0	0	0	0	0	0	0	0	0	0	0	0	0	0	0	0	0	0	0	0	0	0	0	0	0	0	0	0	0	0	0	0	0	0	0	0	0	6	0	0	0	0	0	0	0	0	0	0	0	0	0	320	0	0	0	0	0
f50	0	0	0	0	0	0	0	0	60	0	0	0	0	135	0	6	0	546	0	0	173	26	22	0	0	35	17	0	0	198	0	0	0	0	0	0	0	0	0	0	0	0	6	0	0	54182	0	1300	0	0	0	0	0	0	0	0	0	297	4	33	5	0	0	0	0	6	0	15	417	204	0	0	0	0	0	0	0	0	0	9	0	0	0	0	0	0	0	0	0	0	0	0	0	0	0	0	0	0	0	0	0	0	0	0	0	0	0	0	19	0	0	0	0	0	0	0	18	295	0	64	0	38	0	0	0	0	0	0	0	0	0	0	0	0	0	49	45	111	0	0	0	0	0	0	132	0	0	0	0	0	0	0	16	0	19	0	0	161	0	0	0	0	0	0	0	0	0	0	0	0	0	0	0	0	0	0	0	0	0	0	0	0	0	0	0	0	0	0	0	0	0	0	0	0	0	18	5	0	0	0	0	0	0	0	0	0	0	8	0	0	0	0	0	0	0	0	0	0	0	0	0	0	0	0	0	0	0	174	0	0	0	0	0	0	0	0	0	0	0	0	0	0	0	0	0	0	0	0	0	0	0	0	0	0	0	0	0	0	0	0	0	0	0	0	0	18	0	0	0	0	0	0	0	80	0	0	0	0	0	0	0	0	0	0	0	0	0	0	0	0	0	0	0	0	0	0	0	0	0	0	23	0	0	0	0	0	0	0	0	0	0	0	0	0	0	0	0	0	0	0	0	0	0	0	0	0	0	0	0	0	0	0	0	0	0	0	0	0	0	0	0	0	0	0	0	0	0	0	0	0	0	0	0	0	0	0	0	0	0	0	0	0	0	0	87	0	0	0	0	0
f76	0	0	0	0	0	0	0	0	0	0	0	0	0	60	0	0	0	0	0	0	5347	18	0	0	0	35	3	0	0	2165	0	0	0	0	0	0	0	0	0	0	0	0	0	0	25	16260	0	673	0	0	0	0	0	0	0	0	11	21934	7	0	2	0	0	0	0	2	0	0	233	107	0	0	0	0	0	0	0	0	0	0	0	0	0	0	0	0	0	0	0	0	0	0	0	0	0	0	0	0	0	0	0	0	0	0	0	0	0	0	47	0	0	0	0	0	0	0	11	1211	0	0	0	74	0	0	0	0	0	0	0	0	0	0	0	0	0	0	0	0	0	0	0	0	0	0	1725	0	0	0	0	0	0	0	0	0	438	0	0	0	0	0	0	0	0	0	0	0	0	0	0	0	0	0	3	0	9	0	0	0	0	0	0	0	0	3	0	0	222	0	0	0	0	0	0	0	0	33	0	0	0	0	0	0	0	0	0	0	0	0	0	0	0	0	0	0	0	0	0	0	0	0	0	0	0	0	0	0	0	78	0	0	0	0	0	0	0	0	0	0	0	0	0	0	0	0	0	0	0	0	0	0	0	6	0	0	0	0	0	0	0	0	0	0	0	0	0	27	0	0	0	0	0	0	0	0	0	0	0	0	0	0	0	0	0	0	0	0	0	0	0	0	0	0	0	0	0	0	0	0	0	0	1032	0	0	0	0	0	0	0	0	0	0	0	0	0	0	0	0	0	0	0	0	0	0	0	0	0	0	0	0	0	0	0	0	0	0	0	0	0	0	0	0	0	0	0	0	0	0	0	0	0	0	0	0	0	0	0	0	0	0	0	0	0	0	0	0	0	0	0	0	0
f77	0	24	0	0	0	0	58	8	26	0	0	0	10	187	0	0	0	129	0	0	2704	39	13	0	0	218	5	0	0	3834	13	0	117	0	0	0	12	0	0	0	0	0	0	0	57	23050	32	1273	14	3	0	0	0	0	0	2	368	8143	18	0	16	0	0	0	0	8	0	5	618	246	0	0	0	0	0	0	0	0	0	16	0	0	0	0	0	0	67	115	0	0	7	0	0	10	0	0	0	0	0	0	0	0	0	0	0	0	0	0	124	0	0	30	0	0	0	0	26	2251	11	43	20	314	0	0	0	0	0	0	0	3	9	0	0	0	0	12	37	10	0	0	0	0	0	0	885	25	0	0	5	0	0	7	0	0	320	0	0	0	0	0	0	0	0	0	0	0	0	0	0	8	0	0	49	0	21	111	0	0	0	0	0	0	0	3	0	0	358	0	0	0	0	0	0	0	0	62	3	0	43	0	0	22	0	0	0	0	3	111	0	3	0	0	0	15	0	0	0	0	0	0	0	0	0	0	0	0	0	373	0	0	0	0	0	0	0	0	0	0	0	0	0	0	0	0	0	0	0	0	13	0	0	0	0	0	0	0	0	0	0	0	0	0	0	0	0	12	0	0	0	0	19	0	0	0	0	0	0	3	0	0	0	0	0	0	0	0	2	0	0	0	0	0	0	0	0	0	0	0	4	0	365	0	0	0	0	0	0	8	0	0	0	0	0	0	0	23	0	12	0	0	4	0	0	0	0	0	0	0	30	0	0	0	0	0	0	0	0	0	0	0	0	0	0	0	0	0	0	0	0	0	0	0	0	0	0	178	0	0	0	0	0	0	0	0	28	0	0	0	0	0
f78	0	0	0	0	0	0	0	0	21	0	4	0	0	175	0	0	0	0	0	0	5303	31	0	0	0	121	4	0	0	845	0	0	0	0	0	0	0	0	0	0	0	0	0	0	23	26073	0	497	0	3	0	0	0	0	0	5	22	17466	7	0	0	0	0	0	0	7	0	0	402	118	0	0	0	0	0	0	0	0	0	12	0	0	0	0	0	0	0	0	0	0	0	0	0	0	0	0	0	0	0	0	0	0	0	0	0	0	0	0	115	0	0	0	0	0	0	0	13	2875	0	0	0	343	0	0	0	0	0	0	0	0	8	0	0	0	0	0	65	3	0	0	0	0	0	0	263	0	0	0	0	0	0	0	0	0	159	0	0	0	0	0	0	0	0	0	0	0	0	0	0	7	0	0	0	0	20	0	0	0	0	0	0	0	0	0	0	0	357	0	0	0	0	0	0	0	0	53	0	0	0	0	0	0	0	0	0	0	0	7	0	0	0	0	0	0	0	0	0	0	0	0	0	0	0	0	0	0	0	294	0	0	0	0	0	0	0	0	0	0	0	0	0	0	0	0	0	0	0	0	0	0	0	0	0	0	0	0	0	0	0	0	0	0	0	0	0	22	0	0	0	0	0	0	0	0	0	0	0	5	0	0	0	0	0	0	0	0	0	0	0	0	0	0	0	0	0	0	0	0	0	0	231	0	0	0	0	0	0	0	0	0	0	0	0	0	0	0	0	0	0	0	0	0	0	0	0	0	0	0	0	0	0	0	0	0	0	0	0	0	0	0	0	0	0	0	0	0	0	0	0	0	0	0	0	0	0	0	0	0	0	0	0	0	0	0	0	0	0	0	0	0
f79	0	0	0	0	0	0	0	0	25	0	6	0	0	158	0	0	0	0	0	0	8101	23	0	0	0	256	0	0	0	6997	7	0	0	0	0	0	0	0	0	0	0	0	2	0	28	10369	0	987	0	12	0	0	0	0	0	0	134	16126	20	0	0	3	0	0	0	9	0	0	698	201	0	0	0	6	0	0	0	0	0	11	0	0	0	0	0	0	0	0	0	0	0	0	0	0	0	0	0	0	0	0	0	0	0	0	0	0	0	0	146	0	0	0	0	0	0	0	29	6266	0	0	6	167	0	0	0	0	0	0	0	0	10	0	0	0	0	0	107	0	0	0	0	0	0	0	316	0	0	0	0	0	0	0	0	0	103	0	0	0	0	0	0	0	0	0	0	0	0	0	0	0	0	0	0	0	101	0	0	0	0	0	0	0	0	7	0	0	841	0	0	0	0	0	0	0	0	125	0	0	0	0	0	0	0	0	0	0	0	34	0	0	0	0	0	14	0	0	0	0	0	0	0	0	0	0	0	0	0	289	0	0	0	0	0	0	0	0	0	0	0	0	0	0	0	4	0	0	0	0	0	0	0	0	0	0	0	0	0	0	0	0	0	0	0	0	0	14	0	0	0	0	0	0	0	0	0	0	0	0	0	0	0	0	0	0	0	0	0	0	0	0	0	0	0	0	0	0	0	0	0	0	2784	0	0	0	0	0	0	0	0	0	0	0	0	0	0	0	0	0	0	0	0	0	0	0	0	0	0	0	0	0	0	0	0	0	0	0	0	0	0	0	0	0	0	0	0	0	0	0	0	0	0	0	0	0	0	0	0	0	0	0	0	0	0	0	0	0	0	0	0	0
f80	7	40	0	0	0	0	25	37	112	0	0	0	261	345	0	11	4	1680	0	0	2197	449	528	0	0	201	8	0	0	1928	19	0	662	0	0	0	143	0	28	8	0	0	84	7	55	23906	178	1472	22	16	0	16	28	0	0	0	2700	9539	58	81	37	0	0	0	82	36	0	87	927	459	0	0	11	0	16	0	0	0	0	22	0	0	9	0	0	0	117	140	21	0	8	0	5	57	18	0	0	0	0	0	2	10	0	0	0	0	0	41	378	0	22	117	0	0	0	0	72	1778	22	138	272	227	0	0	0	0	3	0	0	28	0	0	0	0	0	36	113	146	0	0	0	0	0	0	563	65	0	7	9	0	13	153	5	0	156	0	9	153	43	0	0	0	0	0	5	0	0	0	0	0	0	0	655	0	26	1398	0	0	0	0	0	0	59	0	0	2	284	0	0	0	0	0	0	0	0	57	0	0	333	0	0	85	0	0	0	0	0	104	0	9	0	0	6	71	0	0	0	5	0	0	160	0	0	0	0	0	0	442	0	0	0	0	0	0	0	0	0	4	0	0	12	7	0	0	0	0	0	0	49	0	0	0	4	0	0	0	0	7	0	0	0	0	0	0	0	21	0	0	0	0	0	0	10	55	0	0	0	3	0	0	0	0	0	0	0	0	0	0	0	0	0	0	0	0	0	0	0	0	0	0	257	0	0	0	0	13	0	5	110	0	0	0	0	0	0	0	0	25	0	0	0	0	0	0	0	0	0	0	38	0	11	0	0	0	0	0	0	0	0	0	0	0	2	0	0	0	0	0	0	0	0	0	0	0	0	252	0	0	0	0	0	0	0	0	127	0	0	0	0	0
f196	0	0	0	0	0	0	0	0	0	0	0	0	0	253	0	0	0	0	0	0	10	23	0	0	0	5	0	0	0	2272	0	0	0	0	0	0	0	0	0	0	0	0	0	0	0	14281	0	4473	0	0	0	0	0	0	0	0	0	24795	0	0	0	0	0	0	0	0	0	0	274	23	0	0	0	0	0	0	0	0	0	0	0	0	0	0	0	0	0	0	0	0	0	0	0	0	0	0	0	0	0	0	0	0	0	0	0	0	0	0	0	0	0	0	0	0	0	0	0	264	0	0	0	0	0	0	0	0	0	21	0	0	0	0	0	0	0	0	0	0	0	0	0	0	0	0	4	0	73	0	0	0	0	0	0	0	1003	0	0	0	0	0	0	0	0	0	0	0	0	0	0	0	0	0	0	0	0	0	0	0	0	0	0	0	0	0	0	0	0	0	0	0	0	0	0	0	0	72	0	0	0	0	0	0	0	0	0	0	0	0	0	0	0	0	0	0	0	0	0	0	0	0	0	0	0	0	0	0	0	0	0	0	0	0	0	0	0	0	0	0	0	0	0	0	0	0	0	0	0	0	0	0	0	17	0	0	0	0	0	0	0	0	0	0	0	0	0	0	0	0	0	0	0	0	0	0	0	0	0	0	0	0	0	0	0	0	0	0	0	0	0	0	0	0	0	0	0	0	0	0	0	0	2955	0	0	0	0	0	0	0	0	0	0	0	0	0	0	0	0	5	0	0	0	0	0	0	0	0	0	0	0	0	0	0	0	0	0	0	0	0	0	0	0	0	0	0	0	0	0	0	0	0	0	0	0	0	0	0	0	0	0	0	0	0	0	0	49	0	0	0	0	0
f197	5	0	0	0	0	0	31	5	0	0	25	0	3	27	0	0	0	103	0	0	7	28	4	0	0	0	0	0	0	275	3	0	70	8	0	0	5	0	0	0	0	0	8	0	0	55195	0	2782	0	0	0	7	0	0	0	0	210	372	8	8	7	0	0	0	0	0	0	5	126	36	0	0	0	0	0	14	24	0	0	0	0	0	0	17	0	0	0	0	0	0	6	0	0	5	0	0	0	0	0	0	10	0	0	0	0	0	0	18	28	0	0	0	0	0	0	0	86	1483	0	0	39	17	0	0	0	0	0	18	0	0	0	0	0	0	0	0	0	6	0	5	0	0	2	7	6	0	1287	0	8	0	0	0	26	0	287	0	0	0	10	0	0	0	0	0	0	0	0	0	0	0	0	0	10	0	0	75	0	0	0	5	16	0	21	0	3	0	0	0	0	0	0	0	0	0	0	18	0	0	337	0	0	35	0	0	0	0	0	15	2	7	0	0	0	0	0	0	0	0	0	0	0	0	0	0	0	0	0	22	0	0	0	0	0	0	0	0	0	0	0	0	43	0	0	0	0	0	0	0	272	0	0	12	0	0	0	0	0	0	0	0	0	0	0	0	0	0	0	0	0	0	0	0	0	25	0	0	0	0	0	0	0	0	0	0	0	0	0	0	0	0	9	0	6	0	0	10	0	0	0	0	54	0	0	75	0	0	0	0	0	0	0	3	0	0	0	0	0	14	0	0	0	0	0	0	0	0	0	0	30	0	0	0	0	0	0	0	0	0	0	0	0	0	0	0	0	0	0	0	0	19	0	6	0	0	0	36	0	0	12	0	0	0	0	0	0	0	0	0	0	0
f198	0	0	0	2	0	0	2	0	5	0	0	0	0	335	0	0	0	0	0	0	10	13	0	0	0	0	3	0	0	2077	0	0	0	0	0	0	0	0	0	0	0	0	0	0	0	19027	0	6572	0	0	0	0	0	0	0	0	0	22681	0	0	0	11	0	0	0	0	0	0	356	0	0	0	0	0	0	0	0	0	0	0	0	0	0	0	0	0	0	0	0	0	0	0	0	0	0	0	0	0	0	0	0	0	0	0	0	0	0	0	0	0	0	0	0	0	0	0	0	1141	0	0	0	0	0	0	0	0	0	20	0	0	0	0	0	0	0	0	0	0	0	0	0	0	0	0	0	2	225	0	0	0	0	0	21	0	1035	0	0	0	0	0	0	0	0	0	0	0	0	0	0	0	0	0	0	0	0	0	0	0	0	0	0	0	14	0	0	0	0	0	0	0	0	0	0	0	0	98	0	0	0	0	0	0	0	0	0	0	0	7	0	0	0	0	0	0	0	0	0	0	0	0	0	0	0	0	0	0	0	0	0	0	0	0	0	0	0	0	0	0	0	0	0	0	0	0	0	0	0	0	0	0	0	23	0	0	0	0	0	0	0	0	0	0	0	0	0	11	0	0	0	0	0	0	0	0	0	0	14	0	0	0	0	0	0	0	0	0	3	0	0	0	0	0	0	0	0	0	0	0	0	0	3122	0	0	0	0	0	0	0	0	0	0	0	0	0	0	0	0	0	0	0	0	0	0	0	0	0	0	0	0	0	0	0	0	0	0	0	0	0	0	0	0	0	0	0	0	0	0	0	0	0	0	0	0	0	0	0	0	0	0	0	0	0	0	0	63	0	0	0	0	0
f199	0	0	0	0	0	0	0	0	5	0	0	0	0	446	0	0	0	0	0	0	0	235	0	0	0	7	0	0	0	3819	0	0	0	0	0	0	2	0	0	0	0	0	0	0	0	21907	0	5434	3	0	0	0	0	0	0	0	0	17025	0	3	0	0	0	0	0	0	0	0	396	0	0	0	0	0	0	0	0	0	0	0	0	0	0	0	0	0	0	0	0	0	0	0	0	0	0	0	0	0	0	0	0	0	0	0	0	0	0	12	0	0	0	0	0	0	0	0	0	5609	0	0	0	40	0	0	0	0	0	13	0	0	0	0	0	0	0	0	0	0	0	0	0	0	0	0	0	0	162	0	0	0	0	0	17	0	1788	0	0	0	0	0	0	0	0	0	0	0	0	0	0	0	0	0	0	0	0	0	0	0	0	0	0	0	10	0	0	0	0	0	0	0	0	0	0	0	0	95	0	0	0	0	0	0	3	0	0	0	0	33	0	0	0	0	0	0	0	0	0	0	0	0	0	0	0	0	0	0	0	0	0	0	0	0	0	0	0	0	0	0	0	0	0	0	0	0	0	0	0	0	0	0	0	10	0	0	0	0	0	0	0	0	0	0	0	0	0	0	0	0	0	0	0	0	0	0	0	0	0	0	0	0	0	0	0	0	0	0	0	0	0	0	0	0	0	0	0	0	0	0	0	0	2492	0	0	0	0	0	0	0	0	0	0	0	0	0	0	0	0	65	0	0	0	0	0	0	0	0	0	0	0	0	0	0	0	0	0	0	0	0	0	0	0	0	0	0	0	0	0	0	0	0	0	0	0	0	0	0	0	0	0	5	0	0	0	0	67	0	0	0	0	0
f200	0	0	0	0	0	0	11	0	3	0	0	0	0	342	0	0	0	0	0	0	0	20	0	0	0	0	0	0	0	2522	0	0	0	0	0	0	3	0	0	0	0	0	2	0	0	19979	0	5697	0	0	0	0	0	0	0	0	0	28191	2	0	0	0	0	0	0	0	0	0	284	35	0	0	0	0	0	0	0	0	0	0	0	0	0	0	0	0	0	0	0	0	0	0	0	0	0	0	0	0	0	0	0	0	0	0	0	0	0	3	0	0	0	0	0	0	0	0	0	771	0	0	0	27	0	0	2	0	0	12	0	0	0	0	0	0	0	0	0	0	0	0	0	0	0	0	0	0	167	0	0	0	0	0	9	0	1502	0	0	0	0	0	0	0	0	0	0	0	0	0	0	0	0	0	0	0	0	0	0	0	0	0	0	0	13	0	0	0	0	0	0	0	0	0	0	0	0	68	0	0	0	0	0	0	0	0	0	0	0	7	0	0	0	0	0	0	0	0	0	0	0	0	0	0	0	0	0	0	0	3	0	0	0	0	0	0	0	0	0	8	0	0	0	0	0	0	0	0	0	0	18	0	0	14	0	0	0	0	0	0	0	0	0	0	0	0	0	9	0	0	0	0	0	0	0	0	0	0	0	0	0	0	0	0	0	0	0	0	0	0	0	0	0	0	0	0	0	0	0	0	0	0	2999	0	0	0	0	0	0	0	0	0	0	0	0	0	0	0	0	14	0	0	0	0	0	0	0	0	0	0	0	0	0	0	0	0	0	0	0	0	0	0	0	0	0	0	0	0	0	0	0	0	0	0	0	0	0	0	0	0	0	0	0	0	0	0	82	0	0	0	0	0
f226	0	0	0	0	0	0	0	0	0	0	0	0	0	190	0	0	0	143	0	0	0	21	18	0	0	35	20	0	0	366	0	0	0	0	0	0	0	0	0	0	0	0	7	0	14	70100	0	2933	0	3	0	0	0	0	5	0	14	381	0	0	2	0	0	0	0	0	0	0	497	93	0	0	0	0	0	0	0	0	0	3	0	0	0	0	0	0	0	0	0	0	0	0	0	0	0	0	0	0	0	0	0	0	0	0	0	0	0	9	80	0	7	0	0	0	0	0	0	837	0	0	0	22	0	0	0	0	0	0	0	0	0	0	0	0	0	24	206	104	0	0	0	0	0	0	130	0	0	0	0	0	0	0	0	0	27	0	0	40	0	0	0	0	0	0	0	0	0	0	0	0	0	0	0	0	0	0	0	0	0	0	0	0	22	0	0	0	0	0	0	0	0	0	0	0	0	44	0	0	5	0	0	0	0	0	0	0	0	0	0	0	0	0	0	0	0	0	0	0	0	0	0	0	0	0	0	0	0	104	0	0	0	0	0	0	0	0	0	5	0	0	0	0	0	0	0	0	0	0	0	0	0	0	0	0	0	0	0	0	0	0	0	0	0	0	0	0	0	0	0	0	16	0	0	138	0	0	0	0	4	0	0	0	0	0	0	0	0	0	0	0	0	0	0	0	0	0	0	0	0	0	55	0	0	0	0	0	0	0	0	0	0	0	0	0	0	0	0	0	0	0	0	0	0	0	0	0	0	0	0	0	0	0	0	0	0	0	0	0	0	0	0	0	0	0	0	0	0	0	0	0	0	0	0	0	0	0	0	0	0	0	0	0	0	0	85	0	0	0	0	0
f227	0	12	3	0	0	0	6	7	0	0	0	8	46	1322	0	0	0	1216	0	12	39	152	52	0	0	423	6	0	0	1352	32	0	44	0	0	72	41	0	16	10	0	0	48	0	76	42251	0	3326	5	5	0	0	0	0	0	0	4	2406	0	6	0	2	0	0	6	15	0	6	2362	421	0	0	0	0	0	0	0	0	0	17	0	0	0	0	15	0	0	0	0	5	0	0	0	0	0	0	20	0	0	0	0	0	0	0	0	0	0	46	231	0	7	8	0	11	7	0	0	3484	27	0	20	220	0	8	0	0	0	0	0	0	0	0	0	0	0	124	358	326	0	0	14	0	0	0	221	0	0	0	0	0	0	0	0	0	19	0	50	70	0	0	0	0	0	0	0	0	0	0	0	0	0	0	5	2	9	0	0	0	12	0	0	0	87	0	0	14	15	0	0	0	0	0	0	0	0	89	0	0	134	0	0	37	0	0	0	0	0	161	0	0	0	0	2	0	0	0	2	12	0	0	0	0	0	0	0	0	0	299	0	13	0	0	0	0	0	0	0	21	0	7	0	0	0	14	0	0	0	0	54	0	0	0	0	0	7	0	0	0	0	0	0	0	0	0	0	0	6	0	0	0	23	0	0	370	0	0	0	12	10	0	0	0	0	0	0	0	0	0	0	0	0	0	0	0	0	0	0	0	0	0	123	0	204	0	0	0	0	0	0	0	0	0	27	3	0	0	0	17	0	0	0	0	0	0	0	0	0	0	0	0	8	0	0	0	0	0	0	0	0	0	0	4	0	0	0	0	0	0	9	0	0	0	0	0	0	72	0	0	0	0	0	0	0	0	104	0	0	0	0	0
f228	0	0	0	0	0	0	0	0	0	0	0	0	0	130	0	0	0	10	0	0	13	13	6	0	0	28	0	0	0	509	0	0	0	0	0	0	0	0	0	0	0	0	0	0	5	50392	0	304	0	0	0	0	0	0	0	0	23	4290	0	0	0	0	0	0	0	0	0	0	114	24	0	0	0	0	0	0	0	0	0	0	0	0	0	0	0	0	0	0	0	0	0	0	0	0	0	0	0	0	0	0	0	0	0	0	0	0	0	0	35	0	0	0	0	0	0	0	0	349	0	0	3	16	0	0	0	0	0	0	0	0	0	0	0	0	0	17	38	0	0	0	0	0	0	0	84	0	0	0	0	0	0	0	0	0	289	0	0	0	0	0	0	0	0	0	0	0	0	0	0	0	0	0	0	0	4	0	0	0	0	0	0	0	12	0	0	0	0	0	0	0	0	0	0	0	0	33	0	0	7	0	0	0	0	0	0	0	0	0	0	0	0	0	0	0	0	0	0	0	0	0	0	0	0	0	0	0	0	27	0	0	0	0	0	0	0	0	0	0	0	0	0	0	0	0	0	0	0	0	0	0	0	0	0	0	0	0	0	0	0	0	0	0	0	0	0	0	0	0	0	0	0	0	0	38	0	0	0	0	0	0	0	0	0	0	0	0	6	0	0	0	0	0	0	0	0	0	0	0	0	0	222	0	0	0	0	0	0	0	0	0	0	0	0	0	0	0	0	0	0	0	0	0	0	0	0	0	0	0	0	0	0	0	0	0	0	0	0	0	0	0	0	0	0	0	0	0	0	0	0	0	0	0	0	0	0	0	0	0	0	0	0	0	0	0	17	0	0	0	0	0
f229	113	227	23	0	0	0	366	301	42	29	0	18	575	850	0	0	11	967	3	0	15	532	174	3	9	254	15	129	0	587	126	0	2106	14	0	70	821	0	234	41	0	0	121	0	62	18784	586	1154	144	47	0	27	3	0	0	10	506	1301	44	55	3	0	0	0	163	14	0	57	2318	429	0	9	527	0	0	0	0	0	4	69	0	0	35	0	122	0	283	78	6	0	357	79	17	12	26	9	0	0	0	0	30	377	0	5	4	0	0	4780	227	12	88	929	0	119	6	0	15	849	127	113	95	224	18	45	2	0	10	0	0	2	0	0	0	3	0	67	127	468	0	0	69	11	0	0	96	143	0	73	10	0	0	64	0	0	0	6	164	153	44	0	0	0	0	6	40	4	5	0	0	0	10	6	638	21	0	113	0	0	18	8	0	0	180	0	5	11	0	0	0	0	0	0	0	0	0	124	3	0	1576	0	0	599	39	0	0	0	9	610	0	15	0	0	36	48	0	0	2	6	0	0	76	0	0	0	14	0	0	617	0	23	8	0	0	0	0	0	5	31	0	21	0	0	0	78	0	4	0	0	1319	0	2	0	0	0	0	0	0	11	0	0	0	7	0	0	13	4	51	0	0	7	54	8	0	93	0	2	0	25	19	2	0	0	0	0	0	3	0	5	0	0	0	0	23	0	16	0	0	0	0	0	93	0	236	0	0	12	0	6	22	0	0	0	0	0	21	0	0	125	0	0	0	0	7	0	0	0	31	0	261	0	31	0	19	0	14	0	15	0	0	15	0	29	0	0	0	0	0	0	0	0	0	0	4	0	0	958	0	0	0	0	3	0	11	0	78	0	4	0	0	0
f230	0	0	0	0	0	0	0	0	0	0	0	0	0	108	0	0	0	12	0	0	10	14	10	0	0	22	0	0	0	209	0	0	0	0	0	10	0	0	0	0	0	0	2	0	0	65342	0	725	0	0	0	0	0	0	0	0	0	161	0	0	2	0	0	0	0	0	0	0	112	26	0	0	0	0	0	0	0	0	0	0	0	0	0	0	0	0	0	0	0	0	0	0	0	0	0	0	0	0	0	0	0	0	0	0	0	0	0	4	23	0	0	0	0	0	0	0	0	337	0	0	0	0	0	0	0	0	0	0	0	0	0	0	0	0	0	5	9	25	0	0	0	0	0	0	72	0	0	0	0	0	0	0	0	0	6	0	0	0	0	0	0	0	0	0	0	0	0	0	0	0	0	0	0	0	0	0	0	0	0	0	0	0	8	0	0	0	0	0	0	0	0	0	0	0	0	33	0	0	0	0	0	0	0	0	0	0	0	0	0	0	0	0	0	0	0	0	0	0	0	0	0	0	0	0	0	0	0	0	0	0	0	0	0	0	0	0	0	0	0	0	0	0	0	0	0	0	0	0	0	0	0	0	0	0	0	0	0	0	0	0	0	0	0	0	0	0	0	0	0	0	0	0	0	28	0	0	0	0	0	0	0	0	0	0	0	0	0	0	0	0	0	0	0	0	0	0	0	0	0	0	11	0	0	0	0	0	0	0	0	0	0	0	0	0	0	0	0	0	0	0	0	0	0	0	0	0	0	0	0	0	0	0	0	0	0	0	0	0	0	0	0	0	0	0	0	0	0	0	0	0	0	0	0	0	0	0	0	0	0	0	0	0	0	0	0	0	0	0	0	0
f256	0	0	0	0	0	0	19	45	0	0	0	10	26	1160	0	42	0	970	0	0	15	65	1349	0	0	1169	16	0	0	1980	0	0	6	0	0	35	2	0	0	0	0	0	0	0	66	39783	0	5664	0	10	0	0	0	0	12	5	0	3799	0	0	0	0	0	0	0	0	0	11	638	312	0	0	0	0	0	0	0	0	0	0	0	0	0	0	4	0	2	0	0	0	0	0	22	0	0	0	0	0	0	0	0	0	0	0	0	0	0	0	0	0	11	0	0	0	0	5	0	2055	7	0	0	164	0	0	0	0	0	0	0	0	4	0	0	0	0	0	0	3916	0	0	0	0	0	0	415	0	226	6	0	0	0	2	0	0	175	0	4	18	0	0	6	0	0	0	0	0	0	0	0	0	0	0	0	0	6	4	0	0	0	0	0	0	40	0	0	0	0	0	0	0	0	0	0	0	0	70	0	0	25	0	0	5	0	0	0	0	0	8	0	0	0	0	0	0	0	0	0	0	0	0	46	0	0	0	0	0	0	120	0	0	0	0	0	0	0	0	0	24	0	0	5	0	0	0	0	0	0	7	0	0	0	0	6	0	0	0	0	0	0	0	0	0	0	0	0	6	0	0	0	8	31	0	0	740	0	0	0	18	15	0	0	0	0	0	0	0	3	0	0	0	0	0	0	0	0	0	0	0	0	0	399	0	0	0	0	0	0	0	0	0	0	0	0	0	0	19	0	0	0	0	0	0	0	0	0	0	0	0	0	0	10	0	0	0	0	0	0	0	0	0	0	0	0	0	0	0	0	0	47	0	0	0	0	0	0	13	0	0	0	0	0	0	0	0	169	0	0	0	0	0
f257	0	0	0	0	0	0	9	0	3	0	15	0	0	71	0	0	0	305	0	0	5	6	5	0	0	130	4	0	0	178	0	0	20	0	0	0	0	0	0	0	0	0	0	0	0	59361	0	3318	4	0	0	0	0	0	0	0	8	279	2	0	0	2	0	0	3	13	0	0	0	0	0	0	0	0	0	0	0	0	0	0	0	0	0	0	0	0	48	0	0	0	19	0	0	0	0	0	0	0	0	0	0	0	0	0	0	0	0	6	0	0	0	0	48	0	0	0	0	562	4	0	7	0	0	0	0	0	0	0	0	0	0	0	0	0	0	0	0	2820	0	0	0	0	0	0	1171	2	74	0	3	0	0	0	10	0	29	0	6	0	0	0	0	0	0	0	0	0	0	0	0	0	0	0	0	0	0	4	0	0	0	0	15	0	16	0	0	0	0	0	0	0	0	0	0	0	0	43	0	0	54	0	0	0	0	0	0	0	0	13	3	0	0	0	5	0	0	0	0	0	0	0	7	0	0	0	0	0	0	0	0	0	0	0	0	0	0	0	0	0	0	0	0	0	0	0	0	0	0	0	0	0	0	0	0	0	0	0	0	0	0	0	0	0	0	0	0	0	3	0	0	0	0	0	0	19	0	0	0	10	0	0	0	0	0	0	0	0	0	0	0	0	0	0	0	0	0	0	0	0	0	0	28	0	0	0	0	0	0	0	0	0	0	0	0	0	0	0	0	0	0	0	0	0	0	0	0	0	0	0	0	0	0	0	0	0	0	0	0	0	0	0	8	0	0	0	0	0	0	0	0	0	0	0	0	0	0	0	0	0	0	0	0	0	0	0	0	0	0	0	0	0
f258	0	0	0	0	2	0	9	21	0	5	0	0	0	440	0	11	0	430	0	0	16	11	109	0	0	907	0	0	0	930	0	0	0	0	0	29	0	0	0	0	0	0	0	0	21	47993	0	4338	17	0	0	0	0	0	0	6	0	11316	0	0	6	0	0	0	0	0	0	17	431	236	0	0	0	0	0	0	0	0	0	6	0	0	0	0	0	0	0	0	0	0	0	0	31	0	0	3	0	0	0	0	0	0	0	0	0	0	0	0	0	0	0	0	0	0	2	0	0	3672	0	0	4	118	0	0	0	0	0	0	0	0	5	0	0	0	0	0	0	1894	0	0	0	0	0	0	291	0	91	0	0	0	0	0	0	0	198	0	0	0	0	0	0	0	0	0	0	0	0	0	0	0	0	0	0	0	0	3	0	0	0	4	0	0	29	0	0	0	0	0	0	0	0	0	0	0	0	59	0	0	21	0	0	2	0	0	0	0	0	8	0	0	0	0	0	0	0	0	0	0	0	0	13	0	0	0	0	0	0	32	0	0	0	0	0	0	0	0	0	17	0	0	0	0	0	9	0	0	0	0	0	0	0	0	0	0	0	0	0	0	0	0	0	0	0	0	0	0	0	0	0	0	13	0	0	549	0	0	0	9	0	0	0	0	0	0	0	0	0	0	0	0	0	0	0	0	0	0	0	0	0	0	210	0	3	7	0	4	0	0	0	0	0	0	0	0	0	0	0	0	0	0	0	0	0	0	0	0	0	0	0	0	0	0	0	0	0	0	0	0	0	2	0	0	0	0	0	0	0	0	0	0	0	0	0	0	0	0	0	0	0	0	0	0	0	0	118	0	0	0	0	0
f259	0	0	0	0	0	0	0	29	6	0	0	0	0	635	0	45	0	276	0	0	14	41	274	0	0	1028	3	0	0	1588	0	0	0	0	0	19	0	0	0	0	0	0	0	0	36	36874	0	5317	0	4	0	0	0	0	0	8	0	1916	0	0	0	0	0	0	0	6	0	0	444	178	0	0	0	0	0	0	0	0	0	0	0	0	0	2	0	0	0	0	0	0	0	0	0	0	0	0	0	0	0	0	5	0	0	0	0	0	0	20	7	0	0	0	0	0	0	0	0	3049	2	0	0	145	0	0	0	0	0	0	0	0	0	0	0	0	0	0	0	1315	0	0	0	0	0	0	345	0	198	0	0	0	10	0	16	0	153	0	4	11	0	0	0	0	0	0	0	0	0	0	0	0	0	0	6	0	0	0	0	0	0	0	0	0	34	0	0	2	0	0	0	0	0	0	0	0	0	35	0	0	11	0	0	0	0	0	0	0	0	0	0	0	0	0	0	0	0	0	0	0	0	0	16	0	0	0	0	0	0	45	0	0	0	0	0	0	0	0	0	28	0	0	9	0	0	0	0	0	0	0	0	0	0	0	0	0	0	0	0	0	2	0	0	0	0	0	0	0	0	0	0	0	26	0	0	436	0	0	0	5	11	0	0	0	0	0	0	0	0	0	0	0	0	0	0	0	0	0	0	0	0	0	330	0	0	0	0	0	0	0	0	0	0	0	0	0	0	0	0	0	0	0	0	0	0	0	0	0	0	0	0	0	0	0	0	0	0	0	0	0	0	0	0	2	0	0	0	0	0	0	5	0	0	0	0	0	0	6	0	0	0	0	0	0	0	0	139	0	0	0	0	0
f260	0	0	0	0	0	0	0	57	0	0	0	10	0	890	0	42	0	502	0	0	17	76	267	0	0	1513	20	0	0	1877	0	0	0	0	0	37	0	0	0	0	0	0	6	0	58	32109	0	4225	0	0	0	0	0	0	13	5	0	4416	0	0	3	2	0	0	0	0	0	14	703	370	0	0	0	0	0	0	0	0	0	0	0	0	0	0	0	0	0	0	0	0	0	0	7	0	0	0	0	0	0	0	0	0	0	0	0	0	0	7	11	0	0	0	0	0	3	5	0	4175	0	14	0	176	0	0	3	0	0	3	0	0	0	0	0	0	0	0	0	703	0	0	0	0	0	0	333	5	98	0	0	0	0	0	13	0	77	0	0	29	0	0	3	0	0	0	0	0	0	0	0	0	0	0	2	0	0	0	0	0	0	9	0	0	29	0	12	4	0	0	0	0	0	0	0	0	0	45	0	0	10	0	0	0	0	0	0	0	0	0	0	0	0	0	0	0	0	0	0	0	0	0	0	0	0	0	0	0	0	124	0	0	0	0	0	0	0	0	0	39	0	0	0	0	0	0	0	0	0	0	0	0	0	0	3	0	0	0	0	0	0	0	0	0	0	0	0	0	0	0	0	10	0	5	0	597	0	0	0	16	19	0	0	0	2	0	0	0	0	0	0	0	0	0	0	0	0	0	0	0	0	0	634	0	0	0	0	0	0	0	0	0	0	0	0	0	0	11	0	0	0	0	0	0	0	0	0	0	0	0	0	0	0	0	0	0	0	0	0	0	0	0	0	0	0	0	0	0	0	0	0	0	0	0	0	0	0	0	0	0	0	0	0	0	0	0	207	0	0	0	0	0
f21	4	226	0	0	0	0	419	259	77	0	0	0	81	438	0	0	9	258	0	0	975	44	16	0	4	70	0	96	0	875	350	3	4439	0	4	0	791	24	39	96	27	0	163	3	98	42717	30	382	21	0	0	0	0	0	0	4	32	7351	14	0	25	4	0	0	138	11	0	8	648	131	0	0	0	0	17	0	0	0	0	46	19	0	37	0	2	0	69	10084	13	0	64	0	12	5	4	115	0	0	19	0	0	0	0	0	3	0	0	0	55	0	55	202	0	0	0	0	125	575	135	66	18	355	22	0	0	0	14	0	0	2	2	0	0	0	0	80	16	453	0	37	32	0	0	0	88	113	12	0	7	0	0	0	0	0	156	0	23	171	440	0	0	0	0	0	5	2	13	0	0	0	0	0	80	0	8	0	0	0	0	0	12	0	0	0	11	33	0	0	0	0	0	0	0	0	0	28	2	0	39	0	0	109	0	0	0	0	0	7	0	10	0	4	28	38	0	0	180	4	0	0	7	0	3	0	0	0	0	168	0	32	0	0	0	0	0	0	0	0	8	0	40	0	0	0	0	0	0	0	16	0	0	0	0	12	5	0	0	0	0	0	0	0	28	0	0	0	37	0	0	0	31	0	0	8	0	0	0	20	34	0	0	0	0	0	0	0	0	0	0	0	0	0	13	0	0	0	0	0	0	0	143	0	0	0	0	0	0	0	0	0	0	0	0	0	0	30	0	52	0	0	0	0	0	0	0	0	0	0	862	0	0	2	0	0	84	49	0	0	0	0	0	0	0	0	0	0	0	0	0	0	0	0	6	0	0	1167	0	0	0	0	0	0	0	0	129	0	0	0	0	0
f22	0	45	0	0	0	0	0	0	0	0	154	0	0	41	0	0	0	37	0	0	1467	6	0	0	0	0	0	0	0	1210	0	0	29	0	0	0	0	0	0	0	0	24	0	0	0	81812	0	81	0	0	0	0	0	0	0	0	0	2529	0	0	0	0	0	27	0	0	0	0	84	0	40	4	0	0	0	0	0	0	0	0	0	0	0	0	0	0	0	6	0	16	0	0	0	0	0	0	0	0	0	0	0	0	0	0	0	0	0	8	61	0	17	0	0	0	0	0	0	126	0	10	0	0	0	0	4	0	0	0	35	0	0	0	0	0	0	10	8	85	0	0	0	0	0	0	55	0	0	0	0	0	0	0	0	0	35	0	0	0	0	0	0	0	0	0	0	0	0	0	0	0	0	0	0	0	0	2	0	0	0	0	73	0	0	0	23	0	0	0	0	0	0	0	0	0	0	8	0	0	30	0	0	0	0	0	0	0	0	17	0	0	0	0	0	0	0	0	0	0	0	0	0	0	0	0	0	0	0	0	0	0	0	6	0	0	0	0	0	0	0	0	0	0	0	0	0	0	0	0	6	0	0	0	0	0	0	0	0	0	0	0	9	0	0	0	0	0	0	0	0	0	0	0	0	0	0	0	0	44	0	22	12	0	0	0	0	0	0	0	0	0	0	0	0	0	0	0	0	0	0	0	160	0	0	0	0	0	0	0	0	0	0	0	0	0	0	0	0	0	0	0	0	0	0	0	0	0	0	0	25	0	0	0	0	26	0	0	0	0	0	0	0	0	0	0	0	0	0	0	0	0	0	0	0	0	0	0	0	0	0	0	0	0	0	0	0	0	0	0	0	0
f23	0	0	0	0	0	0	0	0	40	0	0	0	0	177	0	5	0	507	0	0	3266	25	0	0	0	38	4	0	0	1496	0	0	39	0	0	0	0	0	0	0	0	0	0	0	59	65482	0	151	0	0	0	0	0	0	0	0	0	19041	0	0	12	0	0	0	0	5	0	0	248	68	0	0	0	0	0	0	0	0	0	0	0	0	0	0	0	0	0	0	0	0	0	0	0	0	0	0	0	0	0	0	0	0	0	0	0	0	0	0	72	0	0	0	0	0	0	0	25	349	0	19	3	147	0	0	0	0	0	0	0	0	0	0	0	3	0	131	10	223	0	0	0	0	0	0	181	0	12	0	0	0	0	0	0	0	169	0	0	58	0	0	0	0	0	0	5	0	0	0	18	0	0	0	0	0	0	0	0	0	0	0	0	0	0	0	4	0	0	0	0	0	0	0	0	0	0	8	0	0	5	0	0	0	0	0	0	0	0	0	0	0	0	0	0	0	0	0	0	0	0	0	3	0	0	0	0	0	0	21	0	0	0	0	0	0	0	0	0	0	0	0	0	0	0	0	0	0	0	0	0	0	0	0	0	0	0	0	0	0	0	0	0	0	0	0	0	0	0	0	0	0	0	0	0	0	0	0	0	0	16	0	0	0	0	3	0	0	0	0	0	0	0	0	0	0	0	0	0	0	0	0	391	0	0	0	0	0	0	0	0	0	0	0	0	0	0	0	0	0	0	0	0	0	0	0	0	0	0	0	0	0	0	0	0	0	0	0	0	0	0	0	0	0	0	0	0	0	0	0	0	0	0	0	0	0	0	0	0	0	0	0	0	0	0	0	233	0	0	0	0	0
f24	0	164	7	0	0	0	711	1083	115	71	3	13	369	2484	0	0	7	2167	0	84	328	488	163	0	186	1223	4	14	0	2616	79	0	432	4	0	51	677	0	563	31	44	0	175	138	797	2204	379	590	72	33	0	21	0	0	166	0	291	1909	298	39	161	2	0	0	99	540	0	199	3254	1253	43	0	55	0	0	9	0	0	31	641	0	3	303	0	392	6	1009	190	17	15	1393	52	49	17	133	275	23	0	4	5	0	855	0	0	0	0	102	73	115	74	140	1931	0	164	210	11	248	2206	359	59	21	776	0	152	0	127	8	0	0	9	10	3	0	0	0	960	3426	501	0	9	229	2	0	0	25	0	5	78	5	5	0	35	0	0	42	0	2011	2062	854	0	0	0	3	83	83	6	9	0	1347	39	49	0	415	8	193	73	35	0	22	128	0	8	374	0	134	39	28	0	94	0	0	0	29	0	0	34	4	0	4551	10	0	179	0	0	46	0	91	396	0	0	0	0	26	167	207	0	15	35	3	0	118	0	0	52	5	0	0	262	4	0	0	0	0	0	449	0	4	440	11	0	95	0	0	1007	0	3	32	0	48	0	0	0	238	0	57	53	0	100	0	0	0	0	13	0	0	9	0	0	0	709	89	27	22	559	0	0	0	48	60	0	0	0	0	0	0	0	0	0	4	18	0	0	28	0	0	0	0	0	0	0	62	0	1053	0	0	27	0	0	0	2	0	0	17	6	0	17	0	112	0	0	8	0	11	0	0	6	7	0	628	0	129	0	4	0	10	0	0	0	0	0	0	0	0	0	0	0	4	0	0	0	3	0	0	0	0	943	0	4	0	0	0	0	0	13	588	4	0	0	9	0
f25	0	0	0	0	0	0	0	0	0	0	43	0	0	7	0	0	0	0	0	0	43	1477	0	0	0	0	0	0	0	0	0	0	229	0	0	0	15	0	0	0	1420	0	0	0	0	384	0	289	0	0	0	0	0	0	0	0	0	223	0	0	0	0	0	0	0	0	0	28	0	0	112	0	0	0	0	0	0	0	0	0	20	0	0	0	0	0	0	0	0	0	0	0	0	0	0	0	0	0	0	0	0	0	0	0	0	0	0	164	0	0	87	0	0	0	0	0	0	240	56	0	0	0	0	0	0	0	0	3	186	0	0	0	0	0	0	0	0	0	0	0	0	0	0	0	0	0	0	0	0	0	0	0	0	0	20	0	0	0	0	0	0	0	0	0	0	0	0	0	0	0	0	0	0	0	0	0	0	0	0	0	0	0	0	0	396	38	209	0	0	0	7	0	0	0	0	0	0	0	309	0	0	0	0	0	0	0	0	0	0	0	134	79	0	0	0	0	0	0	0	0	533	0	0	0	0	0	0	0	0	0	0	0	0	0	0	0	0	0	0	0	31	0	0	0	17	0	0	0	0	0	0	0	0	0	0	0	0	0	0	0	0	0	3318	0	0	0	0	0	0	0	0	0	0	0	0	0	0	0	0	0	0	0	0	0	0	0	0	0	0	0	0	0	0	0	0	0	0	0	0	0	13	0	0	0	0	0	93	0	0	0	0	0	0	0	0	0	0	0	0	0	0	0	0	17	0	0	0	0	0	0	0	0	0	0	0	688	0	111	0	0	0	0	0	0	0	0	0	0	0	0	0	0	0	0	243	0	0	0	26	0	0	0	0	0	0	0	0	0	0	0
f26	13	670	0	0	0	0	841	516	81	0	0	0	214	908	0	0	19	872	0	3	178	187	200	0	15	208	11	170	0	777	652	0	9909	4	4	11	1883	122	84	191	45	0	318	5	190	1583	152	572	67	3	0	0	0	5	0	0	1131	493	102	267	59	0	0	0	157	21	0	24	1392	225	17	0	41	0	18	0	0	0	0	124	0	0	115	0	21	0	1339	14875	29	0	125	143	8	26	22	137	0	0	91	0	0	35	0	0	2	15	365	104	539	0	87	657	0	11	12	25	249	2267	212	232	70	1226	36	38	3	0	54	0	0	8	0	0	0	3	20	262	39	322	0	30	114	0	0	0	71	342	12	4	24	0	5	98	0	0	0	0	99	451	1042	0	0	0	0	0	14	10	32	0	73	17	0	0	312	0	0	100	6	0	9	10	0	0	75	4	28	32	0	0	14	0	0	0	0	2	0	40	9	0	280	5	0	382	0	0	0	0	0	74	0	9	0	25	65	114	0	8	164	15	0	0	159	0	0	0	0	5	0	213	0	50	0	0	0	0	0	0	0	8	11	0	83	0	0	27	0	0	0	0	185	0	0	0	0	14	50	0	0	10	0	0	0	0	19	10	9	0	7	0	0	0	80	0	16	0	0	0	21	20	73	0	0	0	0	0	0	0	0	0	0	0	0	0	0	0	0	0	2	0	0	0	21	0	24	0	0	22	0	0	48	0	0	0	0	8	0	103	0	194	0	0	6	0	0	0	0	0	0	0	2450	0	28	0	0	0	189	29	0	0	0	0	0	0	0	0	0	0	0	0	0	0	0	0	0	0	0	2480	0	0	14	0	0	0	0	0	404	3	0	0	0	0
f27	0	94	0	0	114	0	117	201	302	0	19	0	180	8315	0	0	0	1407	0	0	298	27	15	0	0	81	0	58	8	3529	91	0	2018	5	0	0	1980	127	0	0	0	29	160	132	1024	596	3734	84	84	0	0	0	0	0	0	0	26	860	0	133	284	0	0	0	53	0	0	0	2730	199	109	0	79	0	0	0	0	0	0	0	8	0	0	0	107	0	286	1293	0	0	0	71	0	0	0	282	33	0	0	0	0	0	0	0	0	30	0	47	385	0	0	118	0	17	27	0	39	871	226	76	49	3109	28	0	0	0	30	0	0	0	0	0	3	0	0	225	0	1644	0	0	0	0	0	0	0	0	0	112	24	3	0	167	0	0	0	0	0	1151	539	0	0	14	0	0	165	7	0	0	100	0	0	0	1242	0	0	12	0	0	0	86	475	0	104	0	0	34	0	0	0	49	0	20	0	0	0	180	0	0	0	0	0	566	0	0	0	0	0	3	0	0	0	0	0	44	0	0	0	387	0	0	18	75	0	46	0	0	0	699	0	0	0	0	0	0	0	0	0	19	31	0	306	0	0	0	0	0	0	0	0	0	0	6	0	0	0	0	19	0	0	0	0	0	0	0	8	0	0	0	0	0	0	0	0	0	0	0	0	13	167	0	0	0	0	0	124	0	0	0	0	0	0	0	0	0	0	0	0	0	0	0	25	0	0	0	0	0	0	0	0	0	0	0	0	0	0	0	0	0	0	0	0	65	0	0	0	0	0	0	659	0	0	0	0	0	64	0	0	0	0	0	0	0	0	0	0	0	0	21	0	0	0	0	0	0	0	1206	0	0	0	0	0	0	0	0	1431	0	0	0	0	0
f28	0	18	0	0	0	0	34	31	44	0	0	0	50	552	0	0	5	1522	0	0	3738	23	48	0	0	117	5	0	0	1378	22	0	220	0	0	0	109	15	0	0	14	0	13	30	147	56875	224	934	5	0	3	0	0	0	0	0	15	12637	0	17	95	0	0	0	0	7	4	0	1247	236	4	0	0	0	0	0	0	0	0	10	0	0	20	0	11	0	228	788	2	0	41	48	0	15	0	34	0	0	0	0	0	0	0	0	0	0	0	11	484	0	0	128	0	0	0	0	61	2934	0	12	19	533	0	0	3	0	0	0	0	3	8	0	0	0	0	422	19	270	0	0	0	0	0	0	135	0	30	0	0	0	0	0	0	0	1087	0	0	268	196	0	0	0	0	0	0	0	0	0	45	5	0	0	39	0	19	8	0	0	0	0	0	0	0	0	0	11	0	0	0	4	0	0	0	0	0	27	0	0	41	0	0	19	0	0	0	0	0	66	0	0	0	0	3	63	0	0	0	13	0	0	0	0	0	0	0	0	0	99	0	0	0	0	0	0	0	0	0	18	0	0	165	0	3	12	0	0	0	0	0	8	0	0	0	0	0	0	0	0	0	0	0	0	0	0	0	0	0	0	0	0	0	0	0	21	0	0	0	0	21	0	0	0	0	0	0	0	0	0	0	0	0	0	0	0	0	0	0	0	0	0	268	0	0	0	0	0	0	0	0	0	0	0	0	0	0	0	0	0	0	0	0	0	3	0	0	0	0	0	117	0	0	0	0	0	0	0	0	0	0	0	0	0	0	0	0	0	0	0	0	0	0	0	0	0	0	568	0	0	0	0	0	0	0	0	576	0	0	0	0	0
f29	0	0	0	0	0	0	0	0	0	0	0	0	0	34	0	0	0	150	0	0	374	4	0	0	0	0	0	0	0	1855	0	0	33	0	0	0	0	0	0	0	0	0	0	0	9	81307	0	467	0	0	0	0	0	0	0	0	0	1542	0	0	0	0	3	0	0	7	0	0	91	0	0	0	0	0	0	0	0	0	0	0	0	0	0	0	0	0	22	0	0	0	0	0	0	0	0	0	0	0	0	0	0	0	0	0	0	0	0	4	135	0	0	0	0	0	0	0	0	331	0	0	0	0	0	0	0	0	0	0	0	0	0	0	0	0	0	111	3	63	0	0	0	0	0	0	116	0	8	0	0	0	0	0	5	0	56	0	0	32	0	0	0	0	0	0	0	0	0	0	0	0	0	0	0	0	0	0	0	0	0	0	0	0	0	0	0	0	0	0	0	0	0	0	0	0	0	0	0	0	7	0	0	0	0	0	0	0	0	0	0	0	0	0	0	0	0	0	0	0	0	0	0	0	0	0	0	0	0	3	0	0	0	0	0	0	0	0	0	0	0	0	0	0	0	0	0	0	0	0	0	0	0	0	0	0	0	0	0	0	0	0	0	0	0	0	0	0	0	0	0	0	0	0	0	24	0	0	0	0	3	0	0	2	0	0	0	0	0	0	0	0	0	0	0	0	0	0	0	0	0	0	803	0	0	0	0	0	0	0	0	0	0	0	0	0	0	0	0	0	0	0	0	0	0	0	0	0	0	0	0	0	0	0	0	0	0	0	0	0	0	0	0	0	0	0	0	0	0	0	0	0	0	0	0	0	0	3	0	0	0	0	0	0	0	0	72	0	0	0	0	0
f30	0	0	0	0	0	0	0	10	9	0	0	0	4	171	0	0	0	257	0	0	14344	0	8	0	0	5	0	0	0	350	0	0	42	0	0	0	0	0	0	0	0	0	0	0	65	45821	0	54	0	0	0	0	0	0	0	8	16	18970	0	0	20	0	0	0	0	5	0	0	176	69	2	0	0	0	0	0	0	0	0	5	0	0	0	0	0	0	21	19	0	0	0	0	0	0	0	0	0	0	0	0	0	0	0	0	0	0	0	0	18	0	0	0	0	0	0	0	0	101	0	0	6	140	0	0	0	0	0	0	0	0	0	0	0	0	0	147	0	17	0	3	0	0	0	0	56	0	0	0	0	0	0	7	19	0	450	0	0	62	0	0	0	0	0	0	0	0	0	0	0	0	0	0	0	0	0	0	0	0	0	0	0	0	0	0	0	0	0	0	0	0	0	0	0	0	0	15	0	0	15	0	0	0	0	0	0	0	0	0	0	0	0	0	0	0	0	0	0	0	0	0	0	0	0	0	0	0	0	4	0	0	0	0	0	0	0	0	0	0	0	0	0	0	0	0	0	0	0	3	0	0	0	0	0	0	0	0	0	0	0	0	0	0	0	0	0	0	0	0	0	0	0	0	0	0	0	0	0	0	14	0	0	0	0	0	0	0	0	0	0	0	0	0	0	0	0	0	0	0	0	0	695	0	0	0	0	0	0	0	0	0	0	0	0	0	0	0	0	0	0	0	0	0	0	0	0	0	0	0	0	0	0	0	0	0	0	0	0	0	0	0	0	0	0	0	0	0	0	0	0	0	0	0	0	0	0	6	0	0	0	0	0	0	0	0	178	0	0	0	0	0
f51	0	0	0	0	0	0	0	0	96	0	14	0	0	782	0	0	0	650	0	0	238	200	256	0	0	159	0	4	0	807	0	0	179	0	0	0	0	0	0	0	0	0	81	0	64	62300	0	1217	9	0	0	0	0	0	0	0	190	5860	0	188	147	0	11	0	0	9	0	0	1767	910	64	0	0	0	0	0	0	0	0	0	0	0	0	0	0	0	351	0	0	0	0	0	0	0	13	0	0	0	0	0	0	0	0	0	0	0	0	72	320	0	0	0	0	21	0	0	164	1183	0	264	5	643	0	0	0	0	0	0	16	0	0	0	0	0	0	50	0	103	0	0	0	0	0	0	44	0	0	0	0	0	0	383	0	0	106	0	0	194	0	0	0	0	0	0	0	0	0	0	0	0	0	0	3	0	0	50	0	0	0	57	17	0	54	0	0	19	0	0	0	31	0	0	0	0	0	30	37	0	93	0	3	0	0	0	0	0	0	1228	0	0	0	0	0	0	17	0	0	0	0	0	0	0	0	0	0	0	0	130	0	0	0	0	0	0	0	0	0	169	0	0	55	0	0	5	0	0	0	113	0	0	0	0	0	0	0	0	0	0	0	0	0	0	0	0	0	0	0	0	0	0	0	0	0	119	0	0	0	0	0	6	0	0	0	0	0	0	0	0	0	0	0	0	0	0	0	0	0	0	0	0	23	0	0	0	0	0	0	0	82	0	0	0	0	0	0	0	0	0	0	0	0	0	0	0	0	0	0	0	0	10	0	0	0	0	0	0	0	0	0	0	0	0	0	0	0	0	0	0	0	0	0	0	0	0	0	0	0	0	0	0	0	0	0	0	615	0	0	0	0	0
f81	4	154	0	0	0	0	497	173	54	0	0	0	146	731	12	19	12	1056	0	0	151	167	54	0	0	186	8	13	0	376	257	2	4370	0	0	0	459	26	55	52	30	0	78	4	127	832	97	237	44	3	0	3	0	0	2	0	394	338	99	137	35	0	0	0	63	19	0	14	961	224	0	4	22	0	10	0	0	0	0	24	0	0	41	0	23	0	613	3131	6	9	110	0	0	0	62	36	0	0	35	0	0	65	0	0	0	0	8	39	333	0	116	184	0	75	0	0	464	6034	46	118	0	563	3	41	0	0	24	0	0	5	3	155	0	0	0	71	0	92	0	8	47	0	0	0	19	126	141	2	60	16	0	13	0	0	24	6	34	205	701	0	0	0	0	0	8	2	0	0	37	0	0	0	78	0	0	146	0	0	10	15	10	11	112	0	419	22	0	0	9	9	3	0	4	0	0	72	0	0	25187	0	0	213	0	0	0	0	15	226	0	0	0	0	17	54	0	0	56	16	0	0	48	0	0	0	0	0	0	87	0	14	0	0	0	0	0	0	0	10	11	7	83	0	0	10	0	0	0	0	113	0	0	5	17	0	80	0	0	12	0	0	0	0	0	0	0	0	0	0	0	9	19	0	21	22	0	0	0	58	38	0	0	0	0	0	0	0	0	0	0	0	0	0	4	0	0	0	0	0	0	0	24	0	18	0	0	0	0	0	2	0	0	0	0	0	0	45	0	130	0	4	0	0	0	0	0	0	6	0	787	0	11	0	0	0	50	0	0	0	0	0	0	0	0	0	0	0	0	0	0	0	0	0	0	0	0	1186	0	0	0	0	0	0	0	0	318	0	0	0	0	0
f82	0	106	0	0	0	0	463	216	101	0	0	0	54	896	0	0	18	1268	0	0	1313	202	286	0	8	306	5	6	0	1519	186	2	4431	0	0	28	435	17	19	23	67	0	133	0	252	20826	104	783	22	6	0	0	22	0	3	0	3549	3135	34	74	114	2	0	0	45	25	0	0	1435	612	3	0	0	0	0	0	0	0	0	64	0	0	12	0	33	0	1560	2006	8	0	129	19	5	6	12	85	0	0	0	0	0	0	0	0	0	0	32	24	352	0	40	384	0	0	18	0	107	2634	77	74	26	748	0	33	0	0	20	6	0	32	8	0	0	0	0	192	18	177	0	0	55	0	0	0	1129	90	21	0	11	0	0	44	0	0	54	0	326	387	762	0	0	0	0	0	21	0	0	0	87	9	0	0	57	0	43	246	0	0	0	23	0	0	68	5	9	26	237	0	2	13	0	0	0	0	0	42	0	0	97	0	0	174	0	0	0	0	37	84	0	0	0	0	18	16	21	0	80	9	0	0	14	0	0	0	0	0	0	204	2	0	0	0	0	0	0	0	0	41	8	0	59	0	0	33	0	0	0	14	92	0	0	0	4	0	3	0	0	15	0	0	0	0	4	0	0	0	0	0	0	20	65	0	0	0	0	0	0	15	49	0	0	0	0	0	0	0	0	0	0	0	0	0	7	0	0	0	0	0	0	0	82	0	0	0	0	0	0	0	53	0	2	0	0	4	0	38	0	94	0	0	0	0	0	0	0	0	0	0	541	0	0	0	0	0	30	0	0	0	0	0	0	0	0	0	0	0	0	0	0	0	0	0	0	0	0	1542	0	0	0	0	0	0	0	0	484	0	0	0	0	0
f83	22	708	0	0	0	0	891	222	185	0	0	0	744	2432	0	0	28	1018	0	0	934	835	75	0	0	314	20	101	0	919	946	0	7723	0	0	5	457	111	128	49	22	0	202	0	65	10927	85	934	105	5	0	16	0	0	0	18	2062	1632	500	605	38	0	0	0	397	38	0	310	1848	584	3	58	23	3	12	0	0	0	0	177	0	0	59	0	61	0	1218	8537	113	0	104	28	89	34	0	29	0	0	23	0	0	17	0	0	0	0	170	168	326	7	16	1313	0	0	0	0	321	2653	657	1599	19	510	3	167	0	0	24	0	0	110	15	0	0	0	0	41	37	69	0	0	47	14	0	0	163	1012	0	4	117	0	5	31	0	0	85	0	62	189	548	0	0	0	0	0	23	15	0	0	0	0	0	0	340	6	11	1530	0	0	46	6	0	0	132	3	0	0	301	3	0	0	0	0	0	0	0	60	10	0	68	0	0	844	0	0	0	0	127	28	0	0	0	0	33	596	0	0	238	94	0	0	27	0	0	0	0	0	0	376	0	140	0	0	5	0	0	0	0	7	11	0	0	14	0	0	0	0	0	0	51	0	0	0	0	173	0	0	0	52	0	0	0	0	0	0	9	0	0	0	0	0	107	0	56	0	0	0	16	22	6	0	0	0	0	0	0	0	8	0	0	0	0	0	0	0	0	0	0	0	0	0	95	0	0	0	0	0	0	0	30	0	0	0	0	20	0	185	9	164	0	0	6	0	0	0	0	0	9	0	505	0	10	0	0	0	74	0	0	0	0	0	0	0	0	0	0	0	0	0	7	0	0	0	0	0	0	4092	0	0	0	0	0	0	0	0	119	0	0	0	0	3
f84	0	0	0	0	0	0	0	0	5	0	3	0	0	43	0	0	0	0	0	0	1812	38	0	0	0	47	0	0	0	1444	0	0	0	0	0	0	0	0	0	0	0	0	2	0	0	57750	0	462	0	0	0	0	0	0	0	0	0	3785	3	0	0	0	0	0	0	0	0	0	211	102	0	0	0	0	0	0	0	0	0	7	0	0	0	0	0	0	12	0	0	0	0	0	3	0	0	0	0	0	0	0	0	0	0	0	0	0	0	6	188	0	0	0	0	0	0	0	12	1449	0	0	0	95	0	0	0	0	0	0	0	0	4	0	0	0	0	0	19	0	0	0	0	0	0	0	5412	0	0	0	0	0	6	0	0	0	207	0	0	0	0	0	0	0	0	0	0	0	0	0	0	0	0	0	0	0	5	0	0	0	0	0	0	0	0	0	0	0	161	0	0	0	0	0	0	0	0	24	0	0	7	0	0	0	0	0	0	0	0	3	0	0	0	0	0	0	0	0	0	0	0	0	0	0	0	0	0	0	0	53	0	0	0	0	0	0	0	0	0	0	0	0	0	0	0	0	0	0	0	0	0	0	0	0	0	0	0	0	0	0	0	0	0	0	0	0	0	0	0	0	0	0	0	0	0	0	0	0	0	0	0	0	0	0	0	0	0	0	0	0	0	0	0	0	0	0	0	0	0	0	0	0	263	0	0	0	0	0	0	0	0	0	0	0	0	0	0	0	0	0	0	0	0	0	0	0	0	0	0	0	0	0	0	0	0	0	0	0	0	0	0	0	0	0	0	0	0	0	0	0	0	0	0	0	0	0	0	0	0	0	0	0	0	0	0	0	4	0	0	0	0	0
f85	0	0	0	0	0	0	0	0	14	0	0	0	0	104	0	0	3	89	0	0	1604	93	0	0	0	99	0	0	0	2787	0	0	9	0	0	0	0	0	0	0	0	0	0	0	44	72187	0	4044	5	0	0	0	0	0	0	0	0	4789	0	0	23	0	0	0	0	0	0	0	849	364	0	0	0	0	0	0	0	0	0	11	0	0	0	0	0	0	6	0	0	0	0	0	0	0	0	0	0	0	0	0	0	0	0	0	0	0	0	4	275	0	0	0	0	0	0	0	25	922	0	0	0	146	0	0	0	0	0	9	0	0	0	0	0	0	0	0	23	14	0	0	0	0	0	0	207	9	4	0	0	0	0	0	0	0	221	0	0	0	0	0	0	0	0	0	0	0	0	0	0	3	0	0	2	0	6	0	0	0	0	0	0	0	0	2	0	0	338	0	0	0	0	0	0	0	0	124	0	0	0	0	0	0	0	0	0	0	0	0	0	0	0	0	0	0	0	0	0	0	0	0	6	0	0	0	0	0	0	85	0	0	0	0	0	0	0	0	0	0	0	0	0	3	0	0	0	0	0	0	0	0	0	0	0	0	0	0	0	0	0	0	0	0	0	0	0	0	0	0	0	0	0	0	0	0	0	0	0	0	0	0	0	0	0	0	0	0	0	0	0	0	0	0	0	2	0	0	0	0	2	0	96	0	0	0	0	0	0	0	0	0	0	0	0	0	0	0	0	0	0	0	0	0	0	0	0	0	0	0	0	0	0	0	0	0	0	0	0	0	0	0	0	0	0	0	0	0	0	0	0	0	0	0	0	0	0	0	0	0	0	0	0	0	0	0	88	0	0	4	0	0
f86	0	0	0	0	0	0	0	0	89	0	0	0	0	415	0	0	0	30	0	0	4423	392	0	0	0	320	0	0	0	2659	5	0	53	0	0	7	11	0	0	0	28	0	4	0	121	49396	0	2653	0	4	0	0	0	0	0	2	0	3926	34	23	26	6	0	0	0	18	0	0	2050	670	0	0	0	0	0	0	0	0	0	33	0	0	0	0	0	0	0	0	0	3	2	0	0	0	0	0	0	0	0	0	0	0	0	0	0	0	6	81	281	0	0	0	0	0	0	0	101	16793	0	34	0	508	0	0	0	0	0	7	0	0	15	0	0	0	0	0	62	0	0	0	0	0	0	0	1483	0	0	0	0	0	0	0	0	0	155	0	0	25	0	0	0	0	0	0	0	0	0	0	0	11	0	0	0	0	20	0	0	0	0	22	0	0	0	0	5	6	1226	0	0	0	0	0	0	0	0	195	6	0	0	0	0	0	0	0	0	0	0	4	0	0	0	12	0	0	0	0	0	0	0	0	33	0	0	0	0	0	0	344	0	0	0	0	0	0	0	0	0	0	0	0	0	8	0	6	0	0	0	0	0	0	0	4	0	0	0	0	0	0	0	0	0	0	0	0	0	0	0	0	0	19	0	0	0	0	0	0	6	20	0	0	0	0	0	0	0	0	0	0	0	0	0	0	0	0	0	0	0	0	4	0	192	0	0	0	0	0	0	0	0	0	0	0	0	0	0	12	0	0	0	0	0	0	10	0	0	0	0	0	0	0	0	0	0	0	0	0	0	0	0	0	0	0	0	0	0	0	0	0	0	0	0	0	0	0	0	6	0	0	0	0	0	0	0	0	92	0	0	0	0	0
f87	0	0	0	0	0	0	0	0	3	0	0	0	0	80	0	0	0	71	0	0	1534	51	0	0	0	51	17	0	0	1722	0	0	10	0	0	0	6	0	0	0	0	0	0	0	35	81360	0	1813	0	0	0	0	0	0	0	0	0	2823	4	0	0	0	0	0	0	0	0	0	308	148	0	0	0	0	0	0	0	0	0	0	0	0	0	0	0	0	0	0	0	0	0	0	0	0	0	0	0	0	0	0	0	0	0	0	0	0	0	7	143	0	0	0	0	0	0	0	23	1861	0	0	0	80	0	0	5	0	0	8	0	0	3	0	0	0	0	0	38	4	3	0	0	0	0	0	160	3	0	0	0	0	0	0	17	0	178	0	0	0	0	0	0	0	0	0	0	0	0	0	0	0	0	0	0	0	14	0	0	2	0	0	0	0	0	0	0	3	184	0	0	0	0	0	0	0	0	50	0	0	0	0	0	0	0	0	0	0	0	0	0	0	0	0	0	0	0	0	0	0	0	0	0	0	0	0	0	0	0	0	0	0	0	0	0	0	0	0	0	0	0	0	0	0	0	0	0	0	0	0	0	0	0	0	0	0	0	0	0	0	0	0	0	0	0	0	0	0	0	0	0	0	0	0	0	0	0	0	0	0	0	0	0	0	0	0	0	0	0	0	0	0	0	0	0	0	0	0	0	0	0	0	80	0	0	0	0	0	0	0	0	0	0	0	0	0	0	0	0	0	0	0	0	0	0	0	0	0	0	0	0	0	0	0	0	0	0	0	0	0	0	0	0	0	0	0	0	0	0	0	0	0	0	0	0	0	0	0	0	0	0	0	0	0	0	0	0	0	0	0	0	0
f88	0	178	0	0	0	0	558	239	97	3	0	0	133	1100	0	0	6	782	5	4	1142	954	1227	0	0	392	19	91	0	1794	316	0	3043	3	9	19	624	27	164	63	26	0	51	4	228	24062	153	1583	74	15	0	7	0	0	0	17	1526	1816	202	119	40	0	0	0	117	32	0	34	2180	700	8	4	35	0	81	0	0	0	0	83	0	0	45	5	54	0	2411	2841	21	0	139	0	41	12	5	66	11	0	21	12	0	10	0	0	0	0	75	654	426	8	48	680	0	8	14	0	198	5534	255	162	27	946	2	31	0	0	10	5	0	7	0	0	0	0	0	100	162	167	0	4	54	5	0	0	375	260	33	14	71	0	0	97	0	2	63	0	329	181	948	0	0	0	0	24	28	0	8	0	50	19	0	0	145	3	45	195	10	0	0	13	0	0	102	5	0	15	551	0	11	7	0	0	0	0	0	90	11	0	154	7	0	142	7	0	0	0	35	146	0	7	0	12	27	84	19	0	62	12	0	0	64	0	0	10	0	0	0	575	0	59	0	0	0	0	0	0	0	19	0	0	89	0	0	17	0	4	0	0	95	0	5	0	6	0	0	30	0	17	0	0	0	6	0	0	0	0	0	0	0	15	60	5	16	0	0	0	0	22	44	0	0	0	0	0	0	0	27	0	23	0	0	9	21	0	0	0	0	0	3	0	79	0	28	0	0	0	0	0	146	0	0	0	0	0	0	81	0	228	0	0	0	0	25	0	0	0	0	0	451	0	0	0	0	0	21	0	0	0	0	0	0	0	0	15	0	0	0	0	0	0	2	0	0	0	0	1882	0	0	6	0	0	0	0	0	185	0	0	0	0	0
f89	0	0	0	0	0	0	0	0	7	0	0	0	0	19	0	0	0	8	0	0	10788	0	0	0	0	0	0	0	0	320	0	0	10	0	0	0	0	0	0	0	0	0	0	0	5	66125	0	121	0	0	0	0	0	0	0	0	0	16483	0	0	0	0	0	0	0	0	0	0	87	29	0	0	0	0	0	0	0	6	0	0	0	0	0	0	0	0	0	11	0	0	0	0	0	0	0	0	0	0	0	0	0	0	0	0	0	0	0	0	41	0	0	0	3	0	0	0	20	623	0	0	0	0	0	0	0	0	0	0	0	0	0	0	0	0	0	0	0	0	0	0	0	0	0	0	69	0	0	0	0	0	0	0	0	0	1559	0	0	0	0	0	0	0	0	0	0	0	0	0	0	0	0	0	0	0	0	0	0	0	0	0	0	0	0	0	3	0	56	0	0	0	0	0	0	0	0	15	0	0	47	0	0	0	0	0	0	0	0	5	0	0	0	0	0	0	0	0	0	0	0	0	0	0	0	0	0	0	0	7	0	0	0	0	0	0	0	0	0	0	0	0	0	0	0	0	0	0	0	0	0	0	0	0	0	0	0	0	0	0	0	0	0	0	0	0	0	0	0	0	0	0	0	0	0	0	0	0	0	0	0	0	4	0	0	0	0	0	0	0	0	0	0	0	0	0	0	0	0	0	0	0	1192	0	0	8	0	0	0	0	0	0	0	0	0	0	0	0	0	0	0	0	0	0	0	0	0	0	0	0	0	0	0	0	0	0	0	0	0	0	0	0	0	0	0	0	0	0	0	0	0	0	0	0	0	0	0	0	0	0	0	0	0	0	0	0	0	0	0	0	0	0
f90	0	0	0	0	0	0	0	0	60	0	0	0	0	288	0	10	0	218	0	0	1095	250	20	0	0	165	15	0	0	3947	0	0	0	0	0	0	0	0	0	0	18	0	0	0	88	54892	0	2847	0	0	0	0	0	0	0	0	0	2367	23	24	19	0	0	0	0	0	0	0	1044	594	0	0	0	0	0	0	0	0	0	19	0	0	0	0	0	0	0	0	0	0	0	0	0	0	0	0	0	0	0	0	0	0	0	0	0	0	0	0	61	0	2	0	0	0	0	0	67	230	0	47	0	198	0	0	0	0	0	0	27	0	16	0	0	0	0	14	0	0	0	0	0	0	0	0	900	4	0	0	0	0	0	0	45	0	292	0	0	46	0	0	0	0	0	0	4	0	0	0	0	0	0	0	0	0	23	0	0	0	0	10	0	0	0	6	0	2	622	0	0	0	0	0	0	0	0	88	6	0	0	0	0	0	0	0	0	0	0	0	0	0	0	0	0	0	0	0	0	0	0	0	37	0	0	0	0	0	0	109	0	0	0	0	0	0	0	0	0	10	0	0	0	0	0	0	0	0	0	0	0	0	0	0	0	0	0	0	0	0	0	0	0	0	0	0	0	0	0	0	0	0	8	0	0	22	0	0	0	6	0	0	0	0	0	0	0	0	0	0	0	0	0	0	0	0	0	0	0	0	4	0	211	0	0	0	0	0	0	0	0	0	0	0	0	0	0	0	0	0	0	0	0	0	0	0	2	0	0	0	0	0	0	0	0	0	0	0	0	0	0	0	0	0	0	0	0	0	0	0	0	0	0	0	0	0	0	0	0	0	0	0	0	0	0	0	78	0	0	0	0	0
f201	0	0	0	0	0	0	0	0	0	0	0	0	0	103	0	0	0	17	0	0	68	24	0	0	0	7	0	0	0	4645	0	0	0	0	0	0	0	0	0	0	0	0	0	0	7	21047	0	1768	0	0	0	0	0	0	0	0	0	25637	0	3	0	0	0	0	0	0	0	4	362	58	0	0	0	0	0	0	0	0	0	0	0	0	0	0	0	0	0	0	0	0	0	0	0	0	0	0	0	0	0	0	0	0	0	0	0	0	0	0	0	0	0	0	0	0	0	0	0	464	0	49	0	27	0	0	0	0	0	6	0	0	0	0	0	0	0	0	0	0	0	0	0	0	0	0	0	0	22	0	0	0	5	0	15	0	294	0	0	22	0	0	0	0	0	0	0	0	0	0	0	0	0	0	0	0	0	0	0	0	0	0	0	0	0	0	0	0	0	0	0	0	0	0	0	0	0	48	0	0	3	0	0	0	0	0	0	0	0	0	0	0	0	0	0	0	0	0	0	0	0	0	0	0	0	0	0	0	0	9	0	0	0	0	0	0	0	0	0	3	0	0	0	0	0	0	0	0	0	0	0	0	0	5	0	0	0	0	0	0	0	0	0	0	0	0	0	0	0	0	0	0	0	0	0	0	0	0	0	0	0	0	0	0	0	0	0	0	0	0	0	0	0	0	0	0	0	0	0	0	0	0	3266	0	0	0	0	0	0	0	0	0	0	0	0	0	0	0	0	0	0	0	0	0	0	0	0	0	0	0	0	0	0	0	0	0	0	0	0	0	0	0	0	0	0	0	0	0	0	0	0	0	0	0	0	0	0	3	0	0	0	0	0	0	0	0	131	0	0	0	0	0
f202	0	0	0	0	0	0	0	3	0	0	0	2	0	340	0	0	0	49	0	0	45	41	0	0	0	13	4	0	0	3347	0	0	0	0	0	0	0	0	0	0	0	0	4	0	0	40000	0	7946	0	0	0	0	0	0	0	0	0	15368	0	0	0	3	0	0	0	0	0	3	562	33	0	0	0	0	0	0	0	0	0	0	0	0	0	0	0	0	0	0	0	0	0	0	0	0	0	0	0	0	0	0	0	0	0	0	0	0	0	16	0	0	0	0	0	0	0	0	0	567	0	0	0	15	0	0	0	0	0	0	0	0	0	0	0	0	0	0	0	0	0	0	0	0	0	0	0	0	38	0	0	0	0	0	0	0	456	0	0	0	0	0	0	0	0	0	0	0	0	0	0	0	0	0	0	0	0	0	0	0	0	0	0	0	8	0	0	0	0	0	0	0	0	0	0	0	0	91	0	0	0	0	0	0	0	0	0	0	0	0	0	0	0	0	0	0	0	0	0	0	0	0	0	0	0	0	0	0	0	0	0	0	0	0	0	0	0	0	0	0	0	0	0	0	0	0	0	0	0	0	0	0	0	0	0	0	0	0	0	0	0	0	0	0	0	0	0	0	0	0	0	0	0	0	0	0	0	0	0	0	0	0	0	0	0	0	0	0	0	0	0	0	0	0	0	0	0	0	0	0	0	0	1704	0	0	0	0	0	0	0	0	0	0	0	0	0	0	0	0	0	0	0	0	0	0	0	0	0	0	0	0	0	0	0	0	0	0	0	0	0	0	0	0	0	0	0	0	0	0	0	0	0	0	0	0	0	0	0	0	0	0	0	0	0	0	0	201	0	0	0	0	0
f203	18	15	0	0	0	0	1332	174	50	0	5	33	561	2040	0	0	0	14	3	0	63	22555	0	0	3	0	18	0	0	31	317	0	134	0	0	0	2377	0	36	47	0	0	13	0	4	533	902	29	304	25	0	0	0	0	0	0	6	215	190	510	0	0	0	0	763	4	0	98	746	0	0	0	1108	0	0	0	0	0	0	29	0	0	186	0	822	0	24	64	5	0	113	24	16	0	0	20	0	0	0	0	25	55	0	0	0	2	0	6621	9	15	325	61	0	0	8	4	11	177	118	156	0	0	0	0	0	0	5	3	0	4	0	0	0	0	0	0	0	0	0	0	128	0	0	0	0	335	0	0	28	0	0	7	0	0	18	0	6	0	15	0	0	0	0	0	15	0	0	0	0	0	18	0	4924	0	0	20	140	0	0	0	0	11	62	0	0	5	0	0	35	0	0	9	0	0	0	312	0	4	50	0	0	806	9	0	0	140	17	0	0	35	0	0	0	24	0	0	167	0	0	0	10	0	0	0	0	0	0	61	0	0	0	0	0	0	0	0	0	0	0	0	10	0	0	0	0	65	0	0	151	0	0	4	0	0	0	0	0	4	0	0	0	0	0	9	6	0	0	0	0	0	0	0	37	0	0	0	269	13	0	0	0	0	0	0	0	0	0	0	0	0	0	0	0	0	0	0	0	0	0	0	48	0	0	0	0	0	0	0	0	0	0	0	0	0	0	0	0	95	0	0	18	0	11	0	0	0	41	0	48	0	79	0	0	0	0	0	0	0	0	0	0	0	0	0	11	3	0	0	0	0	0	0	0	0	0	1014	17	0	30	0	0	0	0	0	0	0	0	0	0	0
f204	0	0	0	0	0	0	0	0	0	0	5	0	0	12	0	0	0	9	0	0	70	15	0	0	3	5	0	0	0	47	0	0	7	0	0	0	9	0	0	0	0	0	0	0	0	55913	0	1791	0	0	0	0	0	0	0	0	16	2475	0	0	0	0	0	0	0	0	0	0	0	0	0	0	0	0	0	0	0	0	0	0	0	0	0	0	0	0	0	0	0	0	0	0	0	0	0	0	0	0	0	0	0	0	0	0	0	0	0	0	0	0	0	0	0	0	0	0	0	2409	4	0	55	0	0	0	0	0	0	0	0	0	0	0	0	0	0	0	0	0	0	0	0	0	0	0	0	0	60	0	0	0	0	5	0	0	98	0	0	0	0	0	0	0	0	0	0	0	0	0	0	0	0	0	25	0	0	11	0	0	0	0	0	0	0	0	33	0	0	0	0	0	0	0	0	0	0	0	0	0	5159	0	0	0	0	0	0	0	0	0	0	0	0	0	0	0	0	0	0	0	0	0	0	0	0	0	0	0	0	0	0	0	0	0	0	3	0	0	0	0	0	0	24	0	0	0	0	0	0	0	15	0	0	0	0	0	0	0	0	0	0	0	0	0	4	0	0	0	0	0	0	0	0	0	0	0	0	0	0	0	0	0	3	0	0	0	0	0	0	0	0	0	0	0	0	0	0	0	0	0	0	0	59	0	0	0	0	0	0	10	0	0	0	0	0	0	0	0	0	23	0	0	0	0	0	0	0	0	0	0	0	0	0	0	0	0	0	0	0	0	0	0	0	0	0	0	0	0	0	0	0	0	0	0	0	0	0	8	0	0	18	0	0	0	0	0	0	0	0	0	0	0
f205	0	0	0	0	0	0	46	22	11	0	0	0	73	150	0	0	0	98	0	0	73	4691	0	0	0	0	0	0	0	554	19	0	35	0	0	0	112	0	8	0	0	0	10	0	0	54401	60	1941	23	0	0	0	0	0	0	0	0	9676	0	25	0	0	0	0	53	2	0	2	192	0	0	0	225	0	0	0	0	0	0	0	0	0	0	0	35	0	73	9	2	0	0	0	0	0	12	0	0	2	0	0	0	0	0	0	0	0	0	140	6	0	8	0	0	0	3	0	0	308	5	0	0	0	0	0	0	0	0	0	0	0	0	0	0	0	0	0	0	0	0	0	0	0	0	0	7	0	23	0	0	0	0	0	2	0	252	0	0	0	0	0	0	0	0	0	0	0	0	0	0	0	0	0	271	0	0	4	0	0	0	0	0	0	48	0	61	0	0	0	3	0	0	0	0	0	0	27	0	0	31	0	0	38	0	0	0	19	0	0	0	0	0	0	0	15	0	0	0	0	0	0	0	0	0	0	0	0	0	0	0	0	0	0	0	0	0	0	0	0	0	0	0	0	0	0	0	0	0	0	127	0	0	5	0	0	0	0	0	0	0	0	0	0	0	0	0	0	0	0	0	0	0	0	0	0	0	0	0	0	0	0	0	0	0	0	0	0	0	0	0	0	0	0	0	0	0	0	0	0	0	0	296	0	0	0	0	0	0	0	0	0	0	0	0	0	0	0	0	0	0	0	0	0	0	0	0	0	3	0	0	0	6	0	4	0	0	0	0	0	0	0	0	0	0	0	0	0	0	0	0	0	0	0	0	0	0	74	0	0	0	0	0	0	0	0	16	0	0	0	0	0
f231	3	51	0	0	0	0	526	83	26	20	0	12	182	1273	0	0	0	1377	3	0	68	2201	186	0	4	296	6	102	0	980	155	0	590	0	0	125	856	0	177	74	0	0	68	0	180	37765	98	2020	39	59	0	40	0	0	0	11	6	280	27	29	0	9	0	0	59	38	0	22	3040	392	6	27	24	0	29	0	0	0	4	65	0	0	27	0	55	5	52	119	13	16	303	11	41	0	17	0	19	0	0	0	0	0	0	0	0	0	0	861	100	3	61	18	0	20	23	5	40	2269	150	78	17	246	7	24	0	0	0	6	0	0	8	0	0	0	0	79	154	1045	0	3	20	0	6	0	142	154	18	7	0	0	0	6	0	0	16	5	286	155	47	0	0	0	0	6	10	0	0	3	0	0	0	0	233	18	0	12	0	0	23	23	0	11	132	0	0	13	14	0	17	8	0	0	0	0	0	46	7	0	403	0	0	497	11	0	0	31	0	183	0	15	0	0	26	0	18	0	0	37	0	0	0	0	0	5	9	0	0	174	0	0	0	0	0	0	0	7	4	57	0	70	55	0	0	149	0	19	0	0	302	0	0	0	0	0	57	0	0	11	0	0	0	3	0	0	0	0	0	0	0	16	47	21	7	201	0	0	0	116	51	0	0	0	0	0	0	0	0	0	8	0	0	0	22	0	9	0	0	0	0	0	64	0	101	0	0	7	0	0	15	0	7	0	0	44	0	0	0	67	0	0	0	0	0	0	0	0	8	0	129	0	26	0	6	0	8	0	9	0	0	0	0	20	0	0	0	0	0	0	0	0	0	0	0	0	0	329	0	0	114	0	0	3	0	0	96	0	0	0	0	0
f232	0	0	0	0	0	0	21	0	0	0	0	0	4	129	0	0	0	22	0	0	77	51	13	0	0	5	0	0	0	462	0	0	11	0	0	13	35	0	0	0	0	0	0	0	7	79745	0	274	0	5	0	0	0	0	0	0	4	1161	0	0	0	0	0	0	0	0	0	0	246	78	0	0	0	0	0	0	0	0	0	0	0	0	0	0	0	0	0	0	0	2	0	0	0	0	0	0	0	0	0	0	0	0	0	0	0	0	0	13	18	0	4	0	0	0	0	0	0	145	4	0	6	0	0	0	0	0	0	0	0	0	0	0	0	0	0	0	11	9	0	0	0	0	0	0	129	0	0	0	0	0	0	0	0	0	111	0	8	21	4	0	4	0	0	0	0	0	0	0	0	0	0	0	0	3	0	0	0	0	0	0	0	0	0	0	0	0	0	0	0	0	0	0	0	0	0	8	0	0	21	0	0	10	0	0	0	0	0	8	0	0	0	0	0	0	0	0	0	0	0	0	0	0	0	0	0	0	0	0	0	0	0	0	0	0	0	0	0	0	0	0	0	0	0	8	0	0	0	0	0	0	0	0	0	0	0	0	0	0	0	0	0	0	0	0	0	0	0	0	0	0	0	0	0	32	0	0	0	0	0	0	0	0	0	0	0	0	0	0	0	0	0	0	0	0	0	0	0	0	0	0	112	0	0	0	0	0	0	0	0	0	0	0	0	0	0	0	0	0	0	0	0	0	0	0	0	0	0	0	0	0	0	0	0	0	0	0	0	0	0	0	0	0	0	0	0	0	0	0	0	0	0	0	0	0	0	0	0	0	0	0	0	0	0	0	19	0	0	0	0	0
f233	0	0	0	0	0	0	0	0	0	0	0	0	0	56	0	0	0	67	0	0	64	6	5	0	0	20	2	0	0	303	0	0	0	0	0	0	0	0	0	0	0	0	0	0	9	53638	0	2311	0	0	0	0	0	0	0	0	0	1238	0	0	0	10	0	0	0	0	0	0	90	33	0	0	0	0	0	0	0	0	0	0	0	0	0	0	0	0	0	0	0	0	0	0	0	0	0	0	0	0	0	0	0	0	0	0	0	0	0	0	245	0	0	0	0	0	0	0	0	625	0	5	0	0	0	0	0	0	0	0	0	0	0	0	0	0	0	23	10	40	0	0	0	0	0	0	234	0	0	0	0	0	0	0	0	0	57	0	0	0	0	0	0	0	0	0	0	0	0	0	0	0	0	0	0	0	4	0	0	0	0	0	0	0	12	0	0	0	0	0	0	0	0	0	0	0	0	9	0	0	17	0	0	0	0	0	0	0	0	5	0	0	0	0	0	0	0	0	0	0	0	0	0	0	0	0	0	0	0	0	0	0	0	0	0	0	0	0	0	9	0	0	0	0	0	0	0	0	0	0	0	0	0	0	0	0	0	0	0	0	0	0	0	0	0	0	0	0	0	0	0	0	0	0	0	102	0	0	0	2	0	0	0	0	0	0	0	0	0	0	0	0	0	0	0	0	0	0	0	0	0	0	60	0	0	0	0	0	0	0	0	0	0	0	0	0	0	0	0	0	0	0	0	0	0	0	0	0	0	0	0	0	0	0	0	0	0	0	0	0	0	0	0	0	0	0	0	0	0	0	0	0	0	0	0	0	0	0	0	0	0	0	0	0	0	0	0	0	0	0	0	0
f261	5	4	0	0	2	0	54	234	14	0	0	0	44	194	0	0	0	278	0	0	69	42	19	0	0	381	4	4	0	239	0	0	48	0	0	7	269	0	0	0	0	0	6	0	0	50467	805	3387	46	0	0	0	0	0	0	0	85	531	0	18	0	0	0	0	0	0	0	0	133	0	0	0	164	0	0	0	0	0	0	0	0	0	12	0	119	0	14	0	0	0	46	8	0	0	5	0	0	0	12	0	2	491	0	0	0	0	0	4371	13	0	3	86	0	44	6	0	0	879	36	0	5	0	0	10	0	0	0	6	3	0	0	0	0	0	0	4	7	423	0	0	0	0	0	0	315	12	310	0	0	0	7	7	5	0	65	0	6	0	24	0	0	0	0	0	0	0	0	0	0	0	0	0	456	3	0	0	0	0	10	0	0	0	27	0	0	0	0	0	27	0	0	0	0	0	0	22	0	0	175	0	0	69	0	0	0	0	0	0	0	0	0	0	0	0	0	0	0	0	0	0	4	0	0	0	0	0	0	7	0	0	0	0	0	0	0	0	0	0	0	0	257	0	0	0	0	8	0	0	149	0	0	4	0	0	0	0	0	0	0	36	0	0	0	0	0	0	0	11	0	0	10	0	0	33	0	0	0	8	0	0	0	0	0	0	0	0	0	0	0	0	0	0	0	0	0	0	0	0	0	0	78	19	13	0	0	4	0	0	0	0	0	0	0	0	0	0	0	81	0	0	0	0	0	0	0	0	83	0	0	0	39	3	7	0	0	0	80	0	0	0	0	0	0	0	0	0	0	0	0	0	0	0	0	0	0	242	0	0	8	0	0	0	0	0	19	0	0	0	0	0
f262	0	0	0	0	0	0	0	61	13	0	0	14	0	1209	0	38	0	448	0	0	101	305	363	0	0	2292	6	0	0	1740	2	0	19	0	0	53	3	0	0	0	0	0	0	0	83	46330	0	3571	15	0	0	0	0	0	12	20	0	2306	4	0	5	0	0	0	0	5	0	8	870	355	3	0	0	0	0	0	0	0	0	0	0	0	0	0	0	0	6	0	0	0	0	0	29	0	0	0	0	0	0	0	0	0	0	0	0	4	0	73	0	0	8	0	0	0	6	0	0	5592	0	27	0	155	0	0	0	0	0	0	0	0	0	0	0	0	0	0	0	414	0	0	0	0	0	0	406	0	177	0	0	0	0	0	43	0	149	0	0	31	0	0	0	0	0	0	0	0	0	0	13	0	0	0	0	0	16	0	0	0	2	28	0	0	52	0	0	15	0	0	0	5	0	0	0	0	0	42	13	0	0	0	0	0	0	0	0	0	0	0	0	0	0	0	0	0	0	0	0	0	0	0	180	0	0	0	0	0	0	24	0	0	0	0	0	0	0	0	0	42	0	2	0	0	0	0	0	0	0	0	0	0	0	0	27	0	0	0	0	0	0	0	0	0	0	0	0	0	0	0	0	17	0	0	4	477	0	0	0	76	34	0	0	0	0	0	0	0	0	0	0	0	0	0	0	0	0	0	0	0	0	0	294	0	0	0	0	0	0	0	0	0	0	0	0	0	0	13	0	0	0	0	0	0	0	0	0	0	0	0	0	0	0	0	0	0	0	0	0	0	0	0	0	0	0	0	0	0	0	0	0	0	0	0	0	0	0	0	0	0	0	0	0	0	0	0	212	0	0	0	0	0
f263	0	34	73	0	0	0	1883	791	0	0	116	55	4677	395	0	77	77	91	0	57	77	637	57	0	0	3807	51	33	0	152	400	31	3122	0	0	0	394	0	253	0	0	0	86	0	395	928	695	810	191	317	0	36	0	0	0	122	0	149	0	9	68	0	0	0	85	53	0	48	2345	65	11	0	0	0	0	0	29	0	0	25	0	0	922	0	127	0	130	91	450	0	0	0	0	0	21	0	0	0	2	0	0	0	0	0	0	0	0	90	0	106	1458	85	0	149	28	300	502	717	61	255	274	314	6	38	0	0	0	0	0	0	0	99	0	0	86	0	0	12	0	0	140	0	0	0	41	351	40	0	41	18	0	123	0	0	73	0	184	0	0	45	0	0	0	0	122	15	0	0	0	0	0	0	0	0	0	0	118	0	0	223	35	0	180	0	32	39	0	0	0	95	0	0	0	0	82	145	121	0	238	0	0	947	0	0	0	0	0	0	0	115	0	0	33	31	0	0	205	162	0	2	556	0	0	0	0	0	0	390	0	33	0	0	0	0	0	0	0	165	0	0	0	110	0	316	0	0	0	0	275	0	0	0	197	0	150	0	0	154	0	0	26	0	0	0	0	0	0	0	57	624	0	0	0	0	22	0	0	200	157	0	0	0	0	0	0	0	0	0	0	0	0	0	0	0	0	0	0	49	0	0	209	0	1186	0	66	0	56	0	0	0	49	0	0	0	0	18	0	125	0	0	0	0	49	0	0	0	0	0	867	0	1405	0	0	0	24	0	0	0	0	0	0	0	0	0	0	0	0	0	0	0	0	0	0	23	18	4091	0	0	0	0	0	0	0	0	0	0	0	0	0	0
