feature	Oleiharenicola	X0319.6G20_Genus	Planifilum	Hyphomicrobiales_Incertae_Sedis_Genus	Legionella	Craurococcus	Pseudorhodoplanes	Blastococcus	Pedosphaeraceae_Genus	Phreatobacter	Fluviicoccus	Caulobacter	Candidatus_Paracaedibacter	Dechloromonas	Rickettsiaceae_Genus	Chitinophagales_Genus	Culicoidibacter	Clostridium	Gammaproteobacteria_Genus	SWB02	Noviherbaspirillum	Crenobacter	Variovorax	Parachlamydiaceae_Genus	Streptococcus	Gemmata	X37.13_Genus	Haliangiaceae_Genus	Paracaedibacteraceae_Genus	Lutispora	Beijerinckiaceae_Genus	Comamonadaceae_Genus	Piscinibacter	Siminovitchia	Nitrospira	Rhodococcus	Frankiales_Genus	Pseudobdellovibrionaceae_Genus	Phaselicystis	Roseomonas	env.OPS_17_Genus	Paracoccus	Pirellulaceae_Genus	Pseudomonas	Hyphomicrobiales_Genus	Pedomicrobium	Reyranella	JGI_0001001.H03	Rhodocyclaceae_Genus	Candidatus_Bealeia	Luteolibacter	Cytophagales_Genus	Nocardia	Gemmataceae_Genus	Aeromonas	Candidatus_Protochlamydia	Enterobacterales_Genus	Micrococcus	Arthrobacter	Sphingorhabdus	SH.PL14	Planctomycetes_Genus	Paracoccaceae_Genus	Jeotgalicoccus	Nocardioides	Lysobacter	Luteimonas	Burkholderiales_Genus	Candidatus_Megaira	Bacillota_Genus	Terrimonas	Fimbriiglobus	Leuconostoc	Kinneretia	Blastocatellaceae_Genus	Aquihabitans	Caldilineaceae_Genus	Pirellula	Burkholderia.Caballeronia.Paraburkholderia	bacteriap25_Genus	Brevifollis	Granulosicoccus	Pajaroellobacter	IS.44	Bacteroidia_Genus	Sphaerotilus	Sandaracinaceae_Genus	Marmoricola	Emticicia	NS9_marine_group_Genus	Hyphomicrobium	Fusobacteriaceae_Genus	Cytophaga	Gracilibacteria_Genus	Verrucomicrobiaceae_Genus	Armatimonadaceae_Genus	Anaerovorax	Microscillaceae_Genus	Paludibaculum	NS11.12_marine_group_Genus	Xanthobacteraceae_Genus	Vampirovibrionaceae_Genus	Granulicatella	Flavobacterium	Sphingomonas	Devosia	Saprospiraceae_Genus	Staphylococcus	Leeia	Chlamydiales_Genus	Agitococcus	Microtrichaceae_Genus	Ensifer	Paucibacter	Cloacibacterium	Telmatocola	Rhizobium	Paenirhodobacter	Nitrosomonas	Novosphingobium	Gemmatimonadaceae_Genus	Candidatus_Berkiella	Pseudobdellovibrio	Chitinibacter	Aeromicrobium	Polyangiia_Genus	P3OB.42	Roseicella	A21b_Genus	Moraxellaceae_Genus	Blastocatella	Cetobacterium	Gaiellales_Genus	Shinella	Sutterellaceae_Genus	Meiothermus	Fluviicola	Niveibacterium	Vibrionaceae_Genus	Exiguobacterium	Chitinilyticum	AAP99	SM2D12_Genus	Rickettsiella	Acinetobacter	Eremiobacteria_Genus	Candidatus_Ovatusbacter	Shewanella	Bosea	Bryobacteraceae_Genus	Pectobacteriaceae_Genus	X11.24_Genus	JG30.KF.CM45_Genus	Runella	Tetragenococcus	Sphingomonadaceae_Genus	Abditibacterium	Oligoflexaceae_Genus	Enterovirga	Stagnimonas	Rhizorhapis	Rubrivivax	Mycobacterium	Neochlamydia	Blfdi19_Genus	Lonsdalea	Chryseotalea	Ga0077536_Genus	Verrucomicrobiia_Genus	Actinobacteria_Genus	Opitutaceae_Genus	Pseudomonadota_Genus	Pasteurella	Chryseobacterium	Gemmobacter	Kineosporiaceae_Genus	Microtrichales_Genus	Bdellovibrio	Rhodovastum	Sphingopyxis	Rhizobiaceae_Genus	Cellvibrio	Obscuribacteraceae_Genus	Marinomonas	Synechococcus_PCC.7902	cvE6_Genus	Pseudoduganella	Pir4_lineage	Agromyces	Planctomycetota_Genus	mle1.27_Genus	IMCC26207	Dyadobacter	Agriterribacter	Brevundimonas	Thermoleophilia_Genus	MBNT15_Genus	Undibacterium	Ligilactobacillus	Aeromonadaceae_Genus	Stella	Vibrio	Neisseriaceae_Genus	OM190_Genus	TM7a	Geodermatophilaceae_Genus	Caedibacter	Leucobacter	Parvibium	Pseudolysobacter	Dinghuibacter	WY65	Glutamicibacter	Sediminibacterium	BIrii41_Genus	Rothia	alphaI_cluster	Lysobacteraceae_Genus	Pseudoxanthomonas	Vampirovibrionales_Genus	Chitinophagaceae_Genus	Armatimonas	Kapabacteriales_Genus	Chlamydiaceae_Genus	Phenylobacterium	Alphaproteobacteria_Genus	Candidatus_Alysiosphaera	Bacillaceae_Genus	Gordonia	Alicyclobacillus	Deinococcus	PeM15_Genus	LWQ8_Genus	Fimbriimonadaceae_Genus	Gemmatimonas	TRA3.20_Genus	Bacilli_Genus	Tundrisphaera	KD4.96_Genus	Curvibacter	PMMR1	Bradyrhizobium	OLB17	Vicinamibacteraceae_Genus	Flavihumibacter	Anaerocolumna	Longivirga	Rhodospirillales_Genus	Holosporaceae_Genus	Pontibacter	SH3.11	Kineococcus	Sphingobium	CL500.3	Ruminiclostridium	Chromobacteriaceae_Genus	Aquabacterium	Myxococcaceae_Genus	Barnesiellaceae_Genus	Pyrinomonadaceae_Genus	Candidatus_Abawacabacteria_Genus	Aerococcaceae_Genus	Candidatus_Obscuribacter	Serinicoccus	Oscillospiraceae_Genus	Babeliaceae_Genus	Opitutus	X67.14_Genus	Malacoplasma	Blastomonas	Cypionkella	Paraconexibacter	Elstera	Defluviimonas	Ellin6055	Massilia	Thermomicrobiales_Genus	Thermodesulfobacteriota_Genus	Paraclostridium	Micromonospora	Alcaligenaceae_Genus	Pseudomonadales_Genus	Hyphomicrobiaceae_Genus	Methylorubrum	Brevitalea	Sporichthyaceae_Genus	Psychromonas	Rubritaleaceae_Genus	Campylobacterales_Genus	Fusobacteriales_Genus	Stenotrophomonas	Adhaeribacter	Thermoactinomycetaceae_Genus	Nevskiaceae_Genus	Simkaniaceae_Genus	OLB12	RBG.13.54.9_Genus	Hirschia	Plesiomonas	Knoellia	Lactococcus	Unknown_Family_Genus	Thermus	Rheinheimera	Sporomusaceae_Genus	Acidiferrimicrobium	Chitinimonas	Frisingicoccus	Raineya	NB1.j_Genus	Altererythrobacter	Rhodopseudomonas	Methylobacterium	Vampirovibrio	Acidovorax	Kocuria	Polyangiales_Genus	Elsteraceae_Genus	Peptoniphilus	Bacillus	Methyloligellaceae_Genus	Mesorhizobium	Micavibrionales_Genus	Veillonellales.Selenomonadales_Genus	Pseudorhizobium	Mariniblastus	Azospira	Rhodospirillaceae_Genus	Hassallia	Nannocystis	Isosphaeraceae_Genus	Fuscovulum	Aureimonas	Vermiphilaceae_Genus	Turneriella	Polyangiaceae_Genus	Permianibacter	Geodermatophilus	Hyphomonadaceae_Genus	Nordella	Delftia	Sandaracinus	Actinoplanes	Corynebacterium	Haliscomenobacter	Latilactobacillus	Ferruginibacter	Flectobacillus	Desulfotomaculum	Anaerospora	Thermobrachium	Peptostreptococcaceae_Genus	Romboutsia	Babeliales_Genus	Pediococcus	Lactobacillaceae_Genus	AKYH767_Genus	Bordetella	Acidibacter	Hydrogenophaga	Bacteroidales_Genus	Intrasporangiaceae_Genus	Aurantisolimonas	Acetobacteraceae_Genus	SM1A02	Perlucidibaca	Coxiella	Acetivibrio	Anaerotaenia	Vogesella	CL500.29_marine_group
f16	0	0	0	0	21	0	0	9	8	151	8	5	0	737	0	0	3617	5	121	0	0	1869	0	0	0	0	0	5	0	0	0	0	0	0	0	8	0	12	0	16	0	0	0	3289	0	0	0	0	0	0	0	2	0	0	58296	0	0	0	0	0	0	0	209	0	0	0	18	12	0	0	0	0	0	0	0	20	0	7	4	0	0	0	0	0	56	0	0	0	71	0	0	0	0	3	0	0	0	0	0	0	0	0	0	777	0	0	0	0	0	0	16	0	0	3560	33	0	14	52	0	0	0	0	0	0	0	0	0	0	5	0	0	581	0	0	232	0	225	3996	0	0	356	0	0	0	30	0	0	434	32	0	0	0	0	0	0	0	0	0	0	0	0	0	7	0	0	0	3	0	18	0	0	0	0	0	116	0	0	23	0	0	0	245	0	0	0	0	24	0	0	0	0	6	0	0	0	0	0	115	0	0	0	0	0	0	0	0	0	0	0	0	46	0	27	0	0	0	0	0	0	0	0	0	0	0	0	0	0	0	0	0	8	0	0	0	0	0	0	23	0	0	0	0	0	0	0	0	0	0	4	0	0	0	0	0	0	0	0	0	5	0	0	0	0	0	0	0	0	0	11	0	0	0	4	0	0	0	0	0	0	0	0	0	0	0	0	0	0	0	0	0	4	0	0	0	0	0	0	0	64	0	11	0	0	0	0	0	0	0	0	0	0	0	0	0	0	0	0	0	0	0	0	0	0	0	0	0	0	0	0	0	0	0	0	0	0	0	0	0	0	0	0	0	0	4	0	0	0	0	0	0	0	0	0	0	0	0	0	0	0	0	0	0	120	0	0	0	0	0	0	0	0
f17	0	26	0	71	110	0	0	0	23	1116	0	5	0	1877	0	0	4054	140	304	0	0	3073	0	0	8	7	0	0	0	0	0	5	0	0	0	19	0	33	0	330	2	0	0	996	0	5	0	0	0	0	0	0	0	19	27387	0	0	0	0	0	24	0	1410	0	0	0	0	8	0	0	0	9	0	0	0	107	0	18	0	0	0	0	0	0	0	0	0	0	0	0	0	0	0	0	0	0	0	0	0	0	0	0	0	163	0	0	0	0	0	23	0	0	99	1787	16	0	41	496	0	0	0	0	0	0	0	0	0	0	0	0	0	6278	0	0	313	0	146	986	0	0	399	0	0	0	29	0	0	170	37	0	0	0	2	0	0	0	0	0	0	0	0	44	38	5	0	0	0	0	31	0	0	0	0	0	338	0	0	6	115	0	0	2	0	0	0	0	0	5	4	0	0	22	0	0	0	0	0	0	0	0	0	5	0	0	0	0	0	0	0	0	426	0	0	0	0	0	0	0	0	0	0	0	0	0	0	0	0	0	7	0	0	0	0	0	0	0	0	412	0	0	0	20	0	0	0	0	19	0	0	0	37	0	0	0	0	0	0	0	10	0	0	0	0	0	0	0	0	0	3	0	9	0	0	0	0	0	0	0	0	0	0	0	0	0	0	0	0	0	0	0	0	0	0	0	0	0	0	0	190	0	0	0	0	0	0	0	0	0	0	0	0	0	0	0	0	0	0	0	0	0	0	0	0	0	0	0	0	0	0	0	0	0	0	0	0	0	0	0	0	0	0	0	0	0	0	0	0	0	0	0	0	0	0	0	0	0	0	0	0	0	0	0	785	0	0	0	0	0	0	0	0
f18	0	0	0	0	20	0	0	2	0	192	0	0	0	358	0	0	1927	30	41	0	0	1269	0	0	9	0	0	0	0	0	0	14	0	0	0	5	0	2	0	55	0	0	0	289	0	0	0	0	0	0	0	0	0	0	50350	0	0	0	0	0	0	0	184	0	0	0	0	0	0	0	0	0	0	0	0	11	0	0	0	0	0	0	0	0	0	0	0	0	0	0	0	0	0	0	0	0	0	0	0	0	0	0	0	28	0	0	0	0	0	8	0	0	9	220	0	0	7	101	0	0	0	0	0	0	0	0	0	0	0	0	0	4358	0	0	65	0	0	265	0	0	166	0	0	0	6	0	0	242	14	0	0	0	0	0	0	0	0	0	0	0	0	9	7	0	0	0	0	0	4	0	0	0	0	0	71	0	0	0	23	0	0	0	0	0	0	0	0	0	2	0	0	5	0	0	0	0	0	0	0	0	0	0	0	0	0	0	0	0	0	0	74	0	0	0	0	0	0	0	0	0	0	0	0	0	0	0	0	0	0	0	0	0	0	0	0	0	10	61	0	0	0	0	0	0	0	0	5	0	0	0	0	0	0	0	0	0	0	0	0	0	0	0	0	0	0	0	0	0	0	0	0	0	0	0	0	0	0	0	0	0	0	0	0	0	0	0	0	0	0	0	0	0	0	0	0	0	0	0	186	0	2	0	0	0	0	0	0	0	0	0	0	0	0	0	0	0	0	0	0	0	0	0	0	0	0	0	0	0	0	0	0	0	0	0	0	0	0	0	0	0	0	0	0	0	0	0	0	0	0	0	0	0	0	0	0	0	0	0	0	0	0	0	112	0	0	0	0	0	0	0	0
f19	0	3	0	2	41	0	0	0	5	659	0	0	0	935	0	0	3942	4	180	0	0	2664	0	0	0	0	0	0	0	0	0	0	0	0	0	0	0	6	0	166	0	0	0	686	0	0	0	0	17	0	0	0	0	3	39100	0	7	0	0	0	5	0	666	0	0	0	0	0	0	0	0	0	0	0	0	50	0	0	0	0	0	0	0	0	0	0	0	0	0	0	0	0	0	0	0	0	0	0	0	0	0	0	0	349	0	0	0	0	0	8	0	0	17	2319	24	0	0	151	0	0	0	0	0	0	0	0	0	0	0	0	0	6376	0	0	323	0	185	367	0	0	344	0	0	0	8	0	0	114	47	0	0	0	0	0	0	0	0	0	0	0	0	17	13	0	0	0	0	0	62	0	0	0	0	0	220	0	0	0	35	0	0	19	0	0	0	0	0	0	0	0	0	0	0	0	0	0	0	0	0	0	0	0	0	0	0	0	0	0	0	0	175	0	0	0	0	0	0	0	0	0	0	0	0	0	0	4	0	0	4	0	0	0	0	0	0	0	0	121	0	0	0	6	0	0	0	0	0	0	0	0	0	0	0	0	0	0	0	0	13	0	0	0	0	0	0	0	0	0	0	0	0	0	0	0	0	0	0	0	0	0	0	0	0	0	0	0	0	0	0	0	0	0	0	0	0	0	0	0	360	0	0	0	0	0	0	0	0	0	0	0	0	0	0	0	0	0	0	0	0	0	0	0	0	0	0	0	0	0	0	0	0	0	0	0	0	0	0	0	0	0	0	0	0	0	0	0	0	0	0	0	0	0	0	0	0	0	0	0	0	0	0	0	354	0	0	0	0	0	0	0	0
f20	0	20	0	98	175	0	8	0	50	1679	0	10	0	2893	0	0	4373	9	580	0	0	3590	0	3	0	27	0	0	0	0	0	10	0	0	0	37	0	37	0	538	0	0	0	1688	0	5	0	0	0	0	0	3	30	15	21442	3	4	0	0	0	27	0	2016	0	3	0	4	12	0	7	0	12	0	0	0	178	0	46	0	0	0	0	0	0	0	0	0	4	0	0	0	0	0	0	0	0	0	0	0	0	0	0	0	219	0	20	0	0	0	69	0	0	295	4821	37	0	86	1077	0	0	0	0	0	0	0	0	0	0	0	0	0	5772	5	0	463	0	297	1065	0	0	225	0	0	0	29	0	0	133	56	0	6	0	5	0	0	0	0	0	0	0	0	53	155	7	0	0	0	0	25	0	0	0	0	0	503	0	8	0	112	0	0	45	0	0	0	0	0	20	11	0	0	30	0	0	0	0	4	0	0	0	0	0	0	0	0	0	0	0	0	0	666	0	0	0	0	0	0	0	0	0	0	0	0	0	0	0	0	0	25	0	0	0	0	0	0	0	0	523	0	0	0	50	0	0	0	0	11	0	0	0	31	0	0	0	0	0	0	0	0	0	0	0	0	0	0	0	0	0	0	0	37	0	0	0	0	0	0	0	28	0	0	0	0	0	0	0	0	0	0	0	0	0	0	0	0	0	0	0	154	0	0	0	0	0	0	0	0	0	0	0	0	79	0	0	0	0	0	0	0	0	0	0	0	0	0	0	0	0	0	0	0	91	0	0	0	0	0	0	0	0	0	0	0	0	0	0	0	0	0	0	0	0	0	0	0	0	0	0	0	0	0	0	1202	0	0	0	0	0	0	0	0
f46	36	25	0	75	172	0	0	0	560	1208	0	51	23	1627	3	4	211	666	227	36	3	558	0	0	0	167	2	1808	5	0	0	310	18	0	93	92	0	258	13	120	994	12	0	2386	0	35	22	0	12	0	35	4659	50	101	19774	0	0	0	0	143	57	0	2545	0	10	0	95	6	0	0	0	355	0	0	0	54	0	58	0	0	30	0	34	0	190	156	76	0	57	4	0	0	106	10	0	38	0	33	3	0	0	0	0	521	0	6	223	0	0	0	210	0	88	1434	86	86	308	265	131	13	16	0	79	0	0	38	8	4	0	0	5	3008	0	0	222	0	158	574	0	0	35	0	0	0	0	53	2	22	132	0	0	4	4	31	0	0	0	0	0	0	4	0	185	0	0	0	2239	6	0	0	9	0	0	0	1444	0	0	100	0	8	46	295	21	0	0	2	10	19	0	0	18	18	0	0	0	0	3	435	0	0	0	0	0	320	0	0	0	0	0	68	605	13	10	88	48	0	19	0	4	0	4	0	61	0	0	0	0	0	158	0	0	0	0	3	0	0	0	981	0	17	0	178	0	41	0	0	19	0	0	0	0	0	0	0	0	0	107	0	6	11	0	0	221	0	0	0	10	0	0	0	0	4	1178	0	0	0	0	0	0	0	0	0	0	0	0	0	0	0	0	0	0	0	0	3	0	43	2	6	109	0	0	0	0	5	243	0	0	0	0	9	0	16	0	0	56	122	0	5	0	0	0	0	0	0	0	0	0	0	47	0	0	71	0	0	22	0	0	0	0	17	0	3	0	0	631	0	0	0	0	0	0	0	0	0	0	0	0	0	0	66	0	0	434	0	0	0	0	0	0	0	0
f47	0	15	0	31	256	0	0	0	3	1028	0	79	0	1178	0	0	289	202	281	0	0	679	0	0	6	11	0	0	0	0	0	33	0	0	0	0	0	33	0	85	0	0	0	3930	0	10	7	0	0	0	11	24	13	0	50034	0	8	0	0	0	50	0	2325	0	10	0	0	0	0	0	0	0	0	0	0	43	0	47	0	0	0	0	0	0	0	0	0	0	0	0	0	0	0	0	0	0	0	0	0	0	3	0	0	99	0	0	0	0	0	0	0	0	67	1396	941	0	380	160	0	0	0	0	0	0	0	0	0	0	0	0	0	457	0	0	190	0	143	247	0	0	176	0	0	0	0	0	0	49	127	0	0	0	3	0	0	0	0	4	0	0	0	0	156	0	0	0	14	0	3	0	0	0	0	0	1149	14	2	0	3	0	17	124	16	0	0	0	0	0	0	0	0	22	0	0	0	0	8	9	0	0	0	0	0	0	0	0	0	0	0	0	698	0	0	0	0	0	0	0	0	0	0	0	0	0	0	0	0	0	0	0	0	9	0	0	0	0	0	746	0	0	0	124	0	0	0	0	14	0	0	0	9	0	0	0	0	0	0	0	0	0	0	0	72	0	0	0	0	0	0	0	0	0	5	0	0	0	0	0	0	0	0	0	0	0	0	0	0	0	0	0	0	0	0	0	0	0	0	0	92	0	0	0	0	0	77	0	0	0	0	0	0	0	0	0	0	0	0	0	0	0	0	0	0	0	0	0	0	0	0	0	5	0	0	0	0	0	0	0	0	0	0	0	0	0	0	0	0	0	0	0	0	6	0	3	0	0	0	0	0	0	0	0	521	0	0	0	0	0	0	0	0
f48	158	3	3	33	13	0	0	34	60	839	0	5	0	1430	0	0	47	16	134	8	0	831	0	0	6	104	0	540	31	0	0	702	0	0	53	255	0	5	0	0	562	56	0	6091	0	41	0	0	0	0	0	268	173	91	4433	0	0	16	0	66	14	0	303	0	48	42	654	4	0	0	0	0	0	0	0	0	0	46	0	0	21	0	5	0	836	312	24	0	1048	0	0	0	9	3342	24	0	0	0	0	0	0	0	0	93	19	0	20	0	73	0	0	13	54	7083	160	0	32	224	65	153	0	0	29	0	0	13	0	0	0	0	0	229	0	0	0	0	230	4845	0	0	9	0	0	0	0	48	0	0	83	0	0	0	9	151	0	0	0	0	0	0	0	0	645	0	0	0	243	0	0	0	0	0	0	0	42	4	0	4019	0	0	1610	3624	0	0	0	0	5194	0	0	0	36	0	0	0	0	0	0	3281	0	0	0	0	39	36	0	0	0	0	0	34	36	0	0	135	7	0	0	0	0	0	58	0	5	0	14	0	0	0	128	0	0	0	0	0	0	0	0	176	0	0	0	41	0	3	0	0	0	0	0	0	0	0	0	0	0	0	675	0	6	0	0	0	49	0	0	0	0	0	0	25	0	0	58	0	0	0	0	0	0	0	0	0	0	0	0	0	0	0	0	0	0	0	0	0	0	0	0	25	37	0	0	0	0	0	54	0	0	0	0	0	0	0	0	0	66	0	0	7	0	0	0	0	0	0	0	0	0	0	0	0	0	205	0	0	21	0	0	0	0	0	0	0	0	0	280	0	44	0	0	0	0	0	0	0	0	0	0	0	0	0	0	0	54	0	0	0	0	0	0	22	0
f49	0	11	0	9	150	0	0	4	21	574	0	37	0	538	0	0	669	239	227	0	0	1112	0	0	0	5	0	0	0	0	0	0	0	0	0	0	0	34	0	59	0	0	0	2078	0	0	0	0	0	0	27	0	0	21	75047	3	0	0	0	0	76	0	1610	0	0	0	0	0	0	0	0	0	0	0	0	44	0	48	0	0	0	0	0	0	0	0	0	0	0	0	0	0	0	0	0	0	0	0	0	0	0	0	0	129	2	0	0	0	0	0	0	0	29	1540	207	0	188	122	0	0	0	0	0	0	0	0	0	0	0	0	0	1017	0	0	282	0	192	437	0	0	309	0	0	0	0	0	0	104	71	0	0	0	0	0	0	0	0	0	0	0	0	14	103	0	0	0	9	0	0	0	0	0	0	0	947	0	0	0	0	0	0	45	24	0	0	0	0	14	0	0	0	18	0	0	0	0	0	0	0	0	0	0	0	0	0	0	0	0	0	0	361	0	0	0	0	0	5	0	0	0	0	0	0	0	0	0	0	0	0	0	0	7	0	0	0	0	0	522	0	0	0	63	0	0	0	0	18	0	0	0	6	0	0	0	0	0	0	0	11	0	0	0	64	0	0	0	0	0	4	0	0	0	0	0	0	0	0	0	0	0	0	0	0	0	0	0	0	0	0	0	0	0	0	0	0	0	0	0	191	0	0	0	0	0	0	0	0	0	0	0	0	0	0	0	0	0	0	0	0	0	0	0	0	0	0	0	0	0	0	0	0	0	0	0	0	0	0	0	0	0	0	0	0	0	0	0	0	0	0	0	0	0	0	6	0	0	0	0	0	0	0	0	320	0	0	0	0	0	0	0	0
f50	0	0	0	0	60	0	0	0	0	135	0	6	0	546	0	0	173	22	35	0	0	198	0	0	16	0	0	0	0	0	0	0	0	0	0	0	0	6	0	0	0	0	0	1300	0	0	0	0	0	0	0	0	0	4	54182	0	0	0	0	0	6	0	417	0	0	0	0	17	0	0	0	0	0	0	0	5	0	9	0	0	0	0	0	0	0	0	0	0	0	0	0	0	0	0	0	0	0	0	0	0	0	0	0	19	0	0	0	0	0	0	0	0	18	295	80	0	64	38	0	0	0	0	0	0	0	0	0	0	0	0	0	297	0	0	49	0	45	111	0	0	132	0	0	0	0	0	0	19	18	0	0	0	0	0	0	0	0	0	0	0	0	0	26	0	0	0	0	0	0	0	0	0	0	0	204	0	0	0	0	0	0	8	0	0	0	0	0	0	0	0	0	0	0	0	0	0	5	0	0	0	0	0	0	0	0	0	0	0	0	0	161	0	0	0	0	0	0	0	0	0	0	0	0	0	0	0	0	0	0	0	0	0	0	0	0	0	0	174	0	0	0	33	0	0	0	0	0	0	0	0	0	0	0	0	0	0	0	0	0	0	0	0	15	0	0	0	0	0	18	0	0	0	0	0	0	0	0	0	0	0	0	0	0	0	0	0	0	0	0	0	0	0	0	0	0	0	0	0	23	0	0	0	0	0	0	0	0	0	0	0	0	0	0	0	0	0	0	0	0	0	0	0	0	0	0	0	0	0	0	0	0	0	0	0	0	0	0	0	0	0	0	0	0	0	0	0	0	0	0	0	0	0	0	0	0	0	0	0	0	0	0	0	87	0	0	0	0	0	0	0	0
f76	0	0	0	0	0	0	0	0	0	60	0	0	0	0	0	0	5347	0	35	0	0	2165	0	0	0	0	0	0	0	0	0	0	0	0	0	0	0	0	0	25	0	0	0	673	0	0	0	0	0	0	0	11	0	7	16260	0	0	0	0	0	2	0	233	0	0	0	0	3	0	0	0	0	0	0	0	2	0	0	0	0	0	0	0	0	0	0	0	0	0	0	0	0	0	0	0	0	0	0	0	0	0	0	0	47	0	0	0	0	0	0	0	0	11	1211	0	0	0	74	0	0	0	0	0	0	0	0	0	0	0	0	0	21934	0	0	0	0	0	0	0	0	1725	0	0	0	0	0	0	438	33	0	0	0	0	0	0	0	0	0	0	0	0	0	18	0	0	0	3	0	9	0	0	0	0	0	107	0	0	0	0	0	0	0	0	0	0	3	0	0	222	0	0	0	0	0	0	0	0	0	0	0	0	0	0	0	0	0	0	0	0	0	0	0	0	0	0	0	0	0	0	0	0	0	0	0	0	0	0	0	0	0	0	0	0	0	0	0	0	78	0	0	0	0	0	0	0	0	0	0	0	0	0	0	0	0	0	0	0	0	6	0	0	0	0	0	0	0	0	0	27	0	0	0	0	0	0	0	0	0	0	0	0	0	0	0	0	0	0	0	0	0	0	0	0	0	0	0	0	0	1032	0	0	0	0	0	0	0	0	0	0	0	0	0	0	0	0	0	0	0	0	0	0	0	0	0	0	0	0	0	0	0	0	0	0	0	0	0	0	0	0	0	0	0	0	0	0	0	0	0	0	0	0	0	0	0	0	0	0	0	0	0	0	0	0	0	0	0	0	0	0	0	0
f77	0	0	0	8	26	0	0	0	10	187	0	0	0	129	0	0	2704	13	218	0	0	3834	0	0	0	13	0	117	0	0	0	12	0	0	0	0	0	0	0	57	32	0	0	1273	2	14	3	0	0	0	0	368	0	18	23050	0	0	0	0	0	8	0	618	0	0	0	58	5	0	0	0	25	0	0	0	16	0	16	0	0	0	0	0	0	67	115	0	0	7	0	0	0	10	0	0	0	0	0	0	0	0	0	0	124	0	0	30	0	0	0	20	0	26	2251	0	11	43	314	24	0	0	0	0	0	0	3	0	9	0	0	0	8143	0	0	12	0	37	10	0	0	885	0	0	0	0	5	0	320	62	0	0	0	3	0	0	0	0	0	0	0	0	0	39	8	0	0	49	0	21	0	0	0	0	0	246	0	0	7	0	0	0	111	0	0	0	3	0	0	358	0	0	0	0	0	0	0	3	43	0	0	0	0	0	22	0	0	0	0	0	3	0	3	0	15	0	0	0	0	0	0	0	0	0	0	0	0	0	0	0	0	0	0	0	0	0	0	0	373	0	0	0	0	0	0	0	0	0	0	0	0	0	0	0	0	0	0	13	0	0	0	0	0	5	0	0	0	0	0	12	0	19	0	111	0	0	0	0	0	0	0	0	2	0	0	0	0	0	0	0	0	0	0	0	0	4	0	0	0	365	0	0	0	0	8	0	0	0	0	0	0	0	23	0	0	12	0	0	4	0	0	0	0	0	0	0	0	0	0	0	0	0	30	0	0	0	0	0	0	0	0	0	0	0	0	178	0	0	0	0	0	0	0	0	0	0	0	0	0	0	0	0	0	28	0	0	0	0	0	0	0	0
f78	0	0	0	0	21	0	0	4	0	175	0	0	0	0	0	0	5303	0	121	0	0	845	0	0	0	0	0	0	0	0	0	0	0	0	0	0	0	0	0	23	0	0	0	497	5	0	3	0	0	0	0	22	0	7	26073	0	0	0	0	0	7	0	402	0	0	0	0	4	0	0	0	0	0	0	0	0	0	12	0	0	0	0	0	0	0	0	0	0	0	0	0	0	0	0	0	0	0	0	0	0	0	0	0	115	0	0	0	0	0	0	0	0	13	2875	0	0	0	343	0	0	0	0	0	0	0	0	0	8	0	0	0	17466	0	0	0	0	65	3	0	0	263	0	0	0	0	0	0	159	53	0	0	0	5	0	0	0	0	0	0	0	0	0	31	7	0	0	0	0	20	0	0	0	0	0	118	0	0	0	0	0	0	7	0	0	0	0	0	0	357	0	0	0	0	0	0	0	0	0	0	0	0	0	0	0	0	0	0	0	0	0	0	0	0	0	0	0	0	0	0	0	0	0	0	0	0	0	0	0	0	0	0	0	0	0	0	0	0	294	0	0	0	0	0	0	0	0	0	0	0	0	0	0	0	0	0	0	0	0	0	0	0	0	0	0	0	0	0	0	22	0	0	0	0	0	0	0	0	0	0	0	0	0	0	0	0	0	0	0	0	0	0	0	0	0	0	0	0	0	231	0	0	0	0	0	0	0	0	0	0	0	0	0	0	0	0	0	0	0	0	0	0	0	0	0	0	0	0	0	0	0	0	0	0	0	0	0	0	0	0	0	0	0	0	0	0	0	0	0	0	0	0	0	0	0	0	0	0	0	0	0	0	0	0	0	0	0	0	0	0	0	0
f79	0	0	0	0	25	0	0	6	0	158	0	0	0	0	0	0	8101	0	256	0	0	6997	0	0	0	7	0	0	0	0	0	0	0	0	0	0	0	2	0	28	0	0	0	987	0	0	12	0	0	0	0	134	0	20	10369	0	3	0	0	0	9	0	698	0	0	0	0	0	0	6	0	0	0	0	0	0	0	11	0	0	0	0	0	0	0	0	0	0	0	0	0	0	0	0	0	0	0	0	0	0	0	0	0	146	0	0	0	0	0	0	6	0	29	6266	0	0	0	167	0	0	0	0	0	0	0	0	0	10	0	0	0	16126	0	0	0	0	107	0	0	0	316	0	0	0	0	0	0	103	125	0	0	0	0	0	0	0	0	0	0	0	0	0	23	0	0	0	0	0	101	0	0	0	0	0	201	0	0	0	0	0	0	34	0	0	0	7	0	0	841	0	0	0	0	0	0	0	0	0	0	0	0	0	0	0	0	0	0	0	0	0	0	0	0	14	0	0	0	0	0	0	0	0	0	0	0	0	0	0	0	0	0	0	0	0	0	0	0	289	0	0	0	0	0	0	0	0	0	0	0	0	4	0	0	0	0	0	0	0	0	0	0	0	0	0	0	0	0	0	14	0	0	0	0	0	0	0	0	0	0	0	0	0	0	0	0	0	0	0	0	0	0	0	0	0	0	0	0	0	2784	0	0	0	0	0	0	0	0	0	0	0	0	0	0	0	0	0	0	0	0	0	0	0	0	0	0	0	0	0	0	0	0	0	0	0	0	0	0	0	0	0	0	0	0	0	0	0	0	0	0	0	0	0	0	0	0	0	0	0	0	0	0	0	0	0	0	0	0	0	0	0	0
f80	7	5	0	37	112	0	0	0	261	345	0	11	4	1680	0	0	2197	528	201	0	0	1928	0	0	5	19	0	662	0	0	0	143	0	0	28	0	0	84	7	55	178	0	0	1472	0	22	16	0	28	0	0	2700	41	58	23906	0	0	0	0	82	36	0	927	0	0	0	25	8	0	0	16	65	0	0	0	37	0	22	0	0	9	0	0	0	117	140	21	0	8	0	5	0	57	18	0	0	0	10	0	0	0	0	0	378	0	22	117	0	0	0	272	0	72	1778	55	22	138	227	40	0	0	0	3	0	0	28	0	0	0	0	7	9539	0	0	36	0	113	146	0	0	563	0	0	0	0	9	0	156	57	0	0	9	3	43	0	0	0	0	0	0	0	0	449	0	0	0	655	0	26	0	0	0	0	0	459	0	0	153	0	0	59	104	16	0	0	0	0	2	284	0	0	0	0	0	0	0	0	333	0	0	0	13	0	85	0	0	0	0	0	0	153	9	0	71	7	0	0	0	0	0	0	0	5	0	0	2	0	0	160	0	12	0	0	0	0	0	0	442	0	0	0	81	0	6	0	0	4	0	7	0	0	0	0	0	0	0	49	0	0	0	0	0	87	0	0	0	0	4	21	0	0	0	1398	0	0	0	0	0	0	0	0	0	0	0	0	0	0	0	0	0	0	0	0	0	0	13	0	8	257	0	0	0	0	5	110	0	0	0	0	0	0	0	0	0	25	0	0	0	0	0	0	0	0	0	0	0	0	0	11	0	0	38	0	0	11	0	0	0	0	10	0	0	0	0	252	0	0	2	0	0	0	0	0	0	0	0	0	0	0	0	0	0	127	0	0	0	0	0	0	0	0
f376	0	2	0	19	21	0	34	0	51	668	0	23	0	935	0	0	44	332	23	0	0	441	0	13	7	9	0	10	0	0	0	0	0	0	5	0	0	12	0	28	17	0	0	1725	0	25	4	0	13	0	0	30	21	322	48852	0	0	0	0	0	34	0	597	0	0	0	13	0	0	0	0	6	0	0	0	7	0	48	0	0	0	0	0	0	6	0	0	0	15	0	0	0	0	0	0	0	0	0	0	0	0	0	0	0	0	0	0	0	0	0	0	0	133	244	200	0	160	118	3	0	0	7	0	11	0	0	0	8	0	0	0	240	0	0	0	0	457	925	0	0	82	0	0	0	0	0	0	22	120	0	0	0	8	0	0	0	0	0	0	0	0	0	140	0	0	0	71	0	0	0	0	0	0	0	220	0	0	0	55	0	139	86	6	0	0	0	0	34	0	0	0	0	0	0	0	0	0	23	0	0	0	0	0	0	0	0	0	0	0	0	453	0	0	0	0	0	0	0	0	0	0	0	0	0	0	0	3	0	11	0	0	0	0	0	0	0	0	1407	0	0	0	42	0	0	0	0	13	0	9	0	15	0	0	0	0	0	10	0	0	0	0	0	38	0	0	0	0	0	0	0	0	0	0	0	0	0	0	0	0	0	0	0	0	0	0	0	0	0	0	0	0	0	0	0	0	0	0	0	24	0	0	0	0	0	53	0	0	0	0	0	0	0	0	0	0	0	0	0	0	0	0	0	0	0	0	0	0	0	0	0	0	0	0	0	0	0	0	0	0	0	0	0	0	0	12	0	0	0	0	0	0	13	0	0	0	0	0	0	0	0	0	0	111	0	0	0	0	0	0	0	0
f377	15	17	0	33	33	0	31	0	122	420	0	18	0	179	0	0	46	206	24	0	0	213	0	22	0	10	0	79	3	0	0	24	0	0	0	0	0	12	0	15	166	0	0	960	0	14	7	0	0	0	0	11	41	240	54535	0	0	0	0	0	33	0	580	0	0	0	26	0	0	0	0	0	0	0	0	21	0	111	0	0	0	0	0	0	0	0	0	0	18	0	0	0	24	0	0	0	0	0	0	0	0	0	0	0	0	0	0	0	0	0	0	0	99	177	146	0	106	103	3	0	0	16	0	0	0	0	0	0	0	0	0	208	0	0	0	0	597	436	0	0	79	0	0	0	0	0	0	14	56	0	0	0	0	0	0	0	0	0	0	0	0	0	153	0	0	0	133	0	0	0	0	0	0	0	189	0	8	0	42	0	87	46	8	0	0	0	0	30	0	0	0	0	0	0	0	0	0	32	0	5	0	0	0	0	0	0	0	0	0	0	571	0	0	0	6	0	7	0	0	0	6	0	0	0	0	0	0	0	2	0	0	0	0	0	0	0	0	1000	0	0	0	41	0	0	0	0	8	0	0	0	33	0	0	0	0	0	0	0	0	0	0	0	17	0	2	0	0	3	0	0	0	0	0	0	0	0	0	0	0	0	0	0	0	0	0	0	0	0	0	0	0	0	0	0	0	0	0	0	17	0	0	0	0	0	131	0	0	0	0	0	0	0	0	0	0	0	0	0	0	0	0	0	0	0	0	0	0	0	0	0	0	0	0	0	0	0	0	0	0	0	0	0	0	0	30	0	0	0	0	0	0	7	0	0	0	0	0	0	0	0	0	0	148	0	0	0	0	0	0	0	0
f378	88	0	0	7	94	0	11	67	412	1778	0	114	0	1955	0	0	0	377	49	8	0	574	0	52	0	574	0	1900	0	0	0	181	0	0	80	0	0	6	64	67	1234	0	0	2479	0	60	31	0	0	0	0	0	0	479	1269	2	0	0	0	23	0	0	5775	0	164	0	619	25	0	0	27	0	0	0	0	21	0	12	0	0	73	0	69	0	325	94	515	0	367	5	0	0	92	45	0	0	0	0	0	0	0	0	0	292	0	0	22	0	55	0	0	0	70	4111	341	39	228	654	150	27	0	68	29	0	0	0	0	63	0	0	0	264	0	0	0	35	956	6252	0	0	0	0	3	7	0	0	0	0	130	0	0	0	28	0	0	0	0	0	0	0	0	0	384	0	0	0	1943	0	0	0	0	0	0	0	1192	0	105	121	534	0	421	246	58	0	11	0	0	36	38	0	0	0	0	0	0	0	0	234	0	0	0	0	0	37	0	16	0	0	0	0	2121	0	0	178	394	0	0	0	0	0	22	0	7	0	0	0	0	0	85	0	0	75	0	0	0	0	0	1521	0	0	0	278	0	79	0	0	282	0	34	0	0	0	0	0	0	0	13	0	0	0	0	0	52	0	0	0	0	0	0	0	0	0	0	0	8	0	0	0	0	0	0	0	0	0	0	0	0	0	0	0	0	0	0	0	0	12	0	0	8	0	0	57	0	0	321	0	0	0	0	28	26	0	0	0	117	0	0	32	0	0	0	0	0	0	0	0	0	0	0	0	0	0	0	0	0	0	0	0	7	155	0	0	0	0	318	0	93	0	0	0	0	0	0	0	0	0	0	0	0	0	0	0	758	0	0	0	0	0	0	0	0
f379	16	0	0	24	14	0	28	0	151	613	0	6	0	292	0	0	83	475	31	3	0	213	0	10	7	33	0	114	0	0	0	66	0	0	13	0	0	0	0	11	61	0	0	961	2	23	0	0	0	0	0	0	9	234	61630	0	0	0	0	0	38	0	384	0	0	0	128	0	0	0	0	11	0	0	0	8	0	27	0	0	2	0	3	0	0	0	3	0	102	0	0	0	10	0	0	0	9	0	0	0	0	0	0	28	0	7	0	0	0	0	0	0	85	289	95	0	119	114	27	0	0	7	0	11	0	0	0	0	0	0	0	263	0	0	0	0	190	1106	0	0	127	0	0	0	0	0	0	13	29	0	0	0	0	0	0	0	0	0	0	0	0	0	115	0	0	0	177	0	6	0	0	0	0	0	139	0	0	0	38	0	142	48	20	0	0	0	0	15	0	0	0	3	0	0	0	0	0	47	0	0	0	0	0	4	0	0	0	0	0	0	345	0	2	0	0	0	0	0	0	0	13	0	0	0	0	0	0	0	14	0	0	0	0	0	0	0	0	1373	0	0	0	41	0	0	0	0	5	0	0	0	10	0	0	0	0	0	16	0	0	0	0	0	10	0	0	0	0	0	0	0	0	0	2	0	0	0	0	0	0	0	0	0	0	0	0	0	0	0	0	0	0	0	0	0	0	0	0	0	11	0	6	0	0	0	229	0	0	0	0	0	0	0	0	0	17	0	0	0	0	0	0	0	0	0	0	0	0	0	0	0	0	0	0	0	0	0	0	0	9	0	0	0	0	0	65	0	0	0	0	0	0	0	0	0	0	0	0	0	0	0	0	0	110	0	0	0	0	5	0	0	0
f380	0	5	0	28	0	0	35	0	6	541	0	0	0	122	0	0	30	125	14	0	0	153	0	12	0	13	0	19	0	0	0	0	0	0	0	0	0	4	0	0	0	0	0	1553	0	14	0	0	0	0	0	0	0	221	77041	0	0	0	0	0	16	0	416	0	0	0	9	0	0	0	0	0	0	0	0	0	0	10	0	0	0	0	0	0	0	0	0	0	17	0	2	0	3	0	0	0	0	0	0	0	0	0	0	0	0	0	0	0	0	0	0	0	53	169	31	0	89	108	3	0	0	0	0	16	0	0	0	0	0	0	0	261	0	0	0	0	87	296	0	0	35	0	0	0	0	0	0	12	40	0	0	0	4	0	0	0	0	0	0	0	0	0	101	0	0	0	0	0	0	0	0	0	0	0	125	0	0	0	16	0	85	23	0	0	0	0	0	11	0	0	0	0	0	0	0	0	0	28	0	0	0	0	0	0	0	0	0	3	0	0	211	0	0	0	0	0	0	0	0	0	0	0	0	0	0	0	0	0	0	0	0	0	0	0	0	0	0	673	0	0	0	11	0	0	0	0	10	0	0	0	0	0	0	0	0	0	5	0	0	0	0	0	30	0	0	0	0	2	0	0	0	0	0	0	0	0	0	0	0	0	0	0	0	0	0	0	0	0	0	0	0	0	0	0	0	3	0	0	0	0	0	0	0	0	0	0	0	0	0	0	0	0	0	0	0	0	0	0	0	0	0	0	0	2	0	0	0	0	0	0	0	0	0	0	0	0	0	0	0	6	0	0	0	0	0	0	0	0	0	0	0	0	0	0	0	0	0	0	0	0	0	0	57	0	0	0	0	0	0	0	0
f406	0	0	0	13	16	0	0	0	0	135	0	0	0	244	0	0	932	17	68	0	0	799	0	3	9	3	0	0	0	0	0	0	0	0	0	0	0	12	0	8	0	0	0	863	0	0	0	0	0	0	0	0	0	16	67724	0	0	0	0	0	0	0	176	0	0	2	6	0	0	0	0	0	0	0	0	0	0	2	0	0	0	0	0	0	0	0	0	0	0	0	0	0	0	0	0	0	0	0	0	0	0	0	0	97	0	0	0	0	0	13	0	0	8	425	97	0	15	54	0	0	0	0	0	5	0	0	0	0	0	0	0	1767	0	0	31	0	0	577	0	0	44	0	0	0	0	0	0	248	10	0	0	0	4	0	0	0	0	0	0	0	0	0	0	0	0	0	0	0	0	0	0	0	0	0	94	0	0	0	0	0	17	0	0	0	0	0	0	0	0	0	0	0	0	0	0	0	0	0	0	0	0	0	0	0	0	0	0	0	0	0	20	0	0	0	0	0	0	0	0	0	0	0	0	0	0	0	0	0	0	0	0	0	0	0	0	0	0	11	0	0	0	0	0	0	0	0	0	0	0	0	0	0	0	0	0	0	0	0	0	0	0	0	0	0	0	0	0	0	0	0	28	0	0	0	0	0	0	0	0	0	0	0	0	0	0	0	0	0	0	0	0	0	0	0	0	0	0	0	338	0	0	0	0	0	0	0	0	0	0	0	0	0	0	0	0	0	0	0	0	0	0	0	0	0	0	0	0	0	0	0	0	0	0	0	0	0	0	0	0	0	0	0	0	0	0	0	0	0	0	0	0	0	2	0	0	0	0	0	0	0	0	0	35	0	0	0	0	0	0	0	0
f407	0	0	0	0	4	0	0	0	0	86	0	0	0	0	0	0	4010	11	9	0	0	412	0	8	392	0	0	0	0	0	0	0	0	0	0	0	0	0	0	0	0	8	0	39	0	0	0	0	0	0	0	0	5	0	61654	0	0	0	0	0	0	0	30	2	3	0	0	0	0	0	0	0	0	0	0	0	0	7	0	0	0	0	0	0	0	0	0	0	0	0	0	0	0	0	0	0	0	0	0	0	0	0	0	25	0	0	0	0	0	0	0	0	20	76	0	0	31	13	0	0	0	0	0	0	0	0	0	0	0	0	0	6384	0	0	0	0	0	0	0	0	9	0	0	0	0	0	0	213	7	0	0	0	0	0	0	0	0	0	0	0	0	0	0	0	0	0	0	0	0	0	0	0	0	0	0	0	0	0	0	0	23	9	0	0	0	0	0	0	0	0	0	0	0	0	0	0	0	0	0	0	0	0	0	0	0	0	0	0	0	0	0	0	0	0	0	0	0	0	0	0	0	0	0	0	0	0	0	4	0	0	0	0	0	0	0	0	0	0	0	0	0	0	0	0	0	0	0	0	0	0	0	0	0	0	0	0	0	0	0	0	0	0	0	0	0	0	0	0	0	0	0	0	0	0	0	0	0	0	0	0	0	0	0	0	0	0	0	0	0	0	0	0	0	0	0	0	0	0	434	0	30	0	0	0	0	0	0	5	0	0	0	0	3	0	0	0	0	0	3	0	0	0	0	0	0	0	0	0	0	0	0	0	0	0	0	0	0	0	0	0	0	0	0	0	0	0	0	0	0	0	0	0	0	0	0	2	0	0	0	0	0	0	3	0	0	0	0	0	0	0	0
f408	0	9	0	31	99	0	0	0	2	498	0	9	0	60	0	0	3033	0	283	0	0	2597	0	0	0	23	0	0	0	0	0	0	0	0	0	13	0	28	0	56	0	0	0	408	0	2	0	0	0	0	0	0	0	112	36623	0	6	0	0	0	16	0	565	0	0	0	0	0	0	0	0	0	0	0	0	9	0	4	0	0	0	0	0	0	0	0	0	0	7	0	4	0	0	0	0	0	0	0	0	0	0	43	0	57	0	0	0	0	0	17	0	0	41	1716	136	0	89	154	0	0	0	0	0	12	0	0	0	3	0	0	0	14454	0	0	106	0	0	86	0	0	48	0	0	0	0	0	0	218	39	0	0	0	11	0	0	0	0	0	0	0	0	0	23	4	0	0	0	0	21	0	0	0	0	0	230	0	0	0	5	0	0	4	0	0	0	0	0	3	0	0	0	8	0	0	0	0	0	0	0	0	0	0	0	0	0	0	0	0	0	0	143	0	0	0	0	0	0	0	0	0	0	0	0	0	0	0	0	0	0	0	0	0	0	0	0	0	0	31	0	0	0	13	0	0	0	0	14	0	0	0	0	0	0	0	0	0	0	0	0	0	0	0	0	0	0	0	0	0	0	0	15	0	0	0	0	0	0	0	0	0	0	0	0	0	0	0	0	0	0	0	0	0	0	0	0	0	0	0	857	0	0	0	0	0	0	0	0	0	0	0	0	0	0	0	0	0	0	0	0	0	0	0	0	0	0	0	0	0	0	0	0	0	0	0	0	0	0	0	0	0	0	0	0	0	0	0	0	0	0	0	0	0	0	0	0	0	0	0	0	0	0	0	132	0	0	0	0	0	0	0	0
f409	0	26	0	37	181	0	0	0	0	638	0	66	0	743	0	0	5017	0	675	0	0	4167	0	15	67	21	0	0	0	0	0	0	0	0	0	6	0	109	0	143	0	0	0	1574	0	0	0	0	0	0	0	0	0	151	28296	10	0	0	0	0	26	0	1101	0	0	0	0	3	0	0	0	0	0	5	0	16	0	15	0	0	0	0	0	0	0	0	0	0	0	0	0	0	0	0	0	0	0	0	0	0	0	0	0	651	0	0	0	0	0	66	0	0	77	4919	256	0	122	411	0	0	0	0	0	0	0	0	0	9	0	0	0	13068	0	0	219	0	0	601	0	0	350	0	0	0	0	0	0	643	102	0	0	0	7	0	0	0	0	0	0	0	0	0	45	15	0	0	0	0	51	0	0	0	0	0	431	0	5	0	4	0	23	3	0	0	0	0	0	3	0	0	0	0	0	0	0	0	2	0	0	0	0	0	0	0	0	0	0	0	0	0	280	0	0	0	0	0	0	0	0	0	0	0	0	0	0	0	0	0	0	0	0	0	0	0	0	0	0	165	0	0	0	20	0	0	0	0	12	0	0	0	0	0	0	0	0	0	0	0	4	0	0	0	0	0	0	0	0	0	0	0	83	0	0	0	0	0	0	0	0	0	0	0	0	0	0	0	0	0	0	0	0	0	0	0	0	0	0	0	1006	0	0	0	0	0	0	0	0	0	0	2	0	0	0	0	0	0	0	0	0	0	0	0	0	0	0	0	0	0	0	0	0	0	0	0	0	0	0	0	0	0	0	0	0	0	0	0	0	0	0	0	0	0	0	0	0	0	0	0	0	0	0	0	400	0	0	0	0	0	0	0	0
f410	0	20	0	40	105	0	8	0	0	467	0	33	0	472	0	0	4615	0	485	0	0	7143	0	19	0	29	0	0	0	0	0	10	0	0	0	2	0	63	0	104	0	0	0	976	0	0	0	0	0	0	0	0	0	268	31809	0	0	0	0	0	25	0	949	0	0	0	0	0	0	0	0	0	0	0	0	12	0	11	0	0	0	0	0	0	0	0	0	0	0	0	0	0	0	0	0	0	0	0	0	0	0	15	0	410	0	0	0	0	0	71	0	0	55	3688	229	0	90	283	0	0	0	0	0	9	0	0	0	9	0	0	0	7879	0	0	208	0	0	709	0	0	173	0	0	0	0	0	0	395	67	0	0	0	0	0	0	0	0	0	0	0	0	0	57	12	0	0	0	0	17	0	0	0	0	0	315	0	0	0	6	0	0	22	0	0	0	0	0	6	0	0	0	18	0	0	0	0	0	0	0	0	0	0	0	0	0	0	0	0	0	0	277	0	0	0	0	0	0	0	0	0	0	0	0	0	0	0	0	0	0	0	0	0	0	0	0	0	0	101	0	0	0	9	0	0	0	0	17	0	0	0	0	0	0	0	0	0	0	0	0	0	0	0	5	0	0	0	0	0	3	0	34	0	0	0	0	0	0	0	0	0	0	0	0	0	0	0	0	0	0	0	0	0	0	0	0	0	0	0	1194	0	0	0	0	0	0	0	0	0	0	0	0	0	0	0	0	0	0	0	0	0	0	0	0	0	0	0	0	0	0	0	0	0	0	0	0	0	0	0	0	0	0	0	0	0	0	0	0	0	0	0	0	0	0	0	0	0	0	0	0	0	0	0	159	0	0	0	0	0	0	0	0
f436	0	3	0	59	67	0	24	0	54	2301	0	109	0	434	0	0	10222	0	924	0	0	4936	0	2	0	44	0	23	0	0	8	0	0	0	9	9	0	46	0	268	0	0	0	2680	0	0	6	0	0	0	127	7	7	751	5457	0	0	0	0	0	179	0	1265	0	9	0	9	3	0	0	0	47	0	0	0	61	0	15	0	0	0	0	0	0	0	0	0	0	0	0	2	0	0	0	0	0	0	0	0	0	0	10	0	60	0	0	0	0	0	17	0	0	225	3342	104	0	184	1131	7	0	0	0	0	6	0	0	0	0	66	0	0	16715	0	0	163	0	1009	376	0	0	726	0	0	0	0	3	0	221	185	0	5	0	16	0	0	0	0	0	0	0	0	70	79	0	0	0	9	0	57	0	0	0	0	0	552	0	59	0	38	0	140	699	7	0	0	0	0	56	0	0	0	97	0	0	0	0	0	66	0	0	0	0	0	3	0	0	0	0	0	0	1055	0	0	0	0	0	20	0	0	0	0	0	0	0	0	0	0	0	0	0	0	12	0	0	0	0	0	233	0	0	0	98	0	0	0	0	90	0	0	0	0	0	0	0	0	0	11	0	582	0	0	0	30	0	0	0	0	23	0	0	20	0	7	0	0	0	0	0	0	0	0	0	0	0	0	0	0	0	0	0	0	4	0	0	0	0	0	0	1711	0	0	0	0	0	0	0	0	0	0	0	0	0	0	0	0	0	0	0	0	2	0	0	0	0	0	0	0	0	0	0	0	0	0	0	0	0	0	0	0	0	0	0	0	0	17	0	0	0	0	0	0	0	0	0	0	0	0	0	0	0	0	0	175	0	0	0	0	0	0	0	0
f437	0	0	0	0	40	0	0	0	8	693	0	50	0	217	0	0	8618	0	365	0	0	3610	0	0	7	8	0	0	0	0	0	0	0	0	0	9	0	7	0	97	0	0	0	3029	0	0	0	0	0	0	64	0	0	359	18504	0	0	0	0	0	62	0	455	0	0	0	0	6	0	0	0	0	0	0	0	0	0	5	0	0	0	0	0	0	0	0	0	0	0	0	0	0	0	0	0	0	0	0	0	0	0	0	2	0	0	0	0	0	0	10	0	0	60	1262	60	0	64	272	0	0	0	0	0	0	0	0	0	5	0	0	0	18237	0	0	116	0	467	85	0	0	459	0	0	0	8	0	0	419	104	0	0	0	0	0	0	0	0	0	0	0	0	22	14	0	0	7	0	0	39	0	0	0	0	0	270	0	8	0	17	0	29	16	0	0	0	0	0	14	0	0	0	32	0	0	0	0	0	0	0	0	0	0	0	0	0	0	0	0	0	0	400	0	0	0	0	0	0	0	0	0	0	0	0	0	0	0	0	0	0	0	0	0	0	0	0	0	0	84	0	0	0	18	0	0	0	0	31	0	0	0	42	0	0	0	0	0	0	0	219	0	0	0	0	0	0	0	0	0	0	0	0	0	0	0	0	0	0	0	0	0	0	0	0	0	0	0	0	0	0	0	0	0	0	0	0	0	0	0	2327	0	0	0	0	0	0	0	0	0	0	0	2	0	0	0	0	0	0	0	0	0	0	0	0	0	0	0	0	0	0	0	0	0	0	0	0	0	0	0	0	0	0	0	0	0	0	0	0	0	0	0	0	0	0	0	0	0	0	0	0	0	0	0	128	0	0	0	0	0	0	0	0
f438	0	14	0	30	56	0	21	0	19	1867	0	135	0	534	0	0	12797	2	845	0	0	5474	0	2	0	23	0	0	2	0	0	11	0	0	0	17	0	35	0	206	0	0	3	2709	0	5	4	0	0	0	107	0	0	673	10093	0	0	0	0	0	137	0	1179	0	5	0	0	5	0	0	0	39	0	0	0	57	0	29	0	0	0	0	0	0	0	0	0	0	0	0	0	0	0	0	0	0	0	0	0	0	0	10	0	0	0	0	0	0	0	19	0	0	167	2711	171	0	114	817	0	0	0	0	0	0	0	0	0	0	0	0	0	15482	0	0	158	0	907	364	0	0	705	0	0	0	11	0	0	222	187	0	0	0	13	0	0	0	0	0	0	0	0	46	53	0	0	0	0	0	44	0	0	0	0	0	577	0	43	0	22	0	117	291	0	0	0	0	0	41	3	0	0	90	0	0	0	0	4	0	0	0	0	0	0	0	0	0	0	0	0	0	686	0	0	0	0	0	5	0	0	0	0	0	0	0	0	0	0	0	22	0	0	13	0	0	0	0	0	207	0	0	0	57	0	0	3	0	70	0	0	0	71	0	0	0	0	3	0	0	205	0	0	0	13	0	0	0	0	8	6	0	15	0	0	0	0	0	0	0	0	0	0	0	0	0	0	0	0	0	0	4	0	0	0	0	0	0	0	0	2484	0	0	0	0	0	0	0	0	0	0	0	0	0	0	0	0	0	0	0	0	0	0	0	0	0	0	0	0	0	0	0	0	0	0	0	0	0	0	0	0	0	0	0	0	0	0	0	0	0	0	0	0	0	0	0	0	0	0	0	0	0	0	0	179	0	0	0	0	0	0	0	0
f439	0	0	0	8	25	0	0	0	12	656	0	27	0	54	0	0	10531	0	224	0	0	3199	0	0	12	5	0	0	0	0	0	0	0	0	0	0	0	4	0	93	0	0	0	1347	0	17	0	0	0	0	10	0	9	206	28493	0	0	0	0	0	59	0	205	0	0	0	0	0	0	0	0	5	0	0	0	0	0	4	0	0	0	0	0	0	0	0	0	0	5	0	0	0	0	0	0	0	0	0	0	0	0	0	0	0	0	0	0	0	0	0	0	0	108	808	32	0	0	139	0	0	0	0	0	0	0	0	0	0	0	0	0	12575	2	0	73	0	125	154	0	0	2903	0	0	0	0	0	0	575	41	0	0	0	8	0	0	0	0	0	0	0	0	22	58	0	0	0	0	0	35	0	0	0	0	0	157	9	17	0	0	0	0	9	0	0	0	0	0	0	0	0	0	17	0	0	0	0	4	0	0	0	0	0	0	0	0	0	0	0	0	0	189	0	0	0	0	0	7	0	0	0	0	0	0	0	0	0	0	0	0	0	0	6	0	0	0	0	0	29	0	0	0	44	0	0	0	0	37	0	0	0	0	0	0	0	0	0	0	0	64	0	0	0	5	0	0	0	0	8	0	0	0	0	0	0	0	0	0	0	0	0	0	0	0	0	0	0	0	0	0	0	0	0	0	0	0	0	0	0	1259	0	0	0	0	0	0	0	0	0	0	0	0	0	0	0	0	0	0	0	0	0	0	0	0	0	0	0	0	0	0	0	0	0	0	0	0	0	0	0	0	0	0	0	0	0	0	0	0	0	0	0	0	0	0	0	0	0	0	0	0	0	0	0	49	0	0	0	0	0	0	0	0
f440	0	0	0	28	56	0	0	0	10	1363	0	95	0	342	0	0	13520	0	614	0	0	3879	0	0	10	15	0	0	0	0	0	2	0	0	0	0	0	9	0	155	0	0	0	2440	9	0	0	0	0	0	54	0	0	432	10169	0	0	0	0	0	147	4	692	0	4	0	3	8	0	0	0	21	0	0	0	39	0	20	0	0	0	0	0	0	0	0	0	0	0	0	0	0	0	0	0	0	0	0	0	0	0	0	0	0	0	0	0	0	0	19	0	0	158	3643	120	0	107	503	0	0	0	0	0	8	0	0	0	0	0	0	0	19771	0	0	166	0	1217	81	0	0	501	0	0	0	5	0	0	125	159	0	0	0	14	0	0	0	0	0	0	0	0	48	11	0	0	0	0	0	111	0	0	0	0	0	356	0	64	0	27	0	96	284	4	0	0	0	0	0	0	0	0	0	0	0	0	0	0	0	0	0	0	0	0	0	0	0	0	0	0	0	951	0	0	0	0	0	12	0	0	0	0	0	0	0	0	0	0	0	0	0	0	8	0	0	0	0	0	28	0	0	0	50	0	0	14	0	151	0	3	0	15	0	0	0	0	0	0	0	363	0	0	0	17	0	0	0	0	24	0	0	0	0	0	0	0	0	0	0	0	0	0	0	0	0	0	0	0	0	0	0	0	0	0	0	0	0	0	0	2125	0	0	0	0	0	0	0	0	0	0	0	0	0	0	0	0	0	0	0	0	0	0	0	0	0	0	0	0	0	0	0	0	0	0	0	0	0	0	0	0	0	0	0	0	0	0	0	0	0	0	0	0	0	0	0	0	0	0	0	0	0	4	0	246	0	0	0	0	0	0	0	0
f21	4	5	0	259	77	0	0	0	81	438	0	0	9	258	0	0	975	16	70	96	0	875	0	0	0	350	3	4439	0	4	0	791	24	0	39	27	0	163	3	98	30	12	0	382	4	21	0	0	0	0	0	32	0	14	42717	0	4	0	0	138	11	0	648	0	0	0	419	0	0	0	17	113	0	0	0	25	0	46	19	0	37	0	2	0	69	10084	13	0	64	0	12	0	5	4	115	19	0	0	0	3	0	0	0	55	0	55	202	0	0	0	18	0	125	575	8	135	66	355	226	0	13	0	14	0	6	2	0	2	0	0	0	7351	0	0	80	0	16	453	0	37	88	32	0	0	12	7	0	156	28	0	0	23	20	440	0	0	0	2	0	0	13	0	44	0	0	0	80	0	8	0	22	0	0	0	131	0	0	0	34	0	0	7	0	0	0	0	11	33	0	0	0	0	0	0	0	0	2	39	0	0	0	0	0	109	0	0	0	0	0	0	171	10	4	38	0	0	0	0	4	0	180	0	4	0	0	0	0	0	7	0	40	0	3	0	0	0	0	168	0	32	0	0	0	28	0	0	0	8	0	0	0	0	0	0	0	0	16	0	0	12	0	0	8	0	0	0	0	0	0	0	31	0	0	0	0	0	0	0	0	0	0	0	0	0	0	0	0	0	0	0	28	0	0	5	0	0	0	96	143	0	0	0	0	0	0	0	0	0	0	0	0	30	0	0	52	0	0	0	0	0	0	0	0	0	0	0	0	0	0	0	0	862	0	0	0	2	0	0	84	0	49	0	0	0	1167	0	0	0	0	0	0	0	0	0	0	0	37	0	0	0	0	0	129	0	0	0	0	0	0	0	0
f22	0	0	0	0	0	0	0	154	0	41	0	0	0	37	0	0	1467	0	0	0	0	1210	0	0	0	0	0	29	0	0	0	0	0	0	0	0	24	0	0	0	0	73	0	81	0	0	0	0	0	0	0	0	8	0	81812	0	0	0	27	0	0	0	84	0	40	4	0	0	0	0	0	0	0	0	0	0	0	0	0	0	0	0	0	0	0	6	0	16	0	0	0	0	0	0	0	0	0	0	0	0	0	0	0	61	35	17	0	0	0	0	0	0	0	126	0	0	10	0	45	0	0	0	0	0	0	0	0	0	0	0	0	2529	0	0	10	0	8	85	0	0	55	0	0	0	0	0	0	35	8	0	0	0	44	0	0	0	0	0	0	0	0	0	6	0	0	0	0	0	0	0	0	4	0	0	0	0	0	0	0	0	0	17	0	0	0	0	23	0	0	0	0	0	0	0	0	0	0	30	0	0	0	0	0	0	0	0	0	0	0	0	0	0	0	0	0	0	0	0	0	0	0	0	0	0	0	0	0	0	0	0	0	0	0	0	0	0	0	0	0	0	6	0	0	0	0	0	0	0	0	0	0	0	0	0	0	0	6	0	0	0	0	0	0	9	0	0	0	0	0	0	0	0	2	0	0	12	0	0	0	0	0	0	0	22	0	0	0	0	0	0	0	0	0	0	0	0	0	0	160	0	0	0	0	0	0	0	0	0	0	0	0	0	0	0	0	0	0	0	0	0	0	0	0	0	0	0	0	0	0	0	0	25	0	0	0	0	0	26	0	0	0	0	0	0	0	0	0	0	0	0	0	0	0	0	0	0	0	0	0	0	0	0	0	0	0	0	0	0	0	0	0
f23	0	5	0	0	40	0	0	0	0	177	0	5	0	507	0	0	3266	0	38	0	0	1496	0	0	0	0	0	39	0	0	0	0	0	0	0	0	0	0	0	59	0	0	0	151	0	0	0	0	0	0	0	0	0	0	65482	0	0	0	0	0	5	0	248	0	0	0	0	4	0	0	0	0	0	0	0	12	0	0	0	0	0	0	0	0	0	0	0	0	0	0	0	0	0	0	0	0	0	0	0	0	0	0	0	72	0	0	0	0	0	0	3	0	25	349	0	0	19	147	0	0	0	0	0	0	0	0	0	0	0	0	0	19041	3	0	131	0	10	223	0	0	181	0	0	0	12	0	0	169	8	0	0	0	0	0	0	0	0	0	0	0	0	18	25	0	0	0	0	0	0	0	0	0	0	0	68	0	0	0	16	0	0	0	0	0	0	0	4	0	0	0	0	0	0	0	0	0	0	5	0	0	0	0	0	0	0	0	0	0	0	0	58	0	0	0	0	0	0	0	0	0	0	0	0	0	0	0	0	0	3	0	0	0	0	0	0	0	0	21	0	0	0	0	0	0	0	0	0	0	0	0	0	0	0	0	0	0	0	0	0	0	0	0	0	0	0	0	0	0	0	0	0	0	0	0	0	0	0	0	3	0	0	0	0	0	0	0	0	0	0	0	0	0	0	0	0	0	0	0	391	0	0	0	0	0	0	0	0	0	0	0	0	0	0	0	0	0	0	0	0	0	0	0	0	0	0	0	0	0	0	0	0	0	0	0	0	0	0	0	0	0	0	0	0	0	0	0	0	0	0	0	0	0	0	0	0	0	0	0	0	0	0	0	233	0	0	0	0	0	0	0	0
f24	0	83	0	1083	115	0	71	3	369	2484	0	0	7	2167	0	84	328	163	1223	14	0	2616	53	13	0	79	0	432	4	0	51	677	0	0	563	44	0	175	138	797	379	0	0	590	0	72	33	0	0	0	166	291	73	298	2204	23	2	0	0	99	540	0	3254	0	43	0	711	4	0	0	0	0	9	0	0	161	0	641	0	3	303	0	392	6	1009	190	17	15	1393	52	49	0	17	133	275	4	5	855	0	0	0	102	0	115	0	140	1931	0	164	210	21	11	248	2206	559	359	59	776	164	152	28	127	8	0	0	9	74	10	3	0	100	1909	0	0	960	0	3426	501	0	9	25	229	2	0	5	5	0	42	34	0	0	2011	48	854	0	0	3	6	0	5	9	1347	488	39	49	0	415	8	193	0	0	0	0	0	1253	22	128	35	60	8	374	396	21	0	0	0	134	39	28	0	94	0	0	0	29	0	4	4551	0	0	10	0	0	179	0	0	0	0	46	91	2062	0	0	167	78	0	207	0	186	0	15	0	35	3	35	0	83	0	118	0	95	709	0	52	5	0	0	262	4	0	0	39	0	26	449	0	440	11	0	0	1007	0	3	32	0	0	48	0	0	0	0	0	199	0	0	0	0	238	9	0	89	0	73	0	0	0	0	27	0	0	0	0	0	0	4	18	0	0	0	0	13	0	0	57	0	27	0	31	62	0	0	0	0	0	0	2	0	0	17	6	0	17	0	0	112	0	0	8	0	0	0	11	4	0	0	0	6	0	55	7	0	628	0	0	129	0	4	0	10	22	0	0	0	0	943	0	1053	0	0	4	0	0	0	3	0	0	0	0	4	0	0	0	588	0	31	13	7	0	4	0	9
f25	0	0	0	0	0	0	0	43	0	7	0	0	0	0	0	0	43	0	0	0	0	0	0	0	0	0	0	229	0	0	0	15	0	0	0	1420	0	0	0	0	0	0	0	289	0	0	0	0	0	0	0	0	164	0	384	0	0	0	0	0	0	0	0	0	112	0	0	0	0	0	0	0	0	0	0	0	0	0	20	0	0	0	0	0	0	0	0	0	0	0	0	0	0	0	0	0	0	0	0	0	0	0	0	0	186	87	0	0	0	0	0	0	0	240	0	56	0	0	0	0	0	0	0	3	0	0	0	0	0	0	0	223	0	0	0	0	0	0	0	0	0	0	0	0	0	0	0	20	0	0	0	0	0	0	0	0	0	0	0	0	0	0	1477	0	0	0	0	0	0	0	0	0	0	134	0	0	0	0	0	0	0	0	0	0	0	0	396	38	209	0	0	0	7	0	0	0	0	309	0	0	0	0	0	0	0	0	0	0	0	0	0	0	79	0	0	0	0	0	0	0	0	0	0	0	0	0	0	0	533	0	31	0	0	0	0	0	0	0	0	0	0	0	0	0	0	0	0	0	0	0	0	17	0	0	0	0	0	0	0	0	0	0	28	0	0	0	0	0	0	0	0	0	0	0	0	0	0	0	0	0	0	0	0	0	0	0	0	0	0	0	3318	0	0	0	0	0	0	0	13	0	0	0	93	0	0	0	0	0	0	0	0	0	0	0	0	0	0	0	0	0	0	0	0	0	17	0	0	0	0	0	0	0	0	0	0	0	0	0	0	0	688	0	111	0	0	0	0	0	0	0	0	0	0	0	0	0	0	243	0	26	0	0	0	0	0	0	0	0	0	0	0
f26	13	14	0	516	81	0	0	0	214	908	0	0	19	872	0	3	178	200	208	170	0	777	0	0	0	652	0	9909	4	4	11	1883	122	0	84	45	0	318	5	190	152	0	0	572	0	67	3	0	0	5	0	1131	104	102	1583	0	0	0	0	157	21	0	1392	0	17	0	841	11	0	0	18	342	0	0	0	59	0	124	0	0	115	0	21	0	1339	14875	29	0	125	143	8	0	26	22	137	91	0	35	0	2	15	365	0	539	0	87	657	0	11	12	70	25	249	2267	0	212	232	1226	670	38	0	0	54	0	0	8	0	0	0	0	10	493	3	20	262	0	39	322	0	30	71	114	0	0	12	24	0	0	40	0	0	99	20	1042	0	0	0	10	0	0	32	73	187	17	0	0	312	0	0	0	36	3	0	0	225	9	10	98	73	0	75	74	0	0	0	4	28	32	0	0	14	0	0	0	0	2	9	280	0	0	5	5	0	382	0	0	0	0	0	0	451	9	25	114	4	0	0	0	15	8	164	0	15	0	6	0	0	0	159	0	83	0	0	0	0	5	0	213	0	50	0	267	0	65	0	0	8	11	0	0	27	0	0	0	0	0	185	0	0	14	0	0	24	0	0	0	9	0	0	0	80	0	100	21	0	0	0	0	0	0	0	0	0	0	0	0	0	0	2	0	19	0	0	50	0	22	0	191	21	0	0	0	0	0	48	0	0	0	0	8	0	103	0	0	194	0	0	6	0	0	0	0	0	0	0	0	0	0	41	0	0	2450	0	0	28	0	0	0	189	16	29	10	0	0	2480	0	24	0	0	0	0	0	0	0	0	0	7	0	0	14	0	0	404	0	0	0	0	0	3	0	0
f27	0	165	0	201	302	0	0	19	180	8315	0	0	0	1407	0	0	298	15	81	58	8	3529	0	0	0	91	0	2018	5	0	0	1980	127	0	0	0	29	160	132	1024	3734	475	0	84	0	84	0	0	0	0	0	26	47	0	596	33	0	0	0	53	0	0	2730	0	109	0	117	0	114	0	0	0	0	0	0	284	0	0	8	0	0	0	107	0	286	1293	0	0	0	71	0	0	0	0	282	0	0	0	0	0	30	0	0	385	0	0	118	0	17	27	49	0	39	871	0	226	76	3109	94	0	0	0	30	0	0	0	0	0	0	3	0	860	0	0	225	0	0	1644	0	0	0	0	0	0	0	24	0	0	180	0	0	0	13	539	0	14	0	7	0	3	0	100	27	0	0	0	1242	0	0	0	28	0	0	0	199	0	86	167	167	0	104	3	0	0	0	0	0	34	0	0	0	49	0	0	0	0	0	0	0	0	0	0	0	566	0	0	20	0	0	0	1151	0	0	44	112	0	0	0	0	0	0	0	387	0	0	0	0	0	18	75	306	0	0	46	0	0	0	699	0	0	0	133	0	0	0	0	19	31	0	0	0	0	0	0	0	0	0	0	6	0	0	19	0	0	0	0	8	0	0	0	0	0	12	0	0	0	0	0	0	0	124	0	0	0	0	0	0	0	0	0	0	0	0	0	0	0	0	0	25	0	0	0	0	0	0	0	0	0	0	0	0	0	0	0	0	0	0	0	0	0	65	0	0	0	0	0	0	0	79	0	0	659	0	0	0	0	0	0	64	0	0	0	0	0	1206	0	0	0	0	0	21	0	0	0	0	0	0	0	0	0	0	0	1431	0	0	0	0	0	0	0	0
f28	0	0	0	31	44	0	0	0	50	552	0	0	5	1522	0	0	3738	48	117	0	0	1378	0	0	0	22	0	220	0	0	0	109	15	0	0	14	0	13	30	147	224	0	0	934	0	5	0	3	0	0	0	15	11	0	56875	0	0	0	0	0	7	4	1247	0	4	0	34	5	0	0	0	0	0	0	0	95	0	10	0	0	20	0	11	0	228	788	2	0	41	48	0	0	15	0	34	0	0	0	0	0	0	0	0	484	0	0	128	0	0	0	19	0	61	2934	21	0	12	533	18	0	0	0	0	0	0	3	0	8	0	0	0	12637	0	0	422	0	19	270	0	0	135	0	0	0	30	0	0	1087	27	0	0	0	0	196	0	0	0	0	0	0	0	45	23	5	0	0	39	0	19	0	0	3	0	0	236	0	0	0	21	0	0	66	0	0	0	0	0	11	0	0	0	4	0	0	0	0	0	41	0	0	0	0	0	19	0	0	0	0	0	0	268	0	0	63	0	0	0	0	0	0	0	0	13	0	0	0	0	0	0	0	165	0	0	0	0	0	0	99	0	0	0	17	0	3	0	0	18	0	0	3	12	0	0	0	0	0	0	8	0	0	0	0	0	0	0	0	0	0	0	0	0	0	8	0	0	0	0	0	0	0	0	0	0	0	0	0	0	0	0	0	0	0	0	0	0	0	0	0	268	0	0	0	0	0	0	0	0	0	0	0	0	0	0	0	0	0	0	0	0	0	0	3	0	0	0	0	0	0	0	0	0	117	0	0	0	0	0	0	0	0	0	0	0	0	568	0	0	0	0	0	0	0	0	0	0	0	0	0	0	0	0	0	576	0	0	0	0	0	0	0	0
f29	0	0	0	0	0	0	0	0	0	34	0	0	0	150	0	0	374	0	0	0	0	1855	0	0	5	0	0	33	0	0	0	0	0	0	0	0	0	0	0	9	0	0	0	467	0	0	0	0	0	0	0	0	4	0	81307	0	0	3	0	0	7	0	91	0	0	0	0	0	0	0	0	0	0	0	0	0	0	0	0	0	0	0	0	0	22	0	0	0	0	0	0	0	0	0	0	0	0	0	0	0	0	0	0	135	0	0	0	0	0	0	0	0	0	331	24	0	0	0	0	0	0	0	0	0	0	0	0	0	0	0	0	1542	0	0	111	0	3	63	0	0	116	0	0	0	8	0	0	56	0	0	0	0	0	0	0	0	0	0	0	0	0	0	4	0	0	0	0	0	0	0	0	0	0	0	0	0	0	0	3	0	0	0	0	0	0	0	0	0	0	0	0	0	0	0	0	0	0	7	0	0	0	0	0	0	0	0	0	0	0	0	32	0	0	0	0	0	0	0	0	0	0	0	0	0	0	0	0	0	0	0	0	0	0	0	0	0	0	3	0	0	0	0	0	0	0	0	0	0	0	0	0	0	0	0	0	0	0	0	0	0	0	0	0	0	0	0	0	0	0	0	0	0	0	0	0	0	2	0	0	0	0	0	0	0	0	0	0	0	0	0	0	0	0	0	0	0	0	0	803	0	0	0	0	0	0	0	0	0	0	0	0	0	0	0	0	0	0	0	0	0	0	0	0	0	0	0	0	0	0	0	0	0	0	0	0	0	0	0	0	0	0	0	0	0	3	0	0	0	0	0	0	0	0	0	0	0	0	0	0	0	0	0	72	0	0	0	0	0	0	0	0
f30	0	0	0	10	9	0	0	0	4	171	0	0	0	257	0	0	14344	8	5	0	0	350	0	0	19	0	0	42	0	0	0	0	0	0	0	0	0	0	0	65	0	0	0	54	8	0	0	0	0	0	0	16	0	0	45821	0	0	0	0	0	5	0	176	0	2	0	0	0	0	0	0	0	0	0	0	20	0	5	0	0	0	0	0	0	21	19	0	0	0	0	0	0	0	0	0	0	0	0	0	0	0	0	0	18	0	0	0	0	0	0	6	0	0	101	0	0	0	140	0	0	0	0	0	0	0	0	0	0	0	0	0	18970	0	0	147	0	0	17	0	3	56	0	0	0	0	0	0	450	15	0	0	0	0	0	0	0	0	0	0	0	0	0	0	0	0	0	0	0	0	0	0	0	0	0	69	0	0	7	14	0	0	0	0	0	0	0	0	0	0	0	0	0	0	0	0	0	0	15	0	0	0	0	0	0	0	0	0	0	0	0	62	0	0	0	0	0	0	0	0	0	0	0	0	0	0	0	0	0	0	0	0	0	0	0	0	0	0	4	0	0	0	0	0	0	0	0	0	0	0	0	0	0	0	0	3	0	0	0	0	0	0	0	0	0	0	0	0	0	0	0	0	0	0	0	0	0	0	0	0	0	0	0	0	0	0	0	0	0	0	0	0	0	0	0	0	0	0	0	695	0	0	0	0	0	0	0	0	0	0	0	0	0	0	0	0	0	0	0	0	0	0	0	0	0	0	0	0	0	0	0	0	0	0	0	0	0	0	0	0	0	0	0	0	0	6	0	0	0	0	0	0	0	0	0	0	0	0	0	0	0	0	0	178	0	0	0	0	0	0	0	0
f51	0	0	0	0	96	0	0	14	0	782	0	0	0	650	0	0	238	256	159	4	0	807	0	0	0	0	0	179	0	0	0	0	0	0	0	0	0	81	0	64	0	17	0	1217	0	9	0	0	0	0	0	190	72	0	62300	0	0	11	0	0	9	0	1767	0	64	0	0	0	0	0	0	0	0	0	0	147	0	0	0	0	0	0	0	0	351	0	0	0	0	0	0	0	0	13	0	0	0	0	0	0	0	0	0	320	16	0	0	0	21	0	5	0	164	1183	119	0	264	643	0	0	0	0	0	0	0	0	0	0	0	0	0	5860	0	0	50	0	0	103	0	0	44	0	0	0	0	0	0	106	30	0	0	0	0	0	0	0	0	0	0	0	0	0	200	0	0	0	3	0	0	0	0	0	0	0	910	0	57	383	0	0	54	1228	0	0	0	0	0	19	0	0	0	31	0	0	0	0	37	93	0	0	0	0	3	0	0	0	0	0	0	0	194	0	0	0	0	0	17	0	0	0	0	0	0	0	0	0	0	0	0	0	55	0	0	0	0	0	0	130	0	0	0	188	0	0	0	0	169	0	0	0	5	0	0	0	113	0	0	0	0	0	0	0	0	0	0	0	0	0	0	0	0	0	50	0	0	0	0	0	0	0	0	0	0	6	0	0	0	0	0	0	0	0	0	0	0	0	0	0	23	0	0	0	0	0	82	0	0	0	0	0	0	0	0	0	0	0	0	0	0	0	0	0	0	0	0	0	0	0	0	0	0	0	10	0	0	0	0	0	0	0	0	0	0	0	0	0	0	0	0	0	0	0	0	0	0	0	0	0	0	0	0	0	615	0	0	0	0	0	0	0	0
f81	4	8	0	173	54	0	0	0	146	731	12	19	12	1056	0	0	151	54	186	13	0	376	0	0	0	257	2	4370	0	0	0	459	26	0	55	30	0	78	4	127	97	10	0	237	0	44	3	0	0	0	2	394	39	99	832	0	0	0	0	63	19	0	961	0	0	4	497	8	0	0	10	126	0	0	0	35	0	24	0	0	41	0	23	0	613	3131	6	9	110	0	0	0	0	62	36	35	0	65	0	0	0	8	0	333	0	116	184	0	75	0	0	0	464	6034	22	46	118	563	154	41	4	0	24	0	0	5	0	3	155	0	12	338	0	0	71	0	0	92	0	8	19	47	0	0	141	60	0	24	72	6	0	34	58	701	0	0	0	2	0	16	0	37	167	0	0	0	78	0	0	0	3	0	0	0	224	10	15	13	38	11	112	226	3	0	0	0	419	22	0	0	9	9	3	0	4	0	0	25187	0	0	0	0	0	213	0	0	0	0	0	15	205	0	0	54	2	0	0	0	0	0	56	0	16	0	0	0	0	0	48	0	83	9	0	0	0	0	0	87	0	14	0	137	0	17	0	0	10	11	0	0	10	0	0	0	0	0	113	0	5	0	0	0	14	0	0	0	0	17	0	0	19	0	146	0	0	0	0	0	0	0	0	0	0	0	0	0	0	0	0	0	0	0	0	80	0	0	0	52	24	0	0	0	0	0	2	0	0	0	0	0	0	45	0	0	130	0	4	0	0	7	0	0	0	0	0	0	0	0	22	6	0	787	0	0	11	0	0	0	50	21	0	0	0	0	1186	0	18	0	0	0	0	0	0	0	0	0	0	0	0	0	0	0	318	0	0	0	0	0	0	0	0
f82	0	21	0	216	101	0	0	0	54	896	0	0	18	1268	0	0	1313	286	306	6	0	1519	0	0	0	186	2	4431	0	0	28	435	17	0	19	67	0	133	0	252	104	0	0	783	0	22	6	0	22	0	3	3549	24	34	20826	0	2	0	0	45	25	0	1435	0	3	0	463	5	0	0	0	90	0	0	0	114	0	64	0	0	12	0	33	0	1560	2006	8	0	129	19	5	0	6	12	85	0	0	0	0	0	0	32	0	352	0	40	384	0	0	18	26	0	107	2634	0	77	74	748	106	33	7	0	20	6	0	32	0	8	0	0	15	3135	0	0	192	0	18	177	0	0	1129	55	0	0	21	11	0	54	42	0	0	326	15	762	0	0	0	0	0	0	0	87	202	9	0	0	57	0	43	0	0	0	0	0	612	0	23	44	49	0	68	84	0	0	0	5	9	26	237	0	2	13	0	0	0	0	0	97	0	0	0	0	0	174	0	0	0	0	0	37	387	0	0	16	0	0	21	0	8	0	80	0	9	0	0	0	0	0	14	0	59	20	0	0	0	0	0	204	2	0	0	74	0	18	0	0	41	8	0	0	33	0	0	0	14	0	92	0	0	0	0	0	0	0	0	0	0	4	0	0	65	0	246	0	0	0	0	0	0	0	0	0	0	0	0	0	0	0	0	0	4	0	0	3	0	0	0	23	82	0	0	0	0	0	53	0	0	0	0	4	0	38	0	0	94	0	0	0	0	0	0	0	0	0	0	0	0	2	0	0	0	541	0	0	0	0	0	0	30	0	0	0	0	0	1542	0	0	0	0	0	0	0	0	0	0	0	0	0	0	0	0	0	484	0	0	0	0	0	0	0	0
f83	22	23	0	222	185	0	0	0	744	2432	0	0	28	1018	0	0	934	75	314	101	0	919	0	0	0	946	0	7723	0	0	5	457	111	0	128	22	0	202	0	65	85	0	3	934	18	105	5	0	0	0	0	2062	168	500	10927	0	0	0	0	397	38	0	1848	0	3	58	891	20	0	3	12	1012	0	0	0	38	0	177	0	0	59	0	61	0	1218	8537	113	0	104	28	89	0	34	0	29	23	0	17	0	0	0	170	0	326	0	16	1313	0	0	0	19	0	321	2653	0	657	1599	510	708	167	0	0	24	0	0	110	7	15	0	0	52	1632	0	0	41	0	37	69	0	0	163	47	14	0	0	117	0	85	60	0	0	62	22	548	0	0	0	15	0	0	0	0	835	0	0	0	340	6	11	0	3	0	0	0	584	46	6	31	6	0	132	28	16	0	0	3	0	0	301	3	0	0	0	0	0	0	10	68	0	0	0	5	0	844	0	0	0	0	0	127	189	0	0	596	4	0	0	0	0	0	238	0	94	0	0	0	0	0	27	0	0	0	0	0	0	0	0	376	0	140	0	605	5	33	0	0	7	11	14	0	0	0	0	0	0	0	51	0	0	173	0	0	310	0	0	0	9	0	0	0	107	0	1530	16	0	0	0	0	0	0	0	8	0	0	0	0	0	0	0	0	0	0	0	0	0	0	0	49	95	0	0	0	0	0	30	0	0	0	0	20	0	185	0	9	164	0	0	6	0	0	0	0	0	0	0	0	0	0	23	9	0	505	0	0	10	0	0	0	74	56	0	0	0	0	4092	0	0	0	0	0	0	7	0	0	0	0	0	0	0	0	0	0	119	0	0	0	0	0	0	0	0
f84	0	0	0	0	5	0	0	3	0	43	0	0	0	0	0	0	1812	0	47	0	0	1444	0	0	0	0	0	0	0	0	0	0	0	0	0	0	0	2	0	0	0	0	0	462	0	0	0	0	0	0	0	0	6	3	57750	0	0	0	0	0	0	0	211	0	0	0	0	0	0	0	0	0	0	0	0	0	0	7	0	0	0	0	0	0	12	0	0	0	0	0	3	0	0	0	0	0	0	0	0	0	0	0	0	188	0	0	0	0	0	0	0	0	12	1449	0	0	0	95	0	0	0	0	0	0	0	0	0	4	0	0	0	3785	0	0	0	0	19	0	0	0	5412	0	0	0	0	0	0	207	24	0	0	0	0	0	0	0	0	0	0	0	0	0	38	0	0	0	0	0	5	0	0	0	0	0	102	0	0	0	0	0	0	3	0	0	0	0	0	0	161	0	0	0	0	0	0	0	0	7	0	0	0	6	0	0	0	0	0	0	0	0	0	0	0	0	0	0	0	0	0	0	0	0	0	0	0	0	0	0	0	0	0	0	0	0	0	0	0	53	0	0	0	0	0	0	0	0	0	0	0	0	0	0	0	0	0	0	0	0	0	0	0	0	0	0	0	0	0	0	0	0	0	0	0	0	0	0	0	0	0	0	0	0	0	0	0	0	0	0	0	0	0	0	0	0	0	0	0	0	263	0	0	0	0	0	0	0	0	0	0	0	0	0	0	0	0	0	0	0	0	0	0	0	0	0	0	0	0	0	0	0	0	0	0	0	0	0	0	0	0	0	0	0	0	0	0	0	0	0	0	0	0	0	0	0	0	0	0	0	0	0	0	0	4	0	0	0	0	0	0	0	0
f85	0	0	0	0	14	0	0	0	0	104	0	0	3	89	0	0	1604	0	99	0	0	2787	0	0	0	0	0	9	0	0	0	0	0	0	0	0	0	0	0	44	0	0	0	4044	0	5	0	0	0	0	0	0	4	0	72187	0	0	0	0	0	0	0	849	0	0	0	0	0	0	0	0	9	0	0	0	23	0	11	0	0	0	0	0	0	6	0	0	0	0	0	0	0	0	0	0	0	0	0	0	0	0	0	0	275	0	0	0	0	0	0	0	0	25	922	0	0	0	146	0	0	0	0	0	9	0	0	0	0	0	0	0	4789	0	0	0	0	23	14	0	0	207	0	0	0	4	0	0	221	124	0	0	0	0	0	0	0	0	0	0	0	0	0	93	3	0	0	2	0	6	0	0	0	0	0	364	0	0	0	0	0	0	0	0	0	0	2	0	0	338	0	0	0	0	0	0	0	0	0	0	0	0	0	0	0	0	0	0	0	0	0	0	0	0	0	0	0	0	0	0	0	0	0	0	0	0	0	0	0	6	0	0	0	0	0	0	0	0	85	0	0	0	0	0	0	0	0	0	0	3	0	0	0	0	0	0	0	0	0	0	0	0	0	0	0	0	0	0	0	0	0	0	0	0	0	0	0	0	0	0	0	0	0	0	0	0	0	0	2	0	0	0	0	0	0	2	0	0	0	96	0	0	0	0	0	0	0	0	0	0	0	0	0	0	0	0	0	0	0	0	0	0	0	0	0	0	0	0	0	0	0	0	0	0	0	0	0	0	0	0	0	0	0	0	0	0	0	0	0	0	0	0	0	0	0	0	0	0	0	0	0	0	0	88	0	0	0	0	0	0	4	0
f86	0	0	0	0	89	0	0	0	0	415	0	0	0	30	0	0	4423	0	320	0	0	2659	0	0	0	5	0	53	0	0	7	11	0	0	0	28	0	4	0	121	0	0	0	2653	2	0	4	0	0	0	0	0	81	34	49396	0	6	0	0	0	18	0	2050	0	0	0	0	0	0	0	0	0	0	0	0	26	0	33	0	0	0	0	0	0	0	0	0	3	2	0	0	0	0	0	0	0	0	0	0	0	0	6	0	281	0	0	0	0	0	0	0	0	101	16793	0	0	34	508	0	0	0	0	0	7	0	0	0	15	0	0	0	3926	0	0	0	0	62	0	0	0	1483	0	0	0	0	0	0	155	195	0	0	0	20	0	0	0	0	0	0	0	0	0	392	11	0	0	0	0	20	0	0	0	0	0	670	0	22	0	0	0	0	4	0	0	0	0	5	6	1226	0	0	0	0	0	0	0	6	0	0	0	0	0	0	0	0	0	0	0	0	0	25	0	12	0	0	0	0	0	0	0	0	0	0	0	0	0	0	0	33	0	0	19	0	0	0	0	0	344	0	0	0	23	0	0	0	0	0	0	8	0	6	0	0	0	0	0	0	0	4	0	0	0	0	0	0	0	0	0	0	0	0	0	0	6	0	0	0	0	0	0	0	0	0	0	0	0	0	0	0	0	0	0	0	0	4	0	0	0	192	0	0	0	0	0	0	0	0	0	0	0	0	12	0	0	0	0	0	0	0	0	0	10	0	0	0	0	0	0	0	0	0	0	0	0	0	0	0	0	0	0	0	0	0	0	6	0	0	0	0	0	0	0	0	0	0	0	0	0	0	0	0	0	92	0	0	0	0	0	0	0	0
f87	0	0	0	0	3	0	0	0	0	80	0	0	0	71	0	0	1534	0	51	0	0	1722	0	0	17	0	0	10	0	0	0	6	0	0	0	0	0	0	0	35	0	0	0	1813	0	0	0	0	0	0	0	0	7	4	81360	0	0	0	0	0	0	0	308	0	0	0	0	17	0	0	0	3	0	0	0	0	0	0	0	0	0	0	0	0	0	0	0	0	0	0	0	0	0	0	0	0	0	0	0	0	0	0	0	143	0	0	0	0	0	0	0	0	23	1861	0	0	0	80	0	0	0	0	0	8	0	0	0	3	0	0	0	2823	0	0	0	0	38	4	3	0	160	0	0	0	0	0	0	178	50	0	0	0	0	0	0	0	0	0	0	0	0	0	51	0	0	0	0	0	14	0	0	5	2	0	148	0	0	0	0	0	0	0	0	0	0	0	0	3	184	0	0	0	0	0	0	0	0	0	0	0	0	0	0	0	0	0	0	0	0	0	0	0	0	0	0	0	0	0	0	0	0	0	0	0	0	0	0	0	0	0	0	0	0	0	0	0	0	0	0	0	0	0	0	0	0	0	0	0	0	0	0	0	0	0	0	0	0	0	0	0	0	0	0	0	0	0	0	0	0	0	0	0	0	0	0	0	0	0	0	0	0	0	0	0	0	0	0	0	0	0	0	0	0	0	0	0	0	0	80	0	0	0	0	0	0	0	0	0	0	0	0	0	0	0	0	0	0	0	0	0	0	0	0	0	0	0	0	0	0	0	0	0	0	0	0	0	0	0	0	0	0	0	0	0	0	0	0	0	0	0	0	0	0	0	0	0	0	0	0	0	0	0	0	0	0	0	0	0	0	0	0
f88	0	28	0	239	97	0	3	0	133	1100	0	0	6	782	5	4	1142	1227	392	91	0	1794	30	0	0	316	0	3043	3	9	19	624	27	0	164	26	0	51	4	228	153	0	0	1583	17	74	15	0	0	0	0	1526	654	202	24062	11	0	0	0	117	32	0	2180	0	8	4	558	19	0	0	81	260	0	0	0	40	0	83	0	0	45	5	54	0	2411	2841	21	0	139	0	41	0	12	5	66	21	12	10	0	0	0	75	0	426	0	48	680	0	8	14	27	0	198	5534	0	255	162	946	178	31	21	0	10	5	0	7	8	0	0	0	17	1816	0	0	100	0	162	167	0	4	375	54	5	0	33	71	2	63	90	0	0	329	22	948	0	0	0	0	0	0	8	50	954	19	0	0	145	3	45	0	2	0	0	0	700	0	13	97	44	0	102	146	7	5	0	5	0	15	551	0	11	7	0	0	0	0	11	154	0	0	7	0	0	142	7	0	0	0	0	35	181	7	12	84	14	0	19	0	0	0	62	0	12	0	10	0	24	0	64	0	89	15	0	10	0	0	0	575	0	59	0	119	0	27	0	0	19	0	0	0	17	0	4	0	0	0	95	0	0	0	0	0	34	0	6	0	0	6	0	0	60	0	195	0	0	0	0	5	0	0	0	27	0	0	23	0	9	0	0	0	0	0	0	0	3	0	0	63	79	0	0	0	0	0	146	0	0	0	0	0	0	81	0	0	228	0	0	0	0	0	0	25	0	0	0	0	0	0	35	0	0	451	0	0	0	0	0	0	21	16	0	0	0	0	1882	0	28	0	15	0	0	0	0	2	0	0	0	0	0	6	0	0	185	0	0	0	0	0	0	0	0
f89	0	0	0	0	7	0	0	0	0	19	0	0	0	8	0	0	10788	0	0	0	0	320	0	0	0	0	0	10	0	0	0	0	0	0	0	0	0	0	0	5	0	0	0	121	0	0	0	0	0	0	0	0	0	0	66125	0	0	0	0	0	0	0	87	0	0	0	0	0	0	0	0	0	0	0	6	0	0	0	0	0	0	0	0	0	0	11	0	0	0	0	0	0	0	0	0	0	0	0	0	0	0	0	0	41	0	0	0	3	0	0	0	0	20	623	0	0	0	0	0	0	0	0	0	0	0	0	0	0	0	0	0	16483	0	0	0	0	0	0	0	0	69	0	0	0	0	0	0	1559	15	0	0	0	0	0	0	0	0	0	0	0	0	0	0	0	0	0	0	0	0	0	0	0	0	0	29	0	0	0	0	0	0	5	0	0	0	0	3	0	56	0	0	0	0	0	0	0	0	47	0	0	0	0	0	0	0	0	0	0	0	0	0	0	0	0	0	0	0	0	0	0	0	0	0	0	0	0	0	0	0	0	0	0	0	0	0	0	0	7	0	0	0	0	0	0	0	0	0	0	0	0	0	0	0	0	0	0	0	0	0	0	0	0	0	0	0	0	0	0	0	0	0	0	0	0	0	4	0	0	0	0	0	0	0	0	0	0	0	0	0	0	0	0	0	0	0	0	0	0	1192	0	8	0	0	0	0	0	0	0	0	0	0	0	0	0	0	0	0	0	0	0	0	0	0	0	0	0	0	0	0	0	0	0	0	0	0	0	0	0	0	0	0	0	0	0	0	0	0	0	0	0	0	0	0	0	0	0	0	0	0	0	0	0	0	0	0	0	0	0	0	0	0
f90	0	4	0	0	60	0	0	0	0	288	0	10	0	218	0	0	1095	20	165	0	0	3947	0	0	45	0	0	0	0	0	0	0	0	0	0	18	0	0	0	88	0	0	0	2847	0	0	0	0	0	0	0	0	0	23	54892	0	0	0	0	0	0	0	1044	0	0	0	0	15	0	0	0	4	0	0	0	19	0	19	0	0	0	0	0	0	0	0	0	0	0	0	0	0	0	0	0	0	0	0	0	0	0	0	0	61	27	2	0	0	0	0	0	0	67	230	22	0	47	198	0	0	0	0	0	0	0	0	0	16	0	0	0	2367	0	0	14	0	0	0	0	0	900	0	0	0	0	0	0	292	88	0	0	0	6	0	0	0	0	0	0	0	0	0	250	0	0	0	0	0	23	0	0	0	0	0	594	0	10	0	0	0	0	0	0	0	0	6	0	2	622	0	0	0	0	0	0	0	6	0	0	0	0	0	0	0	0	0	0	0	0	0	46	0	0	0	0	0	0	0	0	0	0	0	0	0	0	0	0	0	37	0	0	0	0	0	0	0	0	109	0	0	0	24	0	0	0	0	10	0	0	0	0	0	0	0	0	0	0	0	0	0	0	0	0	0	0	0	0	0	0	0	8	0	0	0	0	0	0	0	0	0	0	0	0	0	0	0	0	0	0	0	0	0	0	0	4	0	0	0	211	0	0	0	0	0	0	0	0	0	0	0	0	0	0	0	0	0	0	0	0	0	0	0	0	0	0	2	0	0	0	0	0	0	0	0	0	0	0	0	0	0	0	0	0	0	0	0	0	0	0	0	0	0	0	0	0	0	0	0	0	0	0	0	78	0	0	0	0	0	0	0	0
f381	0	102	0	1778	233	0	175	28	51	989	0	0	0	37	113	0	26	6428	1789	145	0	38	8	0	0	606	0	938	0	183	262	87	0	3	91	80	20	56	0	0	27	0	0	329	5	191	29	0	0	0	0	4	265	3204	701	35	0	0	0	696	399	0	1465	0	2092	0	1610	31	0	0	12	405	0	199	0	111	0	652	0	0	0	0	18	0	0	891	0	0	25	0	1214	0	0	5	42	4	182	18	0	0	6	812	0	44	0	652	67	0	0	171	5	20	137	742	38	380	68	1053	111	38	11	5	0	5	0	0	0	0	0	0	127	174	10	0	0	0	0	18	0	0	20	0	0	0	14	0	6	11	36	18	0	0	107	295	0	0	0	0	0	0	41	0	404	593	0	0	0	0	23	2	0	0	0	34	520	109	86	0	0	82	71	24	0	4	0	15	16	286	647	0	35	159	0	22	0	0	0	2859	0	0	70	0	0	11	0	0	0	0	0	0	979	0	25	3	0	0	250	0	12	0	3	0	0	0	0	0	1633	0	196	0	384	429	0	5	0	0	0	5439	12	0	0	255	0	109	13	63	614	0	42	0	14	0	0	0	20	0	248	0	0	0	0	0	49	0	67	4	0	95	0	0	109	0	0	0	0	0	0	27	0	0	0	0	0	0	117	0	0	0	0	0	0	0	7	0	0	28	0	15	22	0	0	0	0	0	1375	0	12	0	0	7	0	0	0	0	560	0	0	0	0	0	0	59	0	0	0	0	0	0	52	0	0	317	0	6	0	0	0	0	23	92	0	0	0	0	139	0	0	0	93	18	0	274	0	0	0	0	30	0	0	0	0	8	9	0	0	0	0	0	245	0	3
f411	0	0	0	0	8	0	0	0	0	83	0	0	0	19	0	0	3082	0	6	0	0	777	0	0	7	6	0	0	0	0	0	0	0	0	0	0	0	0	4	0	0	0	0	164	0	0	2	0	0	0	0	0	0	0	60606	0	0	0	0	0	3	0	32	0	0	0	236	0	0	15	0	3	0	0	0	0	0	4	0	0	6	0	6	0	0	0	0	0	13	0	0	0	0	0	0	0	0	17	0	0	0	0	0	98	0	0	8	0	0	0	4	0	0	123	48	0	0	10	0	0	0	0	0	0	0	0	0	0	0	0	0	7174	0	0	50	0	0	93	0	7	77	0	0	0	0	0	0	367	0	0	0	7	0	0	0	0	0	0	0	0	0	19	47	0	0	0	0	0	0	0	0	0	0	0	39	0	0	0	0	0	39	2	0	0	0	0	0	0	0	0	0	0	0	0	0	0	0	26	0	0	0	0	0	0	0	0	0	0	0	0	0	0	0	0	5	0	0	0	0	0	0	4	0	0	0	0	0	0	0	0	0	0	0	0	0	0	0	0	0	0	0	0	0	0	12	0	0	0	0	0	0	0	0	0	0	0	0	0	0	0	0	0	0	0	0	0	0	0	3	0	0	0	0	0	0	0	0	0	0	0	0	0	0	0	0	0	0	0	0	0	3	0	0	0	0	0	0	0	495	0	0	0	0	0	2	0	0	0	0	0	0	0	0	0	33	0	0	0	0	0	0	0	0	0	0	0	0	0	0	0	0	0	0	0	0	0	0	0	0	0	0	0	0	0	4	0	17	0	0	0	0	0	0	0	0	0	0	0	0	0	0	0	7	0	0	6	0	0	0	0	0
f412	0	2	0	5	15	0	0	0	0	122	0	8	0	144	0	0	962	0	14	0	0	1903	0	0	8	0	0	0	0	0	0	0	0	0	0	0	0	10	0	25	0	0	0	260	0	0	0	0	0	0	0	0	0	74	78595	0	0	0	0	0	17	0	355	0	0	0	4	0	0	0	0	0	0	0	0	0	0	0	0	0	0	0	0	0	0	0	0	0	0	0	0	0	0	0	0	0	0	0	0	0	0	0	0	99	0	0	0	0	0	8	0	0	0	1130	112	0	35	92	0	0	0	0	0	0	0	0	0	0	0	0	0	2153	0	0	61	0	0	328	0	0	140	0	0	0	0	0	0	110	19	0	0	0	6	0	0	0	0	0	0	0	0	0	25	8	0	0	0	0	0	0	0	0	0	0	243	0	0	0	0	0	0	6	0	0	0	0	0	0	0	0	0	0	0	0	0	0	0	6	0	0	0	0	0	0	0	0	0	0	0	0	81	0	0	0	0	0	0	0	0	0	2	0	0	0	0	0	0	0	0	0	0	0	0	0	0	0	0	0	0	0	0	5	0	0	0	0	0	0	0	0	0	0	0	0	0	0	0	0	0	0	0	0	0	0	0	0	0	0	6	0	0	0	0	0	0	0	0	0	0	0	0	0	0	0	0	0	0	0	0	0	0	0	0	0	0	0	0	0	293	0	0	0	0	8	0	0	0	0	0	0	0	0	0	0	0	0	0	0	0	0	0	0	0	0	0	0	0	0	0	0	0	0	0	0	0	0	0	0	0	0	0	0	0	0	0	0	0	0	0	0	0	0	0	0	0	0	0	0	0	0	0	0	127	0	0	0	0	0	0	0	0
f413	0	0	0	0	53	0	6	0	3	610	0	0	0	141	0	0	2393	21	64	0	0	1142	0	0	0	0	0	0	0	0	0	0	0	0	0	14	0	11	0	33	0	9	0	220	2	2	0	0	0	0	0	0	9	90	51845	8	7	0	0	0	7	0	222	0	2	0	0	0	0	0	0	0	0	0	0	0	0	19	0	0	0	0	0	0	0	0	0	0	0	0	0	0	0	0	0	0	0	0	0	0	0	24	0	103	0	0	0	0	0	0	0	0	132	1800	464	0	18	52	0	0	0	0	0	0	0	0	0	0	0	0	0	5499	0	0	55	0	0	88	0	0	98	0	0	0	0	0	0	386	31	0	0	0	8	0	0	0	0	0	0	0	0	0	50	0	0	0	0	0	0	0	0	0	0	0	127	0	0	0	0	0	16	0	0	0	0	0	0	8	0	0	0	8	0	0	0	0	0	32	0	0	0	0	0	0	0	0	0	0	0	0	121	0	0	0	0	0	0	0	0	0	0	0	0	0	0	0	0	0	106	0	0	0	0	0	0	0	0	20	0	0	0	8	0	0	0	0	23	0	0	0	0	0	0	0	0	0	0	0	0	0	0	0	0	0	0	0	0	0	0	0	0	0	0	0	0	0	0	0	0	0	0	0	0	0	0	0	0	0	0	0	0	0	0	0	0	0	0	0	296	0	0	0	0	0	17	0	0	0	0	0	0	0	0	0	0	0	0	0	0	0	0	0	0	0	0	0	0	0	0	0	0	0	0	0	0	0	0	0	0	4	0	0	0	0	0	0	0	0	0	0	0	0	0	0	0	0	0	0	0	0	0	0	85	0	0	0	0	0	0	0	0
f414	0	17	0	167	122	0	0	0	0	269	0	45	0	110	0	0	4035	620	322	4	0	1445	0	12	0	8	0	48	0	13	22	0	0	0	7	17	0	27	0	109	0	0	0	485	0	41	0	0	0	0	0	0	21	765	29988	0	3	0	0	11	89	0	717	0	31	0	46	0	0	0	0	18	0	0	0	18	0	47	0	0	4	0	6	0	0	109	0	0	0	0	80	0	0	0	0	0	7	0	0	0	0	197	0	266	0	63	0	0	0	20	0	0	50	2407	157	65	85	143	0	0	0	0	0	0	0	0	0	4	0	0	0	6764	0	0	73	0	0	205	0	0	99	0	0	0	0	0	0	228	63	0	0	6	21	26	0	0	0	0	0	0	0	15	72	61	0	0	0	0	13	0	0	2	0	0	248	6	30	0	0	0	0	2	0	0	0	6	0	20	4	0	0	15	0	0	0	0	0	8	0	0	10	0	0	0	0	0	0	0	0	0	252	0	0	0	0	0	38	2	0	0	0	0	0	0	0	0	80	0	17	0	0	26	0	0	0	0	0	430	0	0	0	19	0	0	0	0	35	0	15	0	0	0	0	0	0	0	0	0	0	0	2	0	3	0	0	0	0	9	0	0	0	0	0	0	0	0	0	0	0	0	0	0	5	0	0	0	0	0	0	0	0	0	0	0	0	0	0	0	313	0	0	0	0	0	108	0	0	0	0	0	0	0	0	0	29	0	0	0	0	0	0	0	0	0	0	0	0	0	0	0	0	23	0	0	0	0	0	0	0	0	0	0	0	0	0	0	0	0	0	0	0	36	0	0	0	0	0	0	0	0	0	0	256	0	0	0	0	0	0	0	0
f415	0	0	0	0	65	21	0	6	0	60	0	57	0	36	0	0	2429	0	74	0	0	1887	0	0	0	0	0	0	0	0	0	0	0	0	0	0	0	39	0	101	0	104	0	183	0	0	0	0	0	0	0	0	6	464	43825	0	0	3	0	0	0	0	397	0	123	0	11	0	0	0	0	0	0	0	0	0	0	0	0	0	0	0	0	0	0	0	0	0	0	0	0	0	0	68	0	0	0	0	0	0	0	26	0	66	19	0	0	0	0	0	0	0	0	849	92	0	0	129	0	0	0	0	0	0	0	0	0	0	0	0	0	828	0	0	200	0	0	62	0	0	154	0	0	0	0	0	0	70	4	0	0	0	0	0	56	5	0	0	0	0	0	0	12	0	0	0	0	0	0	0	0	0	0	0	0	0	27	0	0	0	0	0	0	0	0	0	0	0	0	0	0	0	0	0	0	0	0	0	0	0	0	0	0	0	0	0	0	0	0	0	147	0	0	0	0	0	0	0	0	0	0	0	0	0	0	0	0	0	0	0	39	0	0	0	0	0	0	0	0	0	0	0	0	0	0	0	12	0	0	0	0	0	0	0	0	0	0	0	0	0	0	0	0	0	0	0	0	7	0	0	0	0	0	0	0	0	0	0	0	0	0	0	0	0	0	0	0	0	0	0	0	0	0	0	0	0	0	0	367	0	0	0	0	0	0	0	0	0	0	0	33	0	0	0	0	0	0	0	0	0	0	0	0	0	0	0	0	0	0	0	0	0	0	0	0	0	0	0	0	0	0	0	0	0	0	0	0	0	0	0	0	0	0	0	0	0	0	0	0	0	0	0	71	0	0	0	0	0	0	0	0
f416	0	0	0	14	9	0	5	0	0	107	0	0	0	335	0	0	910	15	35	0	0	1211	0	0	5	0	0	0	0	0	0	0	0	0	0	7	0	0	0	30	0	0	0	561	0	0	0	0	0	0	0	0	6	34	58659	4	0	0	0	0	0	0	192	0	0	0	9	0	0	0	0	0	0	0	0	0	0	0	0	0	0	0	0	0	0	0	0	0	0	0	0	0	0	0	0	0	0	0	0	0	0	4	0	77	0	0	0	0	0	0	0	0	15	353	66	0	20	24	0	0	0	0	0	0	0	0	0	0	0	0	0	1995	0	0	23	0	0	885	0	0	52	0	0	0	0	0	0	119	12	0	0	0	0	0	0	0	0	0	0	0	0	0	11	0	0	0	0	0	0	0	0	0	0	0	75	0	0	0	0	0	0	0	0	0	0	0	0	0	0	0	0	0	0	0	0	0	3	0	0	0	0	0	0	0	0	0	0	0	0	0	41	0	0	0	0	0	0	0	0	0	0	0	0	0	0	0	0	0	0	0	0	0	0	0	0	0	0	0	0	0	0	0	0	0	0	0	3	0	0	0	0	0	0	0	0	0	0	0	0	0	0	0	0	0	0	0	0	0	0	0	0	0	0	0	0	0	0	0	0	0	0	0	0	0	0	0	0	0	0	0	0	0	0	0	0	0	0	0	330	0	0	0	0	0	0	0	0	0	0	0	0	0	0	0	0	0	0	0	0	0	0	0	0	0	0	0	0	0	0	0	0	0	0	0	0	0	0	0	0	0	0	0	0	0	0	0	0	0	0	0	0	0	0	0	0	0	0	0	0	0	0	0	31	0	0	0	0	0	0	0	0
f441	0	5	0	100	28	0	15	0	12	1164	0	95	0	154	0	2	8061	215	416	11	0	3021	0	0	13	117	0	114	0	4	9	36	0	0	67	41	0	13	0	190	0	0	0	1052	3	0	0	2	0	0	57	0	120	643	8157	8	0	0	0	15	104	0	826	0	11	0	88	3	0	0	0	58	0	0	0	10	4	32	0	0	19	0	3	0	5	188	0	0	45	0	36	0	0	0	0	0	0	0	0	0	0	28	0	49	0	14	0	0	0	27	0	0	94	793	99	27	114	332	5	0	9	0	0	3	0	0	0	3	0	0	0	15423	0	0	101	0	105	26	0	0	427	0	0	0	15	0	0	161	130	0	0	173	5	42	0	0	0	0	0	0	0	44	186	16	0	0	9	0	3	5	0	0	0	0	321	0	33	0	17	0	53	0	0	0	0	0	0	41	0	0	0	42	0	0	0	0	5	10	0	0	0	0	0	0	0	0	0	0	0	0	443	4	0	11	0	0	17	0	0	0	7	0	0	0	0	0	11	0	41	0	0	8	0	0	0	0	0	124	0	0	0	67	0	0	0	0	45	0	9	0	53	0	0	0	0	0	0	0	175	0	0	0	14	0	5	0	0	10	0	0	15	0	12	0	0	0	0	0	0	0	0	0	0	0	33	0	0	0	0	0	0	0	0	0	0	0	0	4	1556	0	0	0	0	0	73	0	0	0	0	0	0	30	0	0	22	0	0	0	0	0	0	0	0	0	0	0	0	0	0	0	0	129	0	0	0	0	0	0	5	8	0	0	0	0	44	0	0	0	0	0	0	0	0	0	0	0	0	0	0	0	0	0	141	0	0	0	0	0	4	0	0
f442	0	0	0	17	44	0	9	0	13	993	0	80	0	657	0	0	15120	9	469	0	0	5311	0	0	41	4	0	0	0	0	0	0	0	0	0	0	0	3	0	130	0	0	0	1169	3	0	5	0	0	0	68	0	7	391	9426	5	0	0	0	0	74	0	619	0	0	0	10	6	0	0	0	23	0	0	0	31	0	22	0	0	0	0	0	0	0	0	0	0	0	0	0	0	0	0	0	0	0	0	0	0	0	0	0	8	0	0	0	0	0	20	0	0	101	1781	69	0	104	359	0	0	0	0	0	0	0	0	0	0	0	0	0	17366	0	0	82	0	100	181	0	0	1367	0	0	0	10	0	0	164	101	0	0	0	9	0	0	0	0	9	0	0	0	41	40	0	0	0	0	0	42	0	0	0	0	0	214	0	11	0	22	0	51	8	0	0	0	0	0	16	0	0	0	42	0	0	0	0	9	0	0	0	0	0	0	0	0	0	0	0	0	0	334	0	0	0	0	0	10	0	0	0	0	0	0	0	6	0	0	0	6	0	0	0	0	0	0	0	0	31	0	0	0	47	0	0	0	0	57	0	0	0	42	0	0	0	0	0	0	0	165	0	0	0	13	0	0	0	0	0	0	0	0	0	0	0	0	0	0	0	0	0	0	0	0	0	0	0	0	0	0	0	0	0	0	0	0	0	0	0	1684	0	0	0	0	0	0	0	0	0	0	0	0	0	0	0	0	0	0	0	0	0	0	0	0	0	0	0	0	0	0	0	0	0	0	0	0	0	0	0	0	4	0	0	0	0	0	0	0	0	0	0	0	0	0	0	0	0	0	0	0	0	0	0	128	0	0	0	0	0	0	0	0
f443	0	0	0	22	24	0	0	0	0	645	0	37	5	196	0	0	6444	0	234	0	0	3040	0	0	0	0	0	0	0	0	0	0	0	0	0	19	0	12	0	117	0	4	0	941	0	0	0	0	0	0	44	0	22	280	20227	0	0	0	0	0	53	0	465	0	0	0	11	0	0	0	0	20	0	0	0	15	0	8	0	0	0	0	0	0	0	0	0	0	0	0	0	0	0	0	0	0	0	0	0	0	0	0	0	0	0	0	0	0	0	27	0	0	94	977	70	0	76	178	0	0	0	0	0	0	0	0	0	0	0	0	0	21266	0	0	90	0	71	0	0	0	416	0	0	0	8	0	0	255	75	0	0	0	9	0	0	0	0	0	0	0	0	34	30	0	0	0	0	0	35	0	0	0	0	0	204	0	0	0	8	0	24	0	0	0	0	0	6	14	0	0	0	29	0	0	0	0	0	0	0	0	0	0	0	0	0	0	0	0	0	0	258	0	3	0	0	0	0	0	0	0	0	0	0	0	0	0	0	0	16	0	0	4	0	0	0	0	0	23	0	0	0	35	0	0	0	0	30	0	0	0	17	0	0	0	0	0	0	0	142	0	0	0	3	0	0	0	0	5	0	0	0	0	0	0	0	0	0	0	0	0	0	0	0	0	0	0	0	0	0	0	0	0	0	0	0	0	0	0	2037	0	0	0	0	0	0	0	0	0	0	0	0	0	0	0	0	0	0	0	0	0	0	0	0	0	0	0	0	0	0	0	0	0	0	0	0	0	0	0	0	0	0	0	0	0	0	0	0	0	0	0	0	0	0	0	0	0	0	0	0	0	0	0	112	0	0	0	0	0	0	0	0
f444	0	4	0	23	31	0	11	0	5	1504	0	67	0	322	0	0	12231	55	542	0	0	5426	0	2	0	0	0	0	0	0	0	11	0	0	0	22	2	9	0	226	0	0	0	1565	0	0	0	0	15	0	40	0	11	411	21471	0	0	0	0	0	96	0	664	0	0	0	6	9	0	0	0	41	0	0	0	34	0	19	0	0	0	0	0	0	0	0	0	0	0	0	0	0	0	0	0	0	0	0	0	0	0	0	0	0	0	0	0	0	0	32	0	0	139	2086	93	0	84	320	0	0	0	0	0	7	0	0	0	0	0	0	0	14731	0	0	93	0	259	180	0	0	576	0	0	0	12	0	0	273	141	0	0	0	0	0	0	0	0	0	0	0	0	44	24	0	0	0	5	0	30	0	0	0	0	0	239	0	28	0	29	0	0	66	4	0	0	0	0	36	0	0	0	33	0	0	0	0	4	0	0	0	0	0	0	0	0	0	0	0	0	0	447	0	0	0	0	3	0	0	0	0	0	0	0	0	0	0	0	0	25	0	0	11	0	0	0	0	0	40	0	0	0	29	0	0	0	0	65	0	0	0	33	0	0	0	0	0	0	0	284	0	0	0	13	0	0	0	0	6	4	0	0	0	0	0	0	0	0	0	0	0	0	0	0	0	0	0	0	0	0	0	0	0	0	0	0	0	0	0	1240	0	0	0	0	0	0	0	0	0	0	0	0	10	0	0	0	0	0	0	0	0	0	0	0	0	0	0	0	0	0	0	0	0	0	0	0	0	0	0	0	0	0	0	0	0	5	0	0	0	0	0	0	4	0	0	0	0	0	0	0	0	0	0	127	0	0	0	0	0	0	0	0
f445	0	0	0	35	35	0	0	0	7	1250	0	47	0	275	0	0	10627	0	274	0	0	2123	0	0	13	5	0	0	0	0	0	0	0	0	0	25	0	4	0	133	0	0	0	1158	0	0	0	0	0	0	144	0	0	708	22365	3	2	0	0	0	200	0	511	0	0	0	0	0	0	0	0	17	0	0	0	62	0	32	0	0	0	0	0	0	0	0	0	0	0	0	0	0	0	0	0	0	0	0	0	0	0	0	0	0	0	0	0	0	0	54	0	0	151	1749	130	0	93	279	0	0	0	0	0	0	0	0	0	5	0	0	0	10525	0	0	72	0	290	43	0	0	1850	0	0	0	14	0	0	193	85	0	0	0	13	0	0	0	0	0	0	0	0	26	61	3	0	0	0	0	29	0	0	0	0	0	298	0	53	0	9	0	10	8	3	0	0	0	0	41	0	0	0	0	0	0	0	0	0	0	0	0	0	0	0	0	0	0	0	0	0	0	525	0	0	0	0	0	7	0	0	0	0	0	0	0	0	0	4	0	22	0	0	11	0	0	0	0	0	19	0	0	0	46	0	0	0	0	102	0	0	0	103	0	0	0	0	0	0	0	86	0	0	0	13	0	0	0	0	22	0	0	0	0	0	0	0	0	0	0	0	0	0	0	0	0	0	0	0	0	0	0	0	0	0	0	0	0	0	0	1319	0	0	0	0	0	0	0	0	0	0	0	0	0	0	0	0	0	0	0	0	0	0	0	0	0	0	0	0	0	0	0	0	0	0	0	0	0	0	0	0	5	0	0	0	0	0	0	0	0	0	0	0	0	0	0	0	0	0	0	0	0	0	0	208	0	0	0	0	0	0	0	0
f447	0	5	0	49	44	0	17	0	13	1465	0	128	0	344	0	0	12346	7	324	0	0	2968	0	0	0	3	0	0	0	0	0	0	0	0	0	30	0	17	0	232	0	0	0	947	0	0	0	0	0	0	94	0	46	708	10142	5	0	0	0	0	178	0	920	0	0	0	0	0	0	0	0	45	0	0	0	56	0	44	0	0	0	0	0	0	0	0	0	0	0	0	0	0	0	0	0	0	0	0	0	0	0	0	0	0	0	4	0	0	0	43	0	0	178	1681	94	0	106	552	0	0	0	0	0	0	0	0	0	7	0	0	0	15904	0	0	144	0	170	29	0	0	955	0	0	0	20	0	0	120	135	0	0	0	8	0	0	0	0	3	0	0	0	55	61	0	0	0	0	0	0	0	0	0	0	0	487	0	33	0	26	0	16	0	0	0	0	0	0	39	0	0	0	31	0	0	0	0	0	0	0	0	0	0	0	0	0	0	0	0	0	0	627	0	0	0	0	0	11	0	0	0	0	0	0	0	0	0	0	0	41	0	0	16	0	0	0	0	0	59	0	0	0	61	0	0	12	0	117	0	0	0	110	0	0	0	0	0	0	0	200	0	0	0	28	0	0	0	0	26	0	0	0	0	0	0	0	0	0	0	0	0	0	0	0	0	0	0	0	0	0	0	0	0	0	0	0	0	0	0	2000	4	0	0	0	0	0	0	0	0	0	0	0	27	0	0	0	0	0	0	0	0	0	0	0	0	0	0	0	0	0	0	0	0	0	0	0	0	0	0	0	0	0	0	0	0	0	0	0	0	0	0	0	0	0	0	0	0	0	0	0	0	0	0	205	3	0	0	0	0	0	0	0
f448	0	0	0	0	0	0	0	42	12	632	4	5	0	101	0	0	6286	0	232	0	0	5358	0	0	14	20	0	138	0	0	0	0	0	0	0	4	0	0	0	26	0	10	0	11349	0	0	4	0	0	0	0	154	0	46	21658	0	0	0	0	0	0	0	168	0	6	0	0	0	0	0	0	0	0	0	0	0	0	0	0	0	0	0	0	0	21	6	7	0	0	0	0	7	0	0	0	0	0	0	0	0	0	0	0	250	30	0	0	0	0	5	0	0	0	1033	108	0	20	32	0	0	0	0	0	0	31	0	0	0	0	0	0	8032	4	0	85	0	417	157	0	0	216	0	0	0	25	0	0	95	37	0	0	0	0	0	0	0	0	8	4	0	18	0	0	0	0	0	11	0	0	0	0	0	0	0	89	0	0	0	0	0	34	11	6	2	0	0	0	0	0	0	0	0	0	0	0	0	19	310	3	0	0	0	0	0	0	0	0	0	0	0	70	0	0	0	0	10	0	0	0	0	0	0	0	0	0	0	0	0	0	0	0	0	0	0	0	0	0	0	9	0	0	4	0	0	0	0	12	0	0	0	0	0	0	0	0	0	59	0	35	0	0	0	0	0	0	0	0	0	0	0	0	0	18	0	0	0	0	0	0	5	0	0	0	9	0	0	0	0	0	0	0	0	0	0	0	0	0	0	480	0	80	0	9	0	0	0	0	0	0	0	0	0	0	0	8	0	0	0	0	0	0	0	0	0	0	0	0	0	0	0	0	0	0	0	0	0	0	0	0	0	0	0	0	0	0	16	0	0	0	0	0	0	0	0	28	0	0	0	0	0	0	0	0	0	0	0	0	0	0	0	0
f449	0	0	0	4	8	0	0	4	3	101	0	17	0	72	0	0	11636	0	56	0	0	5471	0	0	0	5	0	2	0	0	0	0	0	0	0	0	0	0	0	24	0	0	0	343	0	0	0	0	0	0	14	0	16	106	13313	0	0	0	0	0	20	0	112	0	0	0	0	0	0	0	0	0	0	0	0	0	0	0	0	0	0	0	0	0	0	0	0	0	0	0	0	0	0	0	0	0	0	0	0	0	0	0	0	0	0	0	0	0	0	5	0	0	19	461	19	0	23	70	0	0	0	0	0	0	0	0	0	0	0	0	0	25125	0	0	42	0	29	52	0	0	234	0	0	0	0	0	0	131	17	0	0	0	6	0	0	0	0	0	0	0	0	12	11	0	0	0	0	0	0	0	0	0	0	0	105	0	3	0	6	0	0	31	0	0	0	0	0	0	0	0	0	6	0	0	0	0	0	0	0	0	0	0	0	3	0	0	0	0	0	0	57	0	0	0	0	0	0	0	0	0	0	0	0	0	0	0	0	0	166	0	0	0	0	0	0	0	0	0	0	0	0	5	0	0	0	0	13	0	0	0	9	0	0	0	0	0	0	0	133	0	0	0	0	0	0	0	0	0	0	0	0	0	0	0	0	0	0	0	0	0	0	0	0	0	0	0	0	0	0	0	0	0	0	0	0	0	0	0	1899	0	0	0	0	0	0	0	0	0	0	0	0	0	0	0	0	0	0	0	0	0	0	0	0	0	0	0	0	0	0	0	0	0	0	0	0	0	0	0	0	0	0	0	0	0	0	0	0	0	0	0	0	0	0	0	0	0	0	0	0	0	0	0	52	0	0	0	0	0	0	0	0
