feature	Oleiharenicola	Halomonas	Hyphomicrobiales_Incertae_Sedis_Genus	Pseudorhodoplanes	Niveibacterium	Pedosphaeraceae_Genus	Fimbriiglobus	Burkholderiales_Genus	Exiguobacterium	Parachlamydiaceae_Genus	Aeromonas	Fluviicoccus	Gammaproteobacteria_Genus	Dechloromonas	Rickettsiaceae_Genus	Chitinophagales_Genus	Tabrizicola	Mycobacterium	Thermomonas	Reyranella	SWB02	Blfdi19_Genus	Acetobacteraceae_Genus	Streptococcus	Rhodospirillales_Genus	Pseudomonas	Paracaedibacteraceae_Genus	Lutispora	Tumebacillus	Beijerinckiaceae_Genus	Caldovatus	Piscinibacter	Nitrospira	env.OPS_17_Genus	Rhodococcus	Frankiales_Genus	Chryseobacterium	Sphingobium	Chitinibacter	Pedomicrobium	Paracoccaceae_Genus	Arthrospira_PCC.7345	Luteolibacter	Pajaroellobacter	Babeliaceae_Genus	Gloeocapsa_PCC.7428	Ideonella	Candidatus_Obscuribacter	Nocardia	Sphingorhabdus	SH.PL14	Nitrosomonas	Peptostreptococcus	Nocardioides	Lysobacter	Obscuribacteraceae_Genus	Sphingomonas	Luteimonas	JG30.KF.CM45_Genus	Agromyces	Terrimonas	Sediminibacterium	Altererythrobacter	Crenobacter	Rubrivivax	Psychromonas	Larkinella	DEV007_Genus	Fimbriimonadaceae_Genus	Brevifollis	Bacteroidia_Genus	Rhodospirillaceae_Genus	Acidobacteriota_Genus	Corynebacterium	Brevibacterium	Kocuria	Alphaproteobacteria_Genus	Aeromonadaceae_Genus	NS9_marine_group_Genus	Hyphomicrobium	Gemmobacter	Gracilibacteria_Genus	Verrucomicrobiaceae_Genus	Pseudobdellovibrionaceae_Genus	Actinobacteria_Genus	Armatimonadaceae_Genus	Gemmataceae_Genus	Microscillaceae_Genus	Clostridia_Genus	Paludibaculum	Candidatus_Protochlamydia	Intestinimonas	Xanthobacteraceae_Genus	Vampirovibrionaceae_Genus	X0319.6G20_Genus	Devosia	Saprospiraceae_Genus	Leeia	Brevundimonas	Cyclobacteriaceae_Genus	Chlamydiales_Genus	Emticicia	Marmoricola	Phreatobacter	Ensifer	Novispirillum	Haliangiaceae_Genus	Shewanella	Telmatocola	Holosporaceae_Genus	Psychrobacter	Paenirhodobacter	Uliginosibacterium	Paucibacter	Cytophagales_Genus	Roseomonas	Novosphingobium	Comamonadaceae_Genus	Candidatus_Captivus	Candidatus_Berkiella	P3OB.42	Cetobacterium	Sutterellaceae_Genus	Fluviicola	Phaselicystis	Hydrogenophaga	Legionella	Kineosporiaceae_Genus	AAP99	Streptomyces	SM2D12_Genus	Clostridium	Chitinilyticum	Sphaerotilus	Gloeocapsa	Acetobacteroides	SH3.11	Vibrio	Polymorphobacter	Candidatus_Ovatusbacter	Bryobacteraceae_Genus	Granulicatella	Rhodocyclaceae_Genus	Dinghuibacter	Truepera	Caulobacter	Chitinivorax	Rhizobiaceae_Genus	Stagnimonas	Saccharimonadales_Genus	Fundidesulfovibrio	Neochlamydia	Flavobacterium	Bacteriovorax	Sandaracinaceae_Genus	Ga0077536_Genus	Verrucomicrobiia_Genus	Unknown_Family_Genus	Phenylobacterium	X11.24_Genus	Levilactobacillus	Opitutaceae_Genus	Candidatus_Alysiosphaera	Gordonia	Anaerovorax	Micavibrionales_Genus	Microtrichales_Genus	Cellvibrio	Shinella	Sphingopyxis	Enterobacterales_Genus	Chryseotalea	Haliscomenobacter	Kinneretia	Marinifilaceae_Genus	Isosphaeraceae_Genus	Bdellovibrio	Rhizorhapis	cvE6_Genus	Pseudolabrys	Pir4_lineage	Aquabacterium	Bosea	Candidatus_Nomurabacteria_Genus	Methylibium	IMCC26207	Rhizobium	Paracoccus	Romboutsia	Modestobacter	Aquihabitans	Pseudoxanthomonas	Pararhodobacter	Stella	TM7a	Bacillus	mle1.27_Genus	Anaeromyxobacter	Parvibium	Fusobacteriaceae_Genus	Pseudolysobacter	Undibacterium	OM190_Genus	Pseudobdellovibrio	Citrobacter	Glutamicibacter	Rothia	Candidatus_Megaira	alphaI_cluster	Leptothrix	Deinococcus	Ligilactobacillus	Candidatus_Finniella	Micropepsaceae_Genus	oc32	Cyanobacteriia_Genus	Aeromicrobium	Chitinophagaceae_Genus	Pseudomonadales_Genus	Geminicoccaceae_Genus	Gaiellales_Genus	Longivirga	Turneriella	Bacilli_Genus	Gemmatimonas	TRA3.20_Genus	SM1A02	Aquicella	Mariniblastus	CL500.3	KD4.96_Genus	Curvibacter	Sinimarinibacterium	Absconditabacteriales_.SR1._Genus	Hyphomicrobiales_Genus	Gemmata	CM1G08	Lactobacillus	MBNT15_Genus	Bradyrhizobium	Acidiferrimicrobium	Staphylococcus	Vicinamibacteraceae_Genus	Flavihumibacter	PB19_Genus	Anaerocolumna	Acinetobacter	Candidatus_Paracaedibacter	Kapabacteriales_Genus	BIrii41_Genus	Runella	Dechlorobacter	Pararhizobium	Heyndrickxia	Arenicella	Coxiella	Pirellula	Cerasibacillus	Sphingomonadaceae_Genus	Nevskiaceae_Genus	Enterobacteriaceae_Genus	RBG.13.54.9_Genus	Variovorax	Blastocatella	Bacteroides	Ottowia	Oligoflexaceae_Genus	Oscillospiraceae_Genus	X67.14_Genus	Malacoplasma	Blastomonas	PeM15_Genus	Cypionkella	Caldilineaceae_Genus	Cloacibacterium	Enterococcus	Paraconexibacter	Defluviimonas	Microbulbifer	Rheinheimera	Rhodovastum	Massilia	Lactiplantibacillus	Parageobacillus	Chloronema	Thermodesulfobacteriota_Genus	Fuscovulum	Methylorubrum	Microtrichaceae_Genus	Babeliales_Genus	Brevitalea	Sporichthyaceae_Genus	Gemmatimonadaceae_Genus	Ohtaekwangia	Midichloriaceae_Genus	Vibrionaceae_Genus	Steroidobacter	Weissella	Rhodopseudomonas	Armatimonadota_Genus	Thermoactinomycetaceae_Genus	Virgibacillus	Bauldia	DEV114	Simkaniaceae_Genus	Azospira	Eremiobacteria_Genus	Lysobacteraceae_Genus	Pirellulaceae_Genus	Hirschia	Plesiomonas	Aggregatilineales_Genus	Cytophaga	Agitococcus	Bacillales_Genus	OLB12	vadinHA49_Genus	Pseudomonadota_Genus	Sporomusaceae_Genus	Chitinimonas	Culicoidibacter	Lactococcus	Raineya	Barnesiellaceae_Genus	NB1.j_Genus	Acidovorax	Lactobacillaceae_Genus	Ferruginibacter	Nordella	Methylocystis	Mesorhizobium	Vampirovibrionales_Genus	Oxalobacteraceae_Genus	Hassallia	Nannocystis	WY65	Falsiporphyromonas	Chthoniobacter	Roseicella	Siphonobacter	Permianibacter	Desulfosporosinus	Hyphomonadaceae_Genus	Pseudoduganella	Sporocytophaga	Delftia	Sandaracinus	Elstera	Latilactobacillus	Serinicoccus	Marinomonas	Tundrisphaera	IMCC26134	Candidatus_Peregrinibacteria_Genus	Parcubacteria_Genus	Vogesella	Flectobacillus	Desulfotomaculum	Stenotrophomonas	Arcobacter	Candidatus_Accumulibacter	Burkholderia.Caballeronia.Paraburkholderia	Propionivibrio	Peptostreptococcaceae_Genus	Opitutus	Bryobacter	AKYH767_Genus	Lautropia	Bordetella	Chthonomonas	Dongia	Panacibacter	Blastococcus	X37.13_Genus	Acetivibrio	Polyangiaceae_Genus	Aurantisolimonas	Agrobacterium	Anaerotaenia	Granulosicoccus	Limosilactobacillus	CL500.29_marine_group	Vagococcus
f556	0	0	0	0	33	0	0	0	0	0	59230	0	0	10	0	0	0	5	0	0	0	0	0	3	0	1027	0	0	0	0	0	0	0	0	0	0	0	0	0	0	0	0	0	0	0	0	0	0	0	0	0	0	0	0	0	0	0	0	0	0	0	0	0	12	0	0	0	0	0	0	0	0	0	0	0	0	0	0	0	0	14	0	0	0	0	0	0	0	0	0	0	0	0	8	0	0	0	0	0	0	0	0	0	10	0	0	0	135	0	0	0	12	0	2547	0	10	0	0	0	0	0	177	0	0	0	0	0	0	0	0	0	8	43	0	0	0	0	0	0	0	0	0	0	32	5	0	0	0	0	0	0	0	0	0	0	0	0	0	0	0	0	0	0	0	0	0	0	10	0	0	0	0	0	0	0	0	0	0	0	0	0	0	0	0	0	0	0	0	0	0	0	0	0	0	0	0	0	0	0	0	0	14	0	0	0	0	0	0	0	0	0	0	0	0	0	0	0	0	0	0	0	0	0	0	0	0	0	0	0	0	0	0	0	0	0	0	0	0	0	0	0	0	0	0	0	0	0	0	0	0	0	0	0	0	0	0	0	0	0	0	0	0	0	0	0	0	0	0	0	13	0	0	0	0	0	0	0	0	0	0	0	0	0	0	0	0	0	0	0	0	0	0	0	0	0	0	0	0	0	0	0	0	0	0	0	0	0	0	0	0	49	0	0	0	0	0	0	0	0	0	66	0	0	0	0	0	0	0	0	0	0	0	0	0	0	0	0	0	0	0	0	0	0	0	0	0	0	0	0	0	0	0	0	0	0	0	0	0	0	0	0	0	0	0	0	0	0	0	0	0	0	0	0	0	0	0	4	0	0	0	0	0	0
f557	0	0	0	0	119	0	0	0	0	0	59612	0	23	9	0	0	0	7	0	0	0	0	0	20	0	2358	0	0	0	7	0	0	0	0	0	0	0	0	0	8	304	0	0	0	0	0	0	0	0	0	17	0	0	5	0	6	0	0	0	0	0	0	0	278	0	0	0	0	0	0	0	0	0	0	0	0	0	0	0	4	33	0	0	0	0	0	17	0	0	0	11	0	0	107	0	0	0	0	0	0	0	0	0	239	67	0	0	402	0	0	0	116	0	1628	0	123	0	12	0	0	0	2555	7	57	0	0	27	0	0	0	0	108	128	0	0	0	0	0	0	0	0	0	0	170	0	0	0	32	0	0	0	61	0	0	0	0	0	0	0	0	0	0	0	0	0	0	6	28	0	0	0	0	0	0	0	0	0	0	0	0	21	0	13	0	0	0	13	0	0	0	10	0	0	0	0	0	0	0	0	0	0	0	0	0	0	0	0	0	8	0	0	0	0	0	0	0	0	0	0	0	0	0	0	0	0	0	0	0	0	0	0	0	0	0	0	0	0	0	0	49	0	0	0	0	0	0	0	0	0	0	0	0	0	0	0	0	15	0	0	0	0	0	0	0	0	0	0	0	0	0	0	0	0	0	67	0	0	0	0	0	16	0	0	0	0	0	0	0	0	0	0	2	0	0	0	0	0	0	0	0	0	0	0	0	0	0	0	0	0	0	54	0	0	0	0	0	0	0	14	0	2992	0	0	4	0	0	0	0	0	0	0	0	0	0	0	0	0	0	4	0	0	0	0	0	0	0	0	0	0	0	0	159	0	0	0	0	0	0	0	0	0	0	0	8	0	0	0	0	0	0	0	0	0	0	0	0	0	0	0	0	0	0	0
f558	0	0	6	0	375	0	0	0	0	0	57093	0	0	143	0	0	0	0	0	0	0	0	0	0	0	5654	0	0	0	7	0	0	0	0	0	0	0	0	0	0	214	0	0	0	0	0	0	0	0	12	6	4	0	0	0	0	0	0	0	7	0	0	0	175	0	0	0	0	0	0	0	0	0	0	0	0	0	0	0	0	42	0	0	0	0	0	4	0	0	0	0	0	0	0	0	5	5	0	0	0	0	0	0	56	0	0	4	332	4	0	0	82	0	1019	6	42	0	0	0	0	0	681	0	22	0	0	6	3	0	0	0	18	127	13	0	0	0	0	0	0	0	0	0	105	0	0	0	2	0	0	0	11	0	0	0	0	0	0	0	19	0	0	0	0	0	0	0	78	0	0	0	0	2	0	0	0	7	0	0	0	11	22	15	0	0	0	10	0	0	0	0	0	0	0	0	0	0	0	0	0	5	834	19	0	0	0	0	0	0	0	0	0	0	0	0	0	0	3	0	0	0	0	0	0	0	0	0	0	0	0	0	0	0	0	0	0	0	0	0	17	0	0	0	0	0	0	0	0	0	0	0	0	0	0	0	0	9	0	0	0	15	0	0	0	0	0	0	0	0	0	0	0	0	0	32	0	0	0	0	0	0	0	0	0	0	0	0	0	0	0	0	0	0	0	0	0	0	0	0	0	0	0	0	0	0	0	0	0	0	0	51	0	0	0	0	0	0	0	0	33	290	0	0	0	0	0	0	0	0	0	0	0	0	0	0	0	0	0	0	0	7	0	0	3	0	0	0	0	0	0	0	78	0	0	0	0	0	0	0	0	0	0	0	0	0	0	0	0	0	0	9	0	0	0	0	0	8	0	0	0	0	0	0
f559	5	0	40	0	188	314	39	4	0	0	54240	0	53	228	0	0	0	12	0	4	35	0	0	5	8	2167	0	0	0	8	0	0	79	29	7	0	0	0	0	13	334	0	0	29	0	0	0	24	0	72	35	77	0	0	0	0	0	111	0	0	26	0	0	282	0	0	0	2	0	10	47	0	0	0	0	0	0	2	0	7	38	5	0	0	0	0	22	4	0	0	6	0	4	58	36	23	101	14	0	0	0	21	0	157	16	0	262	409	301	0	0	107	0	919	9	32	17	173	0	5	0	405	7	83	0	0	16	0	33	0	0	147	102	18	0	0	13	0	0	0	0	0	0	169	0	0	0	35	0	0	0	11	26	0	34	10	10	0	0	168	0	3	0	15	0	0	0	80	0	0	2	23	332	0	0	0	0	0	0	0	22	21	9	7	0	0	33	0	0	0	4	0	0	0	0	0	0	0	0	0	9	542	344	0	0	0	0	0	0	0	9	0	0	0	0	0	0	0	0	0	0	0	101	0	0	0	0	0	0	0	0	27	0	0	0	302	0	0	0	55	0	0	18	0	0	0	13	0	0	10	130	0	0	0	0	0	14	0	0	174	0	0	0	0	0	0	3	0	0	0	0	0	0	0	102	0	0	0	0	0	0	0	0	0	0	0	133	0	3	0	19	0	8	0	0	0	0	0	0	0	0	0	0	0	0	0	0	0	0	42	58	0	16	52	0	52	0	0	0	0	360	0	0	0	0	38	0	0	5	0	0	0	0	0	0	8	0	0	5	0	0	0	0	0	0	0	0	4	0	0	0	10	0	0	0	0	0	0	0	0	0	0	0	0	0	0	0	0	0	0	17	0	0	0	0	0	37	0	0	0	0	0	0
f560	0	0	0	0	153	2	0	0	0	0	72941	0	3	40	0	0	0	4	0	0	0	0	0	0	0	2147	0	0	0	0	0	0	0	0	0	0	0	0	0	6	78	0	0	0	0	0	0	4	0	0	0	0	0	0	0	0	0	0	0	0	0	0	0	90	0	0	0	0	0	0	0	0	0	0	0	0	0	0	0	0	0	0	0	0	0	0	11	0	0	0	0	0	0	14	0	0	0	0	0	0	0	0	0	33	6	0	0	122	0	0	0	48	0	520	0	22	0	0	0	0	0	199	0	67	0	0	0	0	0	0	0	20	107	0	0	0	0	0	0	0	0	0	0	102	0	0	0	24	0	0	0	3	0	0	0	0	0	0	0	0	0	0	0	0	0	0	0	174	0	0	0	0	0	0	0	0	0	0	0	0	5	0	0	0	0	0	0	0	0	0	0	0	0	0	0	0	0	0	0	0	0	0	0	0	0	0	0	0	0	0	0	0	0	0	0	0	0	0	0	0	0	0	0	0	0	0	0	0	0	0	0	0	0	0	0	0	0	0	0	0	0	0	0	0	0	0	0	0	0	0	0	0	0	0	0	0	0	0	0	0	0	0	0	0	0	0	0	0	0	3	0	0	0	0	22	0	0	0	0	0	0	0	0	0	0	0	0	0	0	0	0	0	0	0	0	0	0	0	0	0	0	0	0	0	0	0	0	0	0	0	48	0	0	0	0	0	0	0	0	0	128	18	0	2	0	0	0	0	0	0	0	0	0	0	0	0	0	0	0	0	0	0	0	0	0	0	0	0	0	0	0	11	0	0	0	0	0	0	0	0	0	0	0	0	0	0	0	0	0	0	0	0	0	0	0	0	10	0	0	0	0	0	0
f586	0	0	122	0	853	18	19	0	5	0	60360	0	405	505	0	0	0	42	0	77	0	0	0	8	0	3152	0	38	0	26	0	0	30	0	0	5	4	0	0	16	332	0	0	3	0	0	0	107	20	0	46	11	0	11	0	21	0	15	12	14	0	0	0	164	83	0	0	0	0	0	21	0	0	0	0	0	0	0	0	23	109	0	0	5	0	3	382	0	4	0	0	0	0	255	5	15	23	0	0	0	69	9	0	251	59	0	26	18	37	0	0	114	0	64	352	131	0	41	0	0	0	168	33	0	0	0	0	0	0	0	0	1058	57	0	0	0	215	0	0	0	0	0	0	51	0	0	0	63	0	0	0	63	0	0	4	2	0	8	0	77	0	0	84	24	0	0	0	2	0	0	0	52	24	0	0	0	0	0	8	0	18	8	0	3	0	0	19	0	0	0	2	0	0	0	0	0	11	0	0	0	0	156	10	0	0	0	0	0	37	0	2	0	0	0	4	0	0	0	4	0	0	34	4	0	0	0	6	0	0	0	0	0	0	0	0	21	0	0	0	8	0	0	2	0	0	6	0	0	0	0	8	0	0	0	0	0	73	0	0	0	0	0	0	0	0	0	0	26	10	0	0	12	0	0	82	0	0	0	0	0	26	0	0	0	0	27	0	0	0	0	0	0	0	0	0	0	0	0	0	0	0	0	0	0	0	0	0	0	2	5	61	0	0	0	0	0	0	0	258	0	40	0	0	0	0	0	2	0	0	0	0	0	0	10	0	10	0	0	4	0	0	0	0	0	0	0	0	39	0	0	0	332	0	0	0	0	0	0	0	0	0	0	0	48	0	0	0	0	0	0	0	0	0	0	0	0	72	0	19	0	0	0	0
f616	12	0	207	26	456	163	2	0	45	13	37534	0	212	126	0	4	0	5974	0	34	10	0	2	0	0	490	0	0	0	42	0	12	101	371	0	0	0	0	0	129	455	0	10	10	2	0	0	45	1431	456	50	59	0	53	0	22	0	149	49	0	0	5	0	1068	224	0	0	0	0	0	11	4	12	0	0	0	0	0	0	8	195	0	11	0	0	173	57	68	0	8	19	0	0	48	2	66	203	0	0	0	52	76	0	373	34	0	61	84	90	4	0	44	0	627	96	152	24	255	0	16	5	4191	461	153	0	0	11	7	41	0	0	21	147	25	0	0	31	0	0	0	0	0	0	231	0	5	0	36	3	0	0	4	0	0	14	0	39	0	0	188	0	0	9	695	0	0	21	21	0	5	0	100	90	0	0	0	0	0	0	2	16	68	17	0	0	0	56	0	0	0	0	47	0	0	11	0	6	0	0	0	0	779	78	0	0	22	0	0	36	0	304	0	0	0	0	0	0	0	0	0	6	71	25	0	10	0	0	0	0	4	0	8	2	0	6	72	0	0	2	44	0	0	25	44	0	0	0	0	4	6	117	0	0	0	0	0	52	0	0	27	0	26	0	100	0	0	0	0	26	0	0	51	12	0	149	0	0	0	0	0	18	0	0	0	0	3	86	0	0	0	8	0	0	0	0	0	0	0	7	0	0	0	0	21	0	0	0	3	0	40	85	0	4	27	0	4	0	0	0	3	2353	0	5	0	10	0	0	68	9	0	0	0	0	141	0	40	0	0	0	3	0	0	0	0	0	0	0	10	0	0	0	21	0	0	0	0	0	0	0	0	0	0	0	0	0	17	0	0	0	0	5	15	0	0	0	0	82	0	0	0	0	0	0
f617	0	0	65	0	371	3	0	0	0	0	65708	0	120	125	0	0	0	116	0	3	0	0	0	0	0	457	0	0	0	0	0	0	0	0	0	0	2	0	0	8	56	0	4	0	0	0	0	0	331	19	2	0	0	0	0	0	0	25	0	0	0	0	0	687	63	0	0	0	0	0	0	0	0	0	0	0	0	0	0	0	84	0	0	0	0	0	0	6	0	0	20	0	0	10	0	0	0	0	0	0	33	0	0	83	8	0	0	97	0	0	0	25	0	539	3	22	0	37	0	0	0	4095	194	258	0	0	13	0	0	0	0	3	182	0	0	0	7	0	0	0	0	0	0	53	0	0	0	0	0	0	0	0	0	0	0	0	0	0	0	2	0	0	0	12	0	0	0	15	0	5	0	9	0	0	0	0	0	0	0	0	0	0	4	0	0	0	0	40	0	0	4	16	0	0	0	2	0	0	0	0	0	41	0	0	0	5	0	0	0	0	66	0	0	0	0	0	0	0	0	0	0	9	0	0	0	0	0	0	0	0	0	0	0	0	0	0	0	0	0	0	0	0	0	0	0	0	0	0	0	0	0	0	0	0	0	0	13	0	0	0	0	0	0	0	0	0	0	0	0	0	0	36	24	0	75	0	0	0	0	0	5	0	0	0	0	0	0	0	0	0	0	0	0	0	0	0	0	0	0	0	0	0	0	0	0	0	0	0	0	0	63	0	0	0	0	0	0	0	0	0	3948	0	0	0	0	0	0	0	0	0	0	0	0	0	0	0	0	0	0	0	0	0	0	0	0	0	0	0	0	0	0	0	0	0	0	0	0	0	0	0	0	0	0	0	0	0	0	0	0	0	0	0	0	0	0	0	54	0	0	0	0	0	0
f618	0	0	111	0	765	20	0	6	0	0	66806	0	246	237	0	0	0	40	0	9	0	0	0	53	0	569	0	0	0	16	0	0	0	0	0	0	0	0	2	0	400	0	17	0	0	0	0	42	8	0	37	0	0	2	0	6	0	13	6	7	0	0	0	1247	229	0	0	0	0	0	9	0	0	0	0	0	0	0	0	0	147	0	0	2	0	0	23	77	0	0	0	0	0	14	7	0	9	0	0	0	52	9	0	306	33	0	17	81	3	0	0	87	0	966	0	113	0	21	0	25	0	2037	346	407	0	0	11	0	0	0	0	16	160	0	0	0	122	0	0	0	0	0	0	163	0	0	0	37	0	0	0	0	0	0	0	0	0	0	0	0	0	0	0	5	0	0	0	68	0	0	0	65	7	0	0	0	6	0	0	0	0	14	0	0	0	4	0	0	0	0	0	23	0	0	0	0	0	0	0	0	0	295	9	0	0	0	0	0	36	0	0	0	0	0	0	0	0	0	0	0	3	36	0	4	0	0	0	0	0	0	0	0	0	0	0	0	0	0	0	0	0	0	0	43	0	0	0	0	0	0	0	0	0	0	0	0	52	0	0	0	0	0	0	0	0	0	0	0	22	0	0	60	0	0	118	0	0	0	0	0	22	0	0	0	0	3	0	0	0	0	0	0	0	0	0	0	0	2	0	0	0	0	0	0	0	0	0	0	0	0	60	0	0	4	0	0	0	0	0	0	1569	0	0	0	0	0	0	0	0	0	0	0	3	0	0	0	0	0	0	0	0	0	0	0	0	0	0	4	0	0	0	17	0	0	0	0	0	0	0	0	0	0	0	0	0	0	0	0	0	0	0	0	0	0	0	0	103	0	0	0	0	0	0
f619	7	0	241	20	43	724	28	12	0	33	674	7	309	13	0	5	0	1695	0	150	139	4	0	0	6	162	0	0	0	0	0	0	402	496	0	0	16	0	4	322	1067	0	0	53	0	0	0	256	909	1057	65	204	0	92	0	2	0	4084	878	0	0	0	0	90	58	0	0	0	0	10	32	13	0	0	0	0	0	0	15	17	6048	0	0	214	0	91	92	132	0	19	257	0	39	35	48	387	386	35	2	0	647	25	28	999	488	0	403	43	331	16	0	92	0	2832	15	90	0	2196	4	0	33	581	6	14	0	12	752	0	242	0	0	28	0	83	0	0	29	0	0	54	13	0	0	254	0	0	0	377	0	0	0	164	10	0	124	65	14	6	26	764	0	0	7	848	0	0	157	0	0	31	0	390	1245	0	0	0	12	415	10	0	47	601	218	4	52	41	282	0	0	0	7	18	0	0	0	0	230	3	0	0	76	864	851	51	0	0	0	0	39	0	133	0	0	5	29	0	0	36	0	0	14	23	230	0	65	29	2	0	0	0	0	17	0	0	133	11	0	0	0	58	0	3	172	0	0	0	5	0	99	21	34	0	0	0	0	0	103	0	0	0	0	17	18	23	0	0	0	0	13	0	15	0	51	0	0	0	0	236	0	0	14	0	0	0	0	12	175	0	84	0	0	0	6	0	0	0	0	0	46	16	0	0	0	142	0	0	45	21	0	361	31	0	0	32	0	15	0	0	0	33	139	0	0	2	23	3024	0	851	14	19	15	0	0	92	4	103	0	0	0	0	0	0	380	0	0	0	0	13	0	0	0	446	12	0	24	0	0	0	0	0	0	70	0	0	0	0	9	0	0	4	0	0	16	0	0	0	0	35	0	0	0	3	0
f620	0	0	66	0	556	16	0	4	0	0	58824	0	122	66	0	0	0	621	0	0	0	0	0	0	0	815	0	0	0	6	0	0	4	15	0	0	0	0	0	13	219	0	7	0	0	0	0	5	103	39	6	0	0	3	0	0	2	39	0	0	0	0	0	704	170	0	0	0	0	0	0	0	0	0	0	0	0	0	0	0	104	0	0	0	0	0	6	7	0	0	4	0	0	6	5	0	6	0	0	0	17	9	0	162	21	0	0	142	6	0	0	60	0	1097	0	90	0	34	0	0	0	4164	226	93	0	0	3	0	0	0	0	8	52	0	0	0	51	0	0	0	0	0	0	150	0	0	0	26	0	0	0	0	0	0	0	0	0	0	0	7	0	0	0	256	0	0	0	23	0	0	0	25	11	0	0	0	0	0	0	0	0	0	0	0	0	0	10	13	0	0	10	4	0	0	0	0	0	0	0	0	0	35	7	0	0	0	0	0	24	0	22	0	0	0	0	0	0	0	0	0	0	25	5	0	0	0	0	0	0	0	0	0	0	0	0	3	0	0	0	6	0	3	0	0	0	0	0	0	0	0	11	0	0	0	0	0	29	0	0	10	0	0	0	0	0	0	0	0	12	0	0	22	0	0	62	0	0	0	0	0	9	0	0	0	0	0	0	0	0	0	0	2	0	0	0	0	0	0	0	0	0	0	0	0	0	0	0	0	0	0	55	0	0	0	0	0	0	0	0	0	1488	0	0	2	0	22	0	6	0	0	0	0	0	0	0	0	0	0	0	0	0	0	4	0	0	0	0	2	0	0	0	76	0	0	0	0	0	0	0	0	0	0	0	0	0	0	0	0	0	0	0	0	0	0	0	0	0	0	0	0	0	0	0
f646	0	20	21	11	68	9	0	0	0	0	48613	0	3	236	0	0	0	18	0	0	0	0	0	2	0	3003	0	0	0	8	0	0	0	268	0	0	0	0	0	7	139	9	9	0	0	0	0	9	25	0	0	0	0	0	0	11	0	11	0	6	0	0	0	1892	175	0	0	0	0	0	0	0	0	0	0	0	0	0	31	3	71	0	0	15	0	0	13	13	0	0	5	0	0	51	15	5	0	0	0	0	11	0	0	98	0	0	0	2615	0	0	0	30	7	160	4	39	0	11	0	0	0	7894	91	90	0	0	0	0	0	0	0	9	865	0	0	0	23	0	4	0	0	0	37	77	0	0	0	0	0	0	0	2	531	0	0	0	19	0	0	0	0	0	0	0	0	0	0	300	0	0	5	250	0	0	0	0	51	0	0	0	4	0	0	0	0	10	0	0	0	0	14	53	0	0	0	0	0	0	0	0	0	0	0	0	0	0	0	4	0	0	0	0	0	0	0	0	0	0	0	0	0	20	0	0	0	0	0	0	0	0	0	0	0	0	0	6	0	0	0	0	0	0	0	40	0	0	17	0	0	0	0	0	0	0	2	0	3	0	0	0	0	0	0	0	0	0	0	0	18	0	0	0	0	0	0	0	0	0	0	0	11	0	0	0	0	3	0	0	0	0	0	0	0	0	0	0	0	0	0	0	0	0	0	0	0	8	0	0	7	0	60	0	0	0	0	5	0	0	0	12	577	0	0	0	0	0	0	0	0	0	0	0	0	0	0	0	0	0	8	0	0	0	0	0	0	0	0	0	0	0	0	66	0	0	0	0	0	0	0	0	0	0	0	0	0	0	0	0	0	0	0	0	0	0	0	0	0	0	0	0	0	0	0
f647	0	15	170	25	64	10	16	0	0	0	46607	0	3	118	3	0	0	336	0	21	0	0	0	0	0	5180	0	0	0	0	0	0	14	396	44	0	0	0	0	11	219	0	10	0	0	0	0	29	96	62	13	5	0	0	0	24	0	136	4	2	0	0	0	1552	286	0	0	0	0	0	0	0	0	0	0	0	0	0	88	3	143	0	0	31	0	0	54	16	0	0	0	0	0	146	19	28	0	0	0	0	67	0	0	161	0	0	8	2934	10	5	0	51	0	169	0	131	0	0	0	0	0	8299	144	38	0	0	26	0	0	0	0	10	121	0	0	0	55	10	12	0	0	0	12	78	0	0	28	20	0	0	0	0	189	0	0	0	0	0	0	0	0	0	4	32	0	0	30	89	0	0	0	274	7	0	0	0	57	0	0	0	17	0	14	0	0	22	13	0	0	0	30	83	0	0	0	0	0	0	0	0	0	4	18	0	0	0	0	7	0	0	0	0	0	0	0	0	0	0	0	0	4	72	0	0	0	0	0	0	0	0	0	0	0	0	0	10	0	0	6	0	0	0	0	67	0	0	0	0	0	0	0	0	0	0	0	0	21	0	0	0	0	0	0	0	0	0	3	0	39	0	0	0	0	0	0	0	0	0	0	0	27	0	0	0	0	0	58	0	0	0	0	0	0	0	0	0	0	0	0	0	0	0	0	0	0	0	0	0	19	0	42	0	0	2	0	0	0	0	0	82	459	0	0	0	0	0	0	0	0	0	0	0	0	0	0	0	0	32	16	0	6	0	0	0	2	0	0	0	0	0	0	0	0	0	0	0	0	0	0	0	0	0	0	0	0	0	0	0	0	0	0	0	0	0	0	0	65	0	0	0	0	0	0
f648	0	30	101	17	72	8	17	0	0	0	40371	0	15	239	0	0	0	101	0	2	0	0	0	0	0	4304	0	0	0	0	0	0	0	579	14	0	0	0	0	0	314	0	32	0	0	0	0	28	48	0	9	0	0	0	0	34	0	6	8	13	0	0	0	4453	318	0	0	0	0	0	0	0	0	0	0	0	0	0	136	0	130	0	5	40	6	0	74	21	0	0	3	0	0	121	46	20	0	0	0	0	48	0	0	180	43	0	0	1862	0	0	0	103	0	272	4	117	0	0	0	0	0	6878	181	145	0	0	19	0	0	0	0	5	66	0	0	0	98	0	13	0	0	0	14	118	0	0	75	32	0	0	0	0	366	0	0	0	22	0	0	0	0	0	7	0	0	0	58	362	0	0	0	591	0	0	0	0	202	0	0	0	10	0	22	0	0	0	0	0	0	0	9	115	29	0	0	0	0	0	0	0	0	0	0	0	0	0	0	10	8	0	0	0	0	0	0	0	0	0	8	0	8	64	0	0	0	0	0	0	0	7	0	0	0	0	0	9	0	0	0	9	0	0	0	134	0	0	10	0	0	0	0	0	0	0	0	0	8	0	0	0	0	0	0	0	0	0	0	0	30	0	0	10	0	0	0	0	0	0	0	0	33	0	0	0	0	0	36	0	0	0	0	0	0	0	0	0	0	0	0	0	0	0	0	0	0	0	0	0	15	0	56	0	0	0	0	5	0	0	0	0	836	0	0	0	0	0	0	0	0	0	0	0	0	0	0	0	0	36	12	0	0	0	0	0	0	0	0	0	0	0	0	0	0	0	0	0	0	0	0	0	0	0	0	0	0	0	0	0	0	0	0	0	0	0	0	0	97	0	0	0	0	0	0
f649	0	34	95	17	76	7	0	3	0	0	41749	0	7	117	0	0	0	149	0	10	0	0	0	0	0	2705	0	0	0	11	0	0	0	736	7	0	0	0	0	0	264	0	15	0	0	0	0	19	51	0	11	0	0	7	0	31	0	10	0	7	0	0	0	1281	241	0	0	0	0	0	0	0	0	0	0	0	0	0	48	0	129	0	0	36	0	0	82	23	0	0	8	0	0	105	20	10	0	0	0	0	54	0	0	76	35	0	0	2878	0	0	0	57	9	193	0	93	0	0	0	0	0	12920	136	135	0	0	15	0	0	0	0	8	985	0	0	0	93	21	12	0	0	0	10	112	0	0	22	18	0	0	0	0	288	0	0	0	0	0	2	0	0	0	0	2	0	0	36	207	0	0	0	679	0	0	0	0	130	0	0	0	11	0	0	0	0	0	0	0	0	0	31	95	24	0	0	0	0	0	0	0	0	0	0	0	0	0	0	0	11	0	0	0	0	0	0	0	0	0	0	0	0	71	0	0	0	0	0	0	0	0	0	0	0	0	0	6	0	0	4	0	0	0	0	74	0	0	5	0	0	0	0	0	0	0	0	0	9	0	0	0	0	0	0	0	0	0	0	0	31	0	0	0	0	0	0	0	0	0	0	0	32	0	0	0	0	0	0	0	0	0	0	3	0	0	0	0	0	0	0	0	0	0	0	0	0	0	0	0	0	0	90	0	0	0	0	0	0	0	0	0	904	0	0	0	0	0	0	0	0	0	0	0	0	0	0	0	0	38	10	0	0	0	0	0	0	0	0	0	0	0	0	85	0	0	0	0	0	0	0	0	0	0	0	0	0	0	0	0	0	0	0	0	0	0	0	0	75	0	0	0	0	0	0
f650	0	0	13	0	69	10	0	0	0	0	60374	0	0	108	0	0	0	39	0	4	0	0	0	3	0	2598	0	0	0	0	0	0	0	254	15	0	0	0	0	0	89	0	0	0	0	3	0	6	22	0	0	0	0	3	0	0	0	0	8	0	0	0	0	649	108	0	0	0	0	0	0	0	0	0	0	0	0	0	0	0	61	0	0	19	0	0	38	0	0	0	0	0	0	60	10	0	0	0	0	0	11	0	0	49	3	0	0	893	0	0	0	23	0	218	0	28	0	0	0	0	0	3901	60	15	0	0	10	0	0	0	0	0	81	0	0	0	42	30	2	0	0	0	19	59	0	0	48	0	0	0	0	0	196	0	0	0	0	0	0	0	0	0	0	0	0	0	31	230	0	0	0	281	0	0	0	0	29	0	0	0	0	0	11	0	0	5	0	0	0	0	5	34	0	0	0	0	0	0	0	0	0	17	0	0	0	0	0	0	2	0	0	3	0	0	0	0	0	0	0	0	0	29	0	0	0	0	0	0	0	0	0	0	0	0	2	6	0	0	0	0	0	0	0	0	0	0	3	0	0	0	0	0	0	0	0	0	0	0	0	0	0	0	0	0	0	0	0	0	0	0	0	0	4	0	0	0	0	0	0	0	0	0	0	0	0	0	0	0	0	0	0	0	0	5	0	3	0	0	0	0	0	0	0	0	0	0	0	0	6	0	23	0	0	4	0	0	0	0	0	0	483	15	0	0	0	0	0	0	0	0	0	0	0	0	0	0	0	24	0	0	0	0	0	0	2	0	0	0	0	0	0	0	0	0	0	0	0	0	0	0	0	0	0	0	0	0	0	0	0	0	0	0	4	0	0	0	16	0	0	0	6	0	0
f676	0	0	16	0	0	2	0	0	0	0	44405	0	201	5	0	0	0	43	0	5	0	16	0	0	0	5941	0	0	0	17	0	0	0	0	81	0	0	0	0	7	649	0	0	0	0	2	0	8	9	0	12	0	0	0	74	0	0	1147	0	0	0	0	0	2345	44	0	0	0	0	5	0	0	0	0	0	0	2	0	0	6	72	0	0	13	0	0	60	0	0	0	6	0	0	19	0	0	0	0	0	0	0	0	5	760	0	0	0	2429	0	0	0	577	0	1829	0	16	0	148	0	0	0	5386	352	809	0	0	6	0	0	0	0	6	53	0	0	0	3	0	27	0	0	0	0	0	0	0	0	0	0	0	0	6	65	0	0	0	0	0	0	0	0	0	0	16	0	0	0	31	0	0	0	9	0	0	0	0	0	0	0	0	49	0	36	0	0	0	17	0	0	0	16	5	0	0	0	2	0	0	0	0	0	16	0	0	0	13	0	23	0	0	0	0	0	0	0	0	0	3	0	0	0	25	0	0	0	0	0	0	0	0	0	0	0	0	0	12	0	0	0	0	0	0	0	0	0	0	66	0	0	0	0	0	0	0	0	0	7	0	0	0	0	0	0	0	0	0	0	0	0	0	0	0	37	0	0	0	0	0	0	0	11	0	0	0	0	0	124	0	0	0	0	0	0	0	0	0	0	0	0	0	0	0	0	0	20	0	0	0	4	0	95	0	0	0	0	0	0	0	0	0	398	6	0	0	0	0	0	0	0	0	0	0	0	0	0	0	0	0	40	0	0	0	0	0	0	0	0	115	0	0	0	316	0	0	0	0	0	0	0	0	0	0	0	0	0	0	0	0	0	0	0	0	0	0	0	0	137	0	0	0	0	0	0
f677	0	0	5	7	0	0	0	0	0	0	38503	0	158	10	0	0	0	32	0	2	0	0	3	11	0	5277	0	0	0	9	0	0	0	0	38	0	0	0	0	3	828	0	0	0	0	0	0	7	19	0	23	0	5	0	0	6	0	4	6	0	0	0	0	3212	80	0	0	0	0	0	0	0	0	0	0	0	0	0	0	0	69	0	0	8	0	0	73	0	0	0	13	0	0	12	0	2	0	0	0	0	0	0	0	627	0	0	0	1985	0	0	0	813	0	3064	0	38	0	221	0	0	0	6067	394	857	0	0	0	0	0	0	0	0	15	0	0	0	0	0	41	0	0	0	0	14	0	0	0	0	0	0	0	0	173	0	0	0	0	0	0	0	0	0	0	0	0	0	11	2	0	0	0	48	4	0	0	5	9	0	0	0	27	0	35	0	0	6	0	0	0	0	9	0	0	0	0	0	0	0	0	0	0	0	0	0	0	0	0	22	0	0	0	0	0	0	0	0	0	0	0	0	0	16	0	0	0	0	0	0	0	0	2	0	0	0	0	3	0	0	0	0	0	0	0	0	0	0	48	0	0	0	0	0	0	0	0	0	0	0	0	0	0	0	0	0	0	0	0	0	8	0	0	0	0	0	0	0	0	0	0	0	0	0	0	0	0	0	60	0	0	0	0	0	0	0	0	0	0	0	0	0	0	0	0	0	29	0	0	2	0	0	132	0	0	0	0	0	0	0	0	0	241	0	0	0	0	0	0	0	0	0	0	0	0	0	0	0	0	0	60	0	0	0	0	8	0	0	0	0	0	0	0	109	0	0	0	0	0	0	8	0	0	0	0	0	0	0	0	0	0	0	0	0	0	0	0	0	149	0	0	0	0	0	0
f678	0	0	16	0	0	0	0	0	0	0	43879	0	235	0	0	0	0	35	0	4	0	18	0	4	0	9248	7	0	0	32	0	0	0	0	61	0	0	0	23	22	1035	0	0	0	0	0	0	2	41	0	22	0	0	2	93	6	0	1599	4	0	0	0	0	3245	83	0	0	0	0	0	0	0	0	0	0	0	0	0	0	0	95	0	0	8	0	0	73	0	0	0	8	0	0	35	0	6	0	0	0	0	9	0	0	939	34	0	0	2382	0	0	0	947	0	2890	0	26	0	222	0	0	0	3640	336	652	0	0	6	0	0	0	0	3	49	0	0	0	17	0	68	0	0	0	0	13	0	0	0	8	0	0	0	0	89	0	0	0	0	0	0	0	0	0	0	13	0	0	22	70	5	0	0	4	0	0	0	0	3	0	0	0	46	0	65	0	0	0	0	0	0	0	19	15	0	0	0	0	0	0	0	0	0	9	0	0	0	25	0	43	0	0	0	0	0	0	0	0	0	0	0	0	0	20	0	0	0	0	0	0	0	0	0	0	0	0	0	3	0	0	0	15	0	0	0	0	0	0	115	0	0	0	0	0	0	0	0	0	3	0	0	0	0	0	0	0	0	0	0	0	12	0	0	0	83	0	0	0	0	0	0	0	10	0	0	0	0	0	189	0	0	0	0	0	0	0	0	0	0	0	0	0	0	0	0	0	26	0	0	0	0	0	83	0	0	0	0	0	0	0	0	0	330	6	0	0	0	20	0	0	0	0	0	0	0	0	0	0	0	0	62	0	0	0	0	0	0	0	0	61	0	0	0	102	0	0	0	0	0	0	0	0	0	0	0	0	0	0	0	0	0	0	0	0	0	0	0	0	122	0	0	0	0	0	0
f679	0	0	11	0	0	0	0	0	0	0	49206	0	183	0	0	0	0	50	0	0	0	6	0	0	0	7413	5	0	0	15	0	0	0	0	25	0	0	0	26	6	902	0	0	0	0	0	0	7	56	0	19	0	0	0	0	0	0	574	8	0	0	0	0	2618	81	0	0	0	0	3	0	0	0	0	0	0	0	0	0	0	79	0	0	21	0	0	64	0	0	0	27	0	0	23	3	0	0	0	0	0	13	0	0	668	60	0	0	3065	0	0	0	848	0	3061	0	17	0	214	0	0	0	8367	416	704	0	0	0	0	0	0	0	0	101	0	0	0	19	0	66	0	0	0	0	19	0	0	0	0	0	0	0	0	127	0	0	0	2	0	0	0	0	0	0	5	0	0	6	12	0	0	0	19	0	0	0	11	0	0	10	0	40	0	50	0	0	0	0	0	0	0	21	0	0	0	0	0	0	0	0	7	0	12	0	0	0	21	0	29	0	0	0	0	0	0	0	0	0	0	0	0	0	0	0	0	0	0	0	0	0	0	0	0	0	0	0	0	0	0	0	0	0	0	0	0	0	0	96	0	0	0	0	0	0	0	0	0	6	0	0	0	0	0	0	0	0	0	0	0	10	0	0	0	24	0	0	0	0	0	0	0	11	0	0	0	0	0	90	0	0	0	0	0	0	0	0	0	0	0	0	0	0	0	0	0	24	0	0	0	13	0	157	0	0	0	0	0	0	4	0	0	430	0	0	0	0	0	0	0	0	0	0	0	0	0	0	0	0	0	63	0	0	0	0	0	0	0	0	75	0	0	0	373	0	0	0	0	0	0	0	0	0	0	0	0	0	0	0	0	6	0	0	0	0	0	0	0	147	0	0	0	0	0	0
f680	0	0	20	10	0	0	0	0	0	0	39556	0	222	28	0	0	0	30	0	7	0	0	0	10	0	6622	0	0	0	22	0	0	0	0	61	0	0	0	13	0	824	0	0	0	0	0	0	16	29	0	21	0	0	0	0	0	0	0	6	0	0	0	0	1825	59	0	0	0	0	0	0	0	0	0	0	0	0	0	0	0	63	0	0	12	0	0	42	0	0	0	0	0	0	13	0	6	0	0	0	0	0	0	0	608	0	0	0	1832	0	0	0	804	0	3555	0	9	0	289	0	0	0	6185	409	1212	0	0	0	0	0	0	0	0	27	0	0	0	13	39	42	0	0	0	0	0	0	0	0	0	0	0	0	4	184	0	0	0	0	0	0	0	0	0	0	0	0	0	10	638	0	0	4	86	0	0	0	0	7	0	0	0	44	0	48	0	0	0	0	0	0	0	5	0	0	0	0	0	0	0	0	0	0	0	0	0	0	6	0	11	0	0	0	0	0	0	0	0	0	0	0	0	0	17	0	0	0	0	0	0	0	0	0	0	0	0	0	15	0	0	0	0	0	0	0	0	0	0	101	0	0	0	0	0	0	0	0	0	12	0	0	0	0	0	0	0	0	0	0	0	3	0	0	0	27	0	0	0	0	0	0	4	12	0	0	0	0	0	132	0	0	0	0	0	0	0	0	0	0	0	0	0	0	0	0	0	17	0	0	0	5	0	68	0	0	0	0	0	0	3	0	0	375	0	0	0	0	0	0	0	0	0	0	0	0	0	0	0	0	0	52	0	0	0	0	0	0	0	0	0	0	0	0	49	0	0	0	0	0	0	0	0	0	0	0	0	0	0	0	0	0	0	0	0	0	0	0	0	189	0	0	0	0	0	0
f706	0	0	24	0	46	50	11	20	0	0	61827	0	11	1247	0	0	0	86	0	17	0	0	0	0	0	3984	0	0	0	0	0	0	7	588	9	0	0	0	30	0	141	0	0	0	0	0	0	0	36	0	15	0	0	0	0	6	0	0	0	0	0	0	0	75	0	0	0	0	0	0	0	0	0	0	0	0	3	0	18	0	123	0	0	12	0	0	5	40	0	0	0	0	0	43	0	0	0	0	0	0	9	0	0	42	45	0	0	14	0	0	0	0	0	31	0	93	0	177	0	0	0	206	0	0	0	0	11	0	0	0	0	50	110	0	0	25	29	0	20	0	0	0	78	36	0	0	28	0	0	0	0	0	0	0	0	0	0	0	0	0	0	0	0	28	0	0	0	9	0	0	0	55	0	0	0	0	0	0	0	0	0	0	0	0	0	0	0	0	0	0	13	0	17	0	0	0	0	0	0	0	0	0	0	0	17	0	0	11	16	0	0	0	0	0	0	0	5	0	0	0	0	28	0	0	0	0	6	3	0	0	0	0	0	0	0	0	0	0	0	6	0	0	0	21	0	0	0	0	0	0	0	0	0	0	0	0	0	0	0	0	0	0	0	0	0	0	0	0	10	0	0	0	37	0	0	0	0	0	0	0	51	0	0	0	0	0	0	0	0	0	0	0	0	0	0	0	0	0	0	0	0	0	0	0	0	0	0	0	0	0	17	0	0	0	0	84	0	0	32	0	60	0	0	0	0	0	0	0	0	0	0	0	0	0	0	0	0	28	0	0	0	0	0	0	0	0	0	0	0	0	0	0	0	0	0	1026	0	0	0	0	17	0	0	6	0	0	0	0	0	0	0	0	0	0	17	0	9	0	0	0	0	0	0
f707	0	0	61	0	69	73	23	0	0	0	72114	0	51	396	0	0	0	152	0	6	0	0	0	9	0	2870	0	0	3	0	0	0	0	871	0	0	0	0	10	4	194	0	5	0	0	0	0	6	21	0	24	0	0	5	0	0	0	7	0	0	0	0	0	133	115	5	0	0	0	0	0	0	0	0	0	0	0	0	39	0	116	0	0	44	0	0	9	51	0	0	0	0	0	169	0	0	0	0	0	0	28	0	0	132	93	0	0	14	0	0	0	0	0	0	0	172	0	216	0	0	0	205	0	0	0	0	0	0	0	0	0	120	141	0	0	14	55	0	41	0	0	0	39	65	0	0	23	0	0	0	5	2	0	0	0	0	0	0	0	0	0	0	7	0	0	0	4	67	0	0	0	120	0	0	0	0	0	0	0	0	4	0	0	0	0	0	0	0	0	0	16	0	29	0	0	0	0	0	0	0	0	13	0	0	48	0	0	24	15	0	0	0	0	0	0	4	0	0	0	0	0	55	0	0	0	0	16	0	0	11	0	0	0	0	0	3	0	0	0	5	0	0	0	0	0	0	0	0	0	0	0	0	0	0	0	0	4	0	0	0	0	0	0	0	0	0	0	0	0	2	0	0	71	0	0	3	0	0	0	0	88	0	0	0	0	0	0	0	0	0	0	0	0	0	0	0	0	0	0	0	0	0	0	0	0	0	0	0	0	0	28	0	0	3	0	72	0	0	35	0	41	49	0	0	0	0	0	0	0	0	0	0	0	0	0	0	0	19	0	0	0	0	0	0	0	0	0	0	6	0	0	0	0	0	0	99	0	0	0	0	14	0	0	0	0	0	0	0	0	0	0	0	0	0	10	0	10	0	0	0	0	0	0
f708	0	0	123	12	72	86	27	14	0	0	64263	0	77	530	0	0	0	275	0	22	0	0	0	13	0	2706	0	0	0	0	0	0	0	1588	18	0	9	0	66	0	255	0	12	0	0	0	0	20	35	0	60	3	0	0	0	56	0	3	9	0	0	0	0	139	117	0	0	0	0	0	0	0	0	0	0	0	2	0	42	0	220	0	0	86	0	0	42	141	0	0	15	6	0	190	0	0	0	0	0	0	47	0	0	143	135	0	0	20	0	0	0	16	0	74	0	221	0	235	0	10	3	226	0	0	0	0	41	0	0	0	0	231	250	0	0	14	113	0	19	0	0	0	120	119	0	0	15	0	0	0	11	0	13	0	0	0	0	0	0	0	0	0	19	13	0	0	20	55	0	0	0	388	6	0	0	0	0	0	0	0	19	25	0	0	0	2	0	0	0	0	62	0	44	0	0	0	0	0	0	0	0	0	0	0	23	0	0	19	22	0	0	0	0	0	0	0	0	0	0	0	5	112	0	0	0	0	0	0	0	7	0	0	0	0	3	0	10	0	6	10	0	0	0	23	0	0	0	0	0	2	0	0	0	0	0	0	6	0	0	0	0	0	0	0	0	0	0	0	9	8	0	13	66	0	0	0	0	0	0	0	116	0	0	0	0	0	0	0	0	0	0	13	0	2	0	0	0	0	0	0	0	0	0	0	0	0	0	0	5	0	14	0	0	0	0	180	0	0	88	37	76	0	0	0	0	0	0	0	0	0	0	0	0	0	0	0	0	90	0	0	0	0	0	0	0	0	0	0	0	0	0	45	0	0	0	0	0	0	0	0	0	0	0	0	0	0	0	0	0	0	0	0	0	0	18	0	32	0	0	0	0	0	0
f710	50	0	179	0	533	348	83	2	0	0	41826	0	188	924	7	0	0	146	0	22	0	12	5	3	0	1845	0	0	0	0	0	0	257	1588	194	0	0	0	47	30	329	0	30	39	0	0	0	65	157	21	54	121	0	0	0	46	0	64	44	0	0	50	0	77	107	0	0	0	0	97	29	6	0	0	0	0	2	0	84	9	180	0	0	101	2	26	62	127	0	0	17	0	0	135	48	28	245	485	0	5	32	58	0	204	159	0	84	31	68	0	0	21	0	196	577	145	10	837	0	6	0	307	0	0	8	38	42	0	14	0	0	171	147	122	0	4194	55	0	22	0	0	0	148	85	0	0	149	87	2	0	159	0	120	39	0	4	0	0	0	29	0	0	0	22	0	53	7	394	0	0	0	1191	514	42	0	0	6	0	0	0	6	334	6	5	0	0	41	0	0	0	31	0	0	0	0	0	17	0	5	0	0	720	108	18	8	24	0	30	26	4	6	0	0	0	0	0	0	2	0	0	0	56	8	0	0	0	0	0	0	0	0	15	0	3	0	43	282	0	0	21	0	0	20	41	0	0	0	0	10	43	31	21	0	0	0	8	0	0	0	4	0	3	0	26	0	0	2	0	8	0	0	5	94	0	0	0	0	0	0	0	76	0	0	0	0	0	114	0	0	2	0	0	5	0	0	0	7	0	0	0	0	0	0	0	0	35	8	0	0	0	17	14	68	0	0	209	0	2	316	77	83	0	0	0	15	35	0	0	7	0	12	0	0	78	0	27	0	53	0	0	82	0	0	8	0	0	0	3	0	0	0	36	0	0	0	318	0	0	0	0	38	0	0	0	11	0	0	0	0	0	0	0	0	0	20	9	29	0	0	0	0	0	0
f561	18	0	332	74	24	125	495	82	0	0	70136	0	132	0	3	0	0	800	0	420	208	0	0	126	0	685	8	0	0	43	0	0	117	394	23	0	0	29	0	290	430	0	0	114	0	0	0	246	653	36	125	163	0	59	0	0	4	77	173	5	51	5	0	24	0	0	0	0	0	223	0	64	0	0	0	0	5	0	0	116	37	0	519	20	0	157	14	8	0	0	0	0	0	160	59	284	233	0	0	0	44	12	0	241	150	0	159	41	367	0	0	12	0	194	11	179	12	631	0	2	19	242	0	0	16	0	179	0	106	5	0	342	18	31	0	0	26	0	0	0	0	0	0	78	0	0	0	25	0	0	0	57	0	0	65	57	14	0	0	85	0	37	0	172	17	0	23	0	0	28	0	3661	474	0	0	0	0	8	0	0	129	0	6	36	24	0	69	55	0	0	16	0	0	7	0	38	77	0	0	0	15	178	351	8	0	0	5	0	5	0	64	0	0	8	0	0	0	0	0	0	20	14	133	7	0	51	5	0	0	0	18	170	0	0	0	567	0	0	11	145	0	0	219	0	50	0	0	0	10	14	152	0	0	9	0	0	53	5	0	231	0	0	69	81	0	46	0	7	5	0	0	0	0	0	0	0	0	0	0	0	22	0	0	0	0	0	166	0	0	0	53	0	64	0	0	0	3	0	0	0	21	5	5	0	0	0	49	0	0	27	12	0	0	16	0	117	4	0	13	0	1759	25	0	0	133	0	0	20	57	0	0	0	0	62	20	276	0	0	25	0	0	0	14	0	0	0	35	0	0	0	0	252	0	0	0	0	0	33	0	0	0	0	0	32	20	5	196	0	0	0	0	0	0	20	0	0	0	0	0	0	0	0	0
f562	0	0	40	18	291	0	19	0	0	0	49856	0	90	120	0	0	0	25	0	18	0	0	0	0	0	2990	0	0	0	22	0	0	0	0	80	0	0	0	0	31	760	0	19	0	0	0	0	51	0	0	68	0	0	10	0	0	2	0	31	2	0	0	0	450	36	6	0	0	0	0	0	0	0	0	0	0	0	0	0	45	60	0	0	0	0	0	13	0	0	0	5	0	0	128	0	14	0	0	0	0	20	0	0	592	289	0	0	589	0	8	0	227	0	1428	0	286	0	0	0	36	0	314	12	184	0	0	91	0	0	0	0	368	9079	0	0	0	10	0	0	0	0	0	0	338	0	0	0	108	0	0	0	140	0	0	0	0	15	8	0	0	0	0	0	0	15	0	29	164	0	0	0	0	0	0	0	0	0	0	0	0	109	0	23	0	0	0	27	0	0	0	36	0	0	0	0	0	0	0	0	0	0	8	0	0	0	0	0	0	13	0	0	0	0	0	0	0	0	0	0	0	0	27	0	0	0	0	0	0	0	0	0	0	0	0	0	3	0	0	3	168	0	2	0	0	0	0	0	0	0	0	0	0	0	0	0	0	39	0	0	0	0	0	0	7	0	0	0	15	3	0	0	0	0	0	272	0	0	0	0	0	13	0	0	0	0	0	0	0	0	0	0	0	0	0	0	0	0	0	0	0	7	0	0	0	0	0	0	0	0	0	20	0	0	0	0	0	0	0	69	0	1093	0	0	0	0	0	0	0	0	0	0	3	0	0	0	0	0	0	8	0	0	7	0	0	0	0	0	0	0	0	7	224	0	0	0	0	0	0	0	0	0	0	0	0	0	0	0	0	0	0	9	0	0	0	0	0	69	0	7	0	0	0	0
f621	0	0	587	79	1556	73	38	0	2	0	35238	0	1069	997	3	0	0	398	0	59	0	0	3	0	0	6019	0	0	0	35	0	0	0	23	0	0	0	0	0	37	1540	0	99	11	0	0	0	193	33	0	221	11	0	6	0	0	0	0	48	14	0	0	0	2156	957	0	0	0	0	0	29	0	0	0	0	0	0	0	0	21	365	0	5	9	0	0	86	44	0	0	42	0	0	67	15	13	90	11	0	0	166	27	0	2970	360	0	119	252	0	3	0	231	0	7350	50	924	11	21	0	45	0	1078	832	416	0	0	36	0	14	0	0	58	429	0	0	0	243	21	0	0	0	0	0	541	0	29	0	254	0	0	0	34	24	0	0	0	19	0	0	10	0	0	22	36	0	7	87	143	0	0	0	337	178	0	0	0	5	0	6	0	24	32	39	0	0	0	19	0	3	0	73	55	0	0	0	0	0	0	0	0	0	102	78	0	0	0	0	0	174	0	0	0	0	0	0	0	0	0	0	0	3	200	13	0	0	0	0	0	0	0	0	0	0	0	2	0	0	0	0	9	3	0	0	158	0	0	0	0	0	64	0	0	0	0	0	6	178	0	0	0	0	0	0	0	0	0	10	0	166	0	0	254	0	0	230	0	0	0	0	0	98	0	0	0	0	25	0	0	0	0	0	0	0	0	0	0	0	0	0	0	0	0	0	0	0	0	0	0	0	0	22	0	0	15	0	0	0	0	4	0	3241	0	0	0	0	0	0	119	0	0	0	0	0	0	0	0	0	0	0	0	85	0	0	0	0	0	0	0	0	0	0	100	0	0	0	0	0	0	0	0	0	0	0	0	0	0	0	0	0	0	0	0	0	0	0	0	136	0	0	0	0	0	0
f622	0	0	193	0	8304	6	0	17	0	0	88683	0	216	2976	0	0	0	289	0	16	0	0	0	0	0	3127	0	0	0	11	0	0	0	0	10	0	0	0	7	5	552	0	21	0	0	0	0	23	45	0	44	0	0	0	0	8	0	0	15	0	0	0	0	1251	337	0	0	0	0	0	0	0	0	0	0	0	0	0	0	0	197	0	0	0	0	0	12	42	0	0	0	0	0	23	8	0	0	0	0	0	43	0	0	369	20	0	0	225	0	0	0	110	0	1328	0	190	0	0	0	0	0	2984	335	350	0	0	9	0	0	0	0	21	206	0	0	0	145	18	0	0	0	0	0	228	0	4	0	65	0	0	0	2	0	0	0	0	11	0	0	2	0	0	10	43	0	0	12	52	0	0	4	59	0	0	0	0	0	0	0	0	0	7	4	0	0	0	0	0	0	0	13	30	0	0	0	0	2	0	0	0	0	97	0	0	0	0	0	0	61	0	0	0	0	0	0	0	0	0	0	0	0	48	0	0	0	0	0	0	0	0	0	0	0	0	0	0	0	0	0	0	0	0	0	70	0	0	0	0	0	0	0	0	0	0	0	0	85	0	0	0	0	0	0	0	0	0	0	0	16	0	0	60	0	0	233	0	0	0	0	0	32	0	0	0	0	0	0	0	0	0	0	0	0	0	0	0	0	0	0	0	0	0	0	0	0	0	0	0	0	0	46	0	0	0	0	0	0	0	5	0	1148	0	0	0	0	0	0	0	0	0	0	0	0	0	0	0	0	0	0	0	0	0	0	0	0	0	0	0	0	0	0	91	0	0	0	0	0	0	0	0	0	0	0	0	0	0	0	0	0	0	0	0	0	0	0	0	149	0	0	0	0	0	0
f651	0	7	34	0	47	0	0	3	0	0	64389	0	0	1076	0	0	0	44	0	0	0	0	0	0	0	4631	0	0	0	0	0	0	0	79	30	0	0	0	0	3	100	4	7	0	0	0	0	12	24	5	0	0	0	0	0	16	0	15	0	0	0	0	0	3195	83	0	0	0	0	0	0	0	0	0	0	0	0	0	0	0	114	0	0	9	0	0	8	0	0	0	0	0	0	29	0	0	0	0	0	0	10	0	0	37	18	0	0	2782	0	0	0	17	15	242	0	23	0	11	0	0	0	21979	118	10	0	0	0	0	0	0	0	477	369	0	0	0	12	27	0	0	0	0	112	35	0	0	15	0	0	0	0	0	287	0	0	0	16	3	0	0	0	0	3	0	0	0	0	25	0	0	0	17	0	0	0	0	8	0	0	0	0	0	0	0	0	0	0	0	0	0	4	41	0	0	0	0	0	0	0	0	0	5	2	0	5	0	0	0	0	0	0	0	0	0	0	0	0	0	0	0	0	14	0	0	0	0	0	0	0	0	0	0	0	0	0	0	0	0	0	0	0	0	0	15	0	0	185	0	0	0	0	0	0	0	0	0	0	0	0	0	0	0	0	0	0	0	0	0	7	0	0	0	32	0	0	0	0	0	0	0	10	0	0	0	0	0	0	0	0	0	0	0	0	0	0	0	0	0	0	0	0	0	0	0	0	0	0	0	0	0	129	0	0	0	0	0	0	0	0	0	800	0	0	0	0	0	0	0	0	0	0	0	0	0	0	0	0	3	7	0	0	0	0	0	0	0	0	0	0	0	0	7	0	0	0	0	0	0	0	0	0	0	0	0	0	0	0	0	0	0	0	0	0	0	0	0	63	0	0	0	0	0	0
f652	0	12	32	0	140	9	0	12	0	5	41579	0	18	154	0	0	0	112	0	7	0	0	0	20	0	3263	0	0	0	18	0	0	0	207	43	5	0	0	15	6	208	0	8	0	2	0	0	36	51	0	0	0	0	18	0	24	0	0	4	8	0	0	0	1768	291	0	0	0	0	0	0	0	0	0	0	0	0	0	120	0	154	0	0	40	0	0	38	0	0	0	7	0	0	118	7	0	0	0	0	0	43	0	0	164	31	0	0	2857	0	0	0	91	0	269	0	78	0	0	0	7	0	8113	131	20	0	0	19	0	0	0	0	2	47	0	0	0	64	2938	0	0	0	0	14	70	0	0	2	15	0	0	0	0	273	0	0	0	0	0	0	0	2	0	10	13	0	0	48	121	0	0	0	382	0	0	0	0	79	0	0	0	7	0	20	0	0	6	0	0	0	0	41	113	0	0	0	4	0	0	0	0	0	47	0	0	0	0	0	0	0	0	9	0	0	0	0	0	0	0	0	0	8	152	0	0	0	0	0	0	0	0	0	0	0	0	0	7	0	0	0	0	0	0	0	79	0	0	0	0	0	0	0	0	0	0	0	6	0	0	0	0	0	0	0	0	0	0	0	0	48	13	0	13	0	10	0	0	0	0	0	0	42	0	0	0	0	0	0	0	0	0	0	16	0	0	0	0	0	0	0	0	0	0	0	0	0	0	0	0	0	0	18	0	0	0	0	0	0	0	0	0	1827	10	0	0	0	23	0	0	0	0	0	0	0	0	0	0	0	27	8	0	0	0	0	0	0	0	0	0	0	0	0	17	0	0	0	0	0	0	0	0	0	0	0	0	0	0	0	0	0	0	0	0	0	0	0	0	110	0	0	0	0	0	0
f653	0	51	230	20	74	9	17	10	2	0	47454	0	39	723	0	0	8	193	0	27	0	8	0	11	0	5779	0	0	0	9	0	0	0	877	412	19	0	0	12	11	394	0	20	0	4	0	0	73	262	0	26	0	0	17	0	83	0	0	18	37	0	0	0	2996	678	0	0	0	0	0	0	0	0	0	0	0	0	0	8	0	261	0	0	64	0	0	116	38	0	0	11	0	0	347	39	47	0	0	0	0	90	0	0	349	81	0	0	3318	0	0	0	166	10	416	0	183	0	38	0	5	0	16422	189	77	0	0	60	0	0	0	0	21	313	0	0	0	135	4	0	0	0	0	149	159	0	0	0	54	0	3	0	5	440	0	0	0	16	0	0	0	0	0	31	9	0	0	86	54	0	0	0	698	0	0	0	0	224	0	0	0	20	0	26	0	0	21	0	0	0	0	59	230	59	0	0	0	0	0	0	0	0	0	0	0	0	0	0	23	28	0	0	0	0	0	0	0	0	0	0	0	12	205	0	0	0	0	0	0	0	0	0	0	0	0	0	8	0	0	0	20	0	0	0	216	0	0	0	0	0	0	0	0	0	0	0	0	10	0	0	0	0	0	0	0	0	0	0	0	61	0	0	30	0	0	0	0	0	0	0	0	84	0	0	0	0	0	33	0	0	0	0	14	0	0	0	0	0	0	0	0	0	0	0	0	0	22	0	0	28	0	37	0	0	0	0	6	0	0	0	0	3129	0	0	0	0	0	0	0	0	0	0	0	0	0	0	0	0	86	23	0	0	0	0	0	5	0	0	0	0	0	0	122	0	0	0	0	0	0	0	0	0	0	0	0	0	0	0	0	0	0	0	0	0	0	0	0	181	0	0	0	0	0	0
f654	0	18	205	0	45	12	17	0	0	0	49328	0	20	351	0	0	0	128	0	0	0	0	0	0	0	4325	0	0	0	6	0	0	0	390	84	9	0	0	12	8	294	0	30	0	0	0	0	41	74	0	12	0	0	6	0	47	0	8	0	19	0	0	0	2436	381	0	0	0	0	0	0	0	0	0	0	0	0	0	0	0	158	0	7	34	0	0	105	0	0	0	0	0	0	193	11	42	0	0	0	0	43	0	0	159	41	0	3	2877	0	0	0	135	14	312	0	149	0	14	0	4	0	14575	163	0	0	0	28	0	0	0	0	7	91	0	0	0	79	0	16	0	0	0	57	121	0	0	7	21	0	0	0	6	252	0	0	0	11	6	0	0	0	0	14	0	0	0	52	0	0	0	0	179	0	0	0	0	171	0	0	0	11	0	13	0	0	10	0	0	0	0	43	139	52	0	0	0	0	0	0	0	0	0	0	0	0	0	0	19	11	0	0	0	0	0	0	0	0	0	0	0	0	87	0	0	0	0	0	0	0	0	0	0	0	0	0	0	0	0	7	0	0	0	0	123	0	0	7	0	0	0	0	0	0	0	0	0	14	0	0	0	0	0	0	0	0	0	0	0	46	15	0	11	0	0	0	0	0	0	0	0	42	0	0	0	0	0	0	0	0	0	0	7	0	0	0	0	0	0	0	0	0	0	0	0	0	0	0	0	16	0	36	0	0	0	4	0	0	0	0	0	1935	0	0	0	0	0	0	0	0	0	0	0	0	0	0	0	0	54	14	0	0	0	0	0	0	0	0	0	0	0	0	128	0	0	0	0	0	0	0	0	0	0	0	0	0	0	0	0	0	0	0	0	0	0	0	0	95	0	0	0	0	0	0
f655	0	7	46	0	0	0	0	0	0	0	37181	0	16	116	0	0	0	32	0	8	0	0	0	0	0	1828	0	0	0	0	0	0	0	124	56	0	0	0	8	0	141	0	0	0	0	0	0	16	50	0	6	0	0	0	0	11	0	0	0	4	0	0	0	1114	119	0	0	0	0	0	0	0	0	0	0	0	0	0	0	0	71	0	0	6	0	0	18	4	0	0	4	0	0	33	9	11	0	0	0	0	11	0	0	68	12	0	4	3039	0	0	0	33	0	155	0	45	0	0	0	0	0	19818	117	0	0	0	0	0	0	0	0	0	31	0	0	0	22	0	7	0	0	0	23	47	0	0	0	8	0	0	0	0	280	0	0	0	0	0	0	0	0	0	0	0	0	0	12	0	0	0	0	76	0	0	0	0	58	0	0	0	7	4	5	0	0	6	0	0	0	0	0	27	0	0	0	0	0	0	0	0	0	0	0	0	0	0	0	0	0	0	0	0	0	0	0	0	0	0	0	0	0	26	0	0	0	0	0	0	0	0	0	0	0	0	0	6	0	0	0	0	0	0	0	53	0	0	0	0	0	0	0	0	0	0	0	0	0	0	0	0	0	0	0	0	0	0	0	0	12	0	0	5	0	0	0	0	0	0	0	0	8	0	0	0	0	0	0	0	0	0	0	0	0	0	0	0	0	0	0	0	0	0	0	0	0	0	0	0	0	0	103	0	0	0	0	0	0	0	0	0	3478	0	0	0	0	0	0	0	0	0	0	0	0	0	0	0	0	8	7	0	0	0	0	0	0	0	0	0	0	0	0	32	0	0	0	0	0	0	0	0	0	0	0	0	0	0	0	0	0	0	0	0	0	0	0	0	34	0	0	0	0	2	0
f656	0	0	1011	45	242	47	227	2	51	0	19089	0	264	110	0	0	0	521	46	171	0	0	0	941	0	9699	3	0	0	132	0	0	7	0	856	74	13	0	3	26	1094	0	0	0	86	0	0	0	1378	1527	377	61	271	305	59	0	14	1264	146	0	0	0	13	25	51	204	0	0	0	0	264	0	0	5	158	74	0	0	0	0	243	0	0	18	0	0	105	0	0	0	148	0	0	117	0	0	0	0	0	0	124	0	0	1556	105	0	0	36	0	0	136	0	0	332	127	0	0	707	0	0	0	235	215	0	0	210	140	140	23	0	0	530	576	0	19	0	0	46	0	0	0	49	0	112	13	0	0	118	0	0	4	0	17	0	0	0	0	0	0	115	20	0	52	0	0	0	24	10	0	73	0	251	0	0	14	0	0	12	0	0	0	233	0	0	40	17	0	201	26	11	29	44	0	0	150	15	0	0	0	0	50	503	729	0	0	0	0	190	0	0	464	33	0	0	0	0	0	0	0	28	0	330	0	0	0	68	0	0	4	0	0	37	0	0	0	130	0	96	0	31	0	0	0	0	0	71	0	0	0	0	99	0	101	0	0	0	0	0	0	0	0	0	149	217	14	0	0	0	0	7	0	4	128	94	0	13	3	0	7	0	0	62	64	59	10	0	481	179	0	0	0	0	0	0	59	0	0	141	0	0	0	0	0	0	0	0	0	0	0	71	51	0	0	35	0	0	0	0	488	188	94	546	0	5	0	180	0	0	0	0	0	0	0	0	0	0	91	0	0	0	61	0	0	45	0	0	0	0	0	24	81	0	0	172	0	841	0	0	0	16	22	0	0	0	5	0	0	34	0	0	0	0	814	0	8	0	0	0	31	26	137	0	27
f657	16	60	313	24	847	397	208	7	0	7	1452	0	223	1642	0	0	0	129	0	25	0	6	2	0	0	4198	0	0	0	14	0	0	71	888	404	0	0	0	29	111	867	0	9	173	14	0	9	55	179	185	21	277	0	9	196	0	0	3372	7	13	90	152	0	1311	281	0	361	0	12	16	256	0	0	0	0	0	0	0	154	0	229	18	88	116	0	6	64	75	0	0	12	0	0	155	109	184	184	66	0	0	31	98	0	277	461	62	5529	52	120	9	0	160	437	951	1320	36	161	3145	0	0	15	324	39	31	0	53	16	0	41	0	2	135	102	217	0	193	449	0	71	0	0	0	378	121	0	0	287	64	0	20	0	0	267	0	18	0	2	0	0	98	0	32	2	25	0	29	7	55	0	0	0	2200	1208	125	0	0	177	14	4	0	18	3611	35	0	51	17	75	0	0	0	58	41	0	0	0	0	12	0	0	0	0	179	692	44	0	0	0	35	12	0	60	0	17	0	0	0	0	35	0	0	0	86	46	0	0	0	0	0	0	0	0	26	0	0	0	99	0	0	5	339	0	0	22	55	0	0	4	9	362	81	177	529	0	0	0	0	25	0	64	0	0	21	153	47	0	0	4	0	35	0	0	6	0	0	0	0	0	0	0	233	11	0	0	0	0	0	925	0	9	0	0	12	6	0	0	0	0	0	27	0	0	0	0	0	0	193	11	6	0	48	14	0	0	0	0	0	0	0	0	158	76	0	0	0	5	122	0	0	0	0	12	0	0	0	0	5	0	17	17	0	507	0	39	1560	0	0	0	465	0	0	0	105	0	0	0	667	0	0	0	0	87	0	46	22	0	0	0	0	0	0	0	0	0	0	0	0	91	0	0	0	0	0	0
f658	0	26	47	18	129	8	7	5	0	4	48121	0	21	394	0	0	0	89	0	4	0	2	0	0	0	6088	0	0	0	0	0	0	0	298	26	0	0	0	20	0	238	0	31	0	0	0	0	25	18	0	3	0	0	0	0	11	0	0	13	20	0	0	0	6695	241	0	0	3	0	0	0	0	0	0	0	0	0	0	72	0	116	0	0	24	0	0	55	13	0	0	6	0	0	99	2	21	0	0	0	0	16	0	0	102	19	0	0	4418	0	2	0	57	35	872	0	125	0	48	0	0	0	11996	169	30	0	0	17	0	0	0	0	0	123	0	0	0	16	0	11	0	0	0	23	119	0	0	6	15	0	0	0	11	852	0	0	0	5	0	0	0	0	0	0	0	0	0	15	586	0	0	2	306	0	0	0	0	53	0	0	0	8	0	17	0	0	16	0	0	0	0	37	113	34	0	0	0	0	0	0	0	0	0	0	0	0	0	0	0	0	0	0	0	0	0	0	0	0	0	0	0	0	94	0	0	0	0	0	0	0	4	0	0	0	0	0	0	0	0	4	0	0	0	0	0	0	0	7	0	0	0	0	0	0	0	0	0	0	0	0	0	0	0	0	0	0	0	0	0	54	9	0	15	0	0	0	0	0	0	0	0	30	0	0	0	0	0	0	0	0	0	0	3	0	0	0	0	0	0	0	0	0	0	0	0	0	18	0	0	7	0	68	0	0	0	0	0	0	0	0	0	1329	21	0	0	0	0	0	0	0	0	0	0	0	0	0	0	0	20	13	0	0	0	0	0	9	0	0	0	0	0	0	49	0	0	0	0	0	0	0	0	0	0	0	0	0	0	0	0	0	0	0	0	0	0	0	0	115	0	0	0	0	0	0
f681	0	0	0	0	0	0	0	0	0	0	76828	0	0	0	0	0	0	0	0	0	0	0	0	0	0	1854	0	0	0	0	0	0	0	5	19	0	0	0	21	0	8	0	0	0	0	0	8	0	0	0	0	0	0	0	0	0	0	11	0	0	0	0	0	558	0	0	0	0	0	0	0	0	0	0	0	0	0	0	0	0	39	0	0	0	0	0	0	0	0	0	0	0	0	0	0	0	0	0	0	0	0	0	0	32	0	0	0	814	0	0	0	23	0	435	0	0	0	49	0	0	0	6927	14	0	0	0	0	0	0	0	0	0	0	0	0	0	0	0	0	0	0	0	0	0	0	0	0	0	0	0	0	0	0	0	0	0	0	0	0	0	0	0	0	9	0	0	0	0	0	0	0	2	8	0	0	0	0	0	0	0	0	0	0	0	0	0	0	0	0	0	0	0	0	0	0	0	0	0	0	0	0	0	0	0	0	0	0	0	0	0	0	0	0	0	0	0	0	0	0	0	0	0	0	0	0	0	0	0	0	0	0	0	0	0	0	0	0	0	0	0	0	0	0	0	0	0	28	0	0	0	0	0	0	0	0	0	0	0	0	0	0	0	0	0	0	0	0	0	0	21	0	0	0	0	0	0	0	0	0	0	0	0	0	0	0	0	0	0	0	0	0	0	0	0	0	0	0	0	0	0	0	0	0	0	0	0	0	0	0	0	24	0	0	0	0	0	0	0	0	0	78	0	0	0	0	0	0	0	0	0	0	0	0	0	0	0	0	0	0	0	0	0	0	0	0	0	0	17	0	0	0	10	0	0	0	0	0	0	0	0	0	0	0	0	0	0	0	0	0	0	0	0	0	0	0	0	0	0	0	0	0	0	0
f682	0	0	0	0	0	0	0	0	0	0	70268	0	2	0	0	0	0	0	0	0	0	0	0	0	0	384	0	0	0	0	0	0	0	0	8	0	0	0	9	0	0	0	0	0	0	0	0	0	0	0	0	0	0	0	0	0	0	0	0	0	0	0	0	160	0	0	0	0	0	0	0	0	0	0	0	0	0	0	0	0	16	0	0	0	0	0	0	0	0	0	0	0	0	0	0	0	0	0	0	0	0	0	0	0	0	0	0	485	0	0	0	0	0	116	0	0	0	29	0	0	0	462	3	0	0	0	0	0	0	0	0	0	4	0	0	0	4	0	0	0	0	0	0	0	0	0	0	0	0	0	0	0	11	0	0	0	0	0	0	0	0	0	0	0	0	0	0	9	0	0	0	0	4	0	0	0	0	0	0	0	0	0	7	0	0	0	0	0	0	0	0	0	0	0	0	0	0	0	0	0	0	3	0	0	0	0	0	0	0	0	0	0	0	0	0	0	0	0	0	0	0	2	0	0	0	0	0	0	0	0	0	0	0	0	0	0	0	0	0	0	0	0	0	0	0	0	15	0	0	0	0	0	0	0	0	0	0	0	0	0	0	0	0	0	0	0	0	0	0	0	0	0	0	0	0	0	0	0	0	0	0	0	0	0	0	0	0	0	0	0	0	0	0	0	0	0	0	0	0	0	0	0	0	0	0	0	0	11	0	0	26	0	0	0	0	0	0	0	0	0	21	0	0	0	0	0	0	0	0	0	0	0	0	0	0	0	0	0	0	0	0	0	0	0	0	0	0	62	0	0	0	0	0	0	0	114	0	0	0	0	0	0	0	0	0	0	0	0	0	0	0	0	0	0	0	0	0	0	0	0	0	0	0
f683	0	0	35	5	0	10	11	0	0	0	90519	0	26	0	0	0	0	13	0	9	0	0	0	0	0	1766	0	0	0	0	2	0	13	46	125	0	0	0	33	0	87	0	0	29	0	0	0	5	17	40	7	3	0	10	24	0	0	498	12	2	0	0	0	280	0	0	52	0	0	12	91	0	0	0	0	0	0	0	18	0	34	0	0	4	0	0	0	0	0	0	0	0	0	16	4	13	26	0	0	0	0	44	0	44	22	0	335	407	24	0	0	66	0	271	72	0	0	216	0	0	0	386	10	0	0	34	0	0	0	0	0	6	7	55	0	0	0	0	0	0	0	0	0	0	0	0	0	0	0	0	0	0	0	0	0	0	0	0	0	8	0	5	0	25	0	0	0	17	0	0	0	158	134	0	0	0	0	0	0	0	0	20	9	0	0	7	3	0	0	0	3	0	0	0	0	0	0	0	0	0	0	20	26	0	16	36	0	0	0	0	10	0	0	0	0	0	0	3	0	0	0	0	4	0	0	0	0	0	0	0	0	0	0	0	0	14	0	0	0	48	0	0	8	0	0	0	0	0	4	0	22	0	0	0	0	0	3	0	0	0	0	0	0	0	0	0	0	0	0	0	0	0	0	0	0	0	0	0	0	0	0	0	0	0	0	0	115	0	0	0	0	0	0	0	0	0	0	0	0	0	0	0	0	0	0	0	0	0	0	0	9	0	0	0	0	0	0	0	0	22	37	0	0	0	4	0	0	0	0	0	0	0	0	21	0	0	0	0	0	0	9	0	0	9	0	29	0	297	0	0	0	22	0	0	0	32	3	0	12	0	0	0	0	0	0	0	0	0	0	0	0	0	0	0	0	0	11	0	0	0	0	0	0
