feature	Oleiharenicola	Halomonas	Planifilum	Comamonadaceae_Genus	Hyphomicrobiales_Incertae_Sedis_Genus	Legionella	Pseudorhodoplanes	Blastococcus	Candidatus_Berkiella	Pseudomonadota_Genus	Pedosphaeraceae_Genus	Arthrospira_PCC.7345	Parachlamydiaceae_Genus	Phreatobacter	Fluviicoccus	Macrococcus	Flavobacterium	Caulobacter	Alphaproteobacteria_Genus	Candidatus_Paracaedibacter	Dechloromonas	Rickettsiaceae_Genus	Blastocatella	Rhodovarius	Chitinophagales_Genus	Culicoidibacter	Mycobacterium	Aquihabitans	Clostridium	Gammaproteobacteria_Genus	SWB02	Noviherbaspirillum	Crenobacter	Blfdi19_Genus	Streptococcus	Gemmata	X37.13_Genus	Chloroflexaceae_Genus	Haliangiaceae_Genus	Paracaedibacteraceae_Genus	Lutispora	Beijerinckiaceae_Genus	Piscinibacter	Nitrospira	Pseudobdellovibrionaceae_Genus	Gemmobacter	Rhodococcus	Frankiales_Genus	Bacillus	Phaselicystis	Mycobacteriales_Genus	Roseomonas	env.OPS_17_Genus	Pseudoxanthomonas	Pseudomonas	Pedomicrobium	Reyranella	JGI_0001001.H03	Chitinilyticum	Rhodocyclaceae_Genus	Candidatus_Bealeia	Luteolibacter	Hyphomicrobiales_Genus	Candidatus_Fritschea	Cytophagales_Genus	Gemmataceae_Genus	Ideonella	Enterobacterales_Genus	Micrococcus	Arthrobacter	Cetobacterium	Sphingorhabdus	SH.PL14	Planctomycetes_Genus	Burkholderiales_Genus	Paracoccaceae_Genus	Nocardioides	Lysobacter	Luteimonas	Candidatus_Megaira	Propionibacteriales_Genus	Bacillota_Genus	Aeromonas	Terrimonas	Leuconostoc	Psychromonas	Lactobacillus	Candidatus_Obscuribacter	Turneriella	Blastocatellaceae_Genus	Acinetobacter	Kineosporiaceae_Genus	Turicibacter	Larkinella	Pirellula	Burkholderia.Caballeronia.Paraburkholderia	bacteriap25_Genus	Fimbriimonadaceae_Genus	Brevifollis	Candidatus_Alysiosphaera	Granulosicoccus	Pajaroellobacter	IS.44	Bacteroidia_Genus	Sphaerotilus	Marmoricola	Emticicia	NS9_marine_group_Genus	Hyphomicrobium	Fusobacteriaceae_Genus	Cytophaga	IMCC26207	Gracilibacteria_Genus	Verrucomicrobiaceae_Genus	Candidatus_Protochlamydia	Armatimonadaceae_Genus	Anaerovorax	Shinella	DEV007_Genus	Microscillaceae_Genus	Fimbriiglobus	Paludibaculum	NS11.12_marine_group_Genus	Xanthobacteraceae_Genus	Vampirovibrionaceae_Genus	Microtrichales_Genus	Devosia	Saprospiraceae_Genus	Exiguobacterium	Ilumatobacter	Staphylococcus	Leeia	Brevundimonas	Chlamydiales_Genus	Cellvibrionaceae_Genus	Microtrichaceae_Genus	Ensifer	Novispirillum	Paucibacter	Unknown_Family_Genus	Telmatocola	Rhizobium	Panacibacter	Agitococcus	Desulfitibacter	Nocardia	Chitinophagaceae_Genus	Paenirhodobacter	Nitrosomonas	Aggregatilineales_Genus	Novosphingobium	Pseudobdellovibrio	Chitinibacter	Sphingomonas	Polyangiia_Genus	P3OB.42	Roseicella	Limnobacter	A21b_Genus	Moraxellaceae_Genus	Gaiellales_Genus	Sutterellaceae_Genus	Fluviicola	CM1G08	Niveibacterium	Vibrionaceae_Genus	Leucobacter	AAP99	SM2D12_Genus	Eremiobacteria_Genus	Vibrio	Candidatus_Ovatusbacter	Vampirovibrio	Shewanella	Bryobacteraceae_Genus	X11.24_Genus	Runella	Sphingomonadaceae_Genus	Rhodospirillaceae_Genus	Abditibacterium	Chitinivorax	Oligoflexaceae_Genus	Holosporaceae_Genus	Enterovirga	Stagnimonas	Rhizorhapis	Saccharimonadales_Genus	Micavibrionales_Genus	Rubrivivax	Neochlamydia	Bacteriovorax	Sandaracinaceae_Genus	Pseudomonadales_Genus	Chryseotalea	Ga0077536_Genus	Verrucomicrobiia_Genus	Phenylobacterium	Opitutaceae_Genus	Pasteurella	Chryseobacterium	Pedobacter	Paracoccus	Bdellovibrio	Sphingopyxis	Dyadobacter	Pseudoduganella	Vogesella	Aquabacterium	Kinneretia	Rhizobiaceae_Genus	Gordonia	OM190_Genus	cvE6_Genus	Pir4_lineage	Agromyces	JG30.KF.CM45_Genus	Sporocytophaga	Planctomycetota_Genus	mle1.27_Genus	Methylibium	Polymorphobacter	Caedibacter	Thermoleophilia_Genus	Bosea	MBNT15_Genus	Geminicoccaceae_Genus	Undibacterium	Stella	Neisseriaceae_Genus	TM7a	Mediterraneibacter	Pectobacteriaceae_Genus	Mariniblastus	X0319.6G20_Genus	Parvibium	Afipia	Pseudolysobacter	Citrobacter	Loigolactobacillus	Dinghuibacter	WY65	Thermus	Anaerolineae_Genus	Glutamicibacter	Sediminibacterium	Aminobacter	alphaI_cluster	Vampirovibrionales_Genus	Dietzia	Kapabacteriales_Genus	Chlamydiaceae_Genus	Cellvibrio	Acetobacteraceae_Genus	Tetragenococcus	Alicyclobacillus	Peptostreptococcus	Rheinheimera	LWQ8_Genus	Bacilli_Genus	Gemmatimonas	TRA3.20_Genus	SM1A02	Tundrisphaera	Aquicella	KD4.96_Genus	Curvibacter	PMMR1	Bradyrhizobium	Planctomycetales_Genus	OLB17	NB1.j_Genus	Vicinamibacteraceae_Genus	Flavihumibacter	PB19_Genus	Anaerocolumna	Altererythrobacter	Longivirga	Rhodospirillales_Genus	Deinococcus	BIrii41_Genus	Pirellulaceae_Genus	Pontibacter	SH3.11	Dechlorobacter	Kineococcus	Sphingobium	CL500.3	Ruminiclostridium	PeM15_Genus	Myxococcaceae_Genus	Barnesiellaceae_Genus	Pyrinomonadaceae_Genus	Vagococcus	Acetobacteroides	Variovorax	Aerococcaceae_Genus	Trueperella	Tautonia	Oxalobacteraceae_Genus	Serinicoccus	Oscillospiraceae_Genus	Granulicatella	Polyangiaceae_Genus	Opitutus	Lysobacteraceae_Genus	Gottfriedia	X67.14_Genus	Malacoplasma	RBG.13.54.9_Genus	Blastomonas	Cypionkella	Caldilineaceae_Genus	Cloacibacterium	Allomeiothermus	Paraconexibacter	Silvanigrellaceae_Genus	Defluviimonas	Rhodovastum	Massilia	Parageobacillus	Thermomicrobiales_Genus	Thermodesulfobacteriota_Genus	Fuscovulum	Paraclostridium	Alcaligenaceae_Genus	Hirschia	Methylorubrum	Candidatus_Captivus	Lacibacter	Brevitalea	Spirosomataceae_Genus	Sporichthyaceae_Genus	Enterococcus	Gemmatimonadaceae_Genus	Rubritaleaceae_Genus	Peredibacter	Campylobacterales_Genus	Weissella	Stenotrophomonas	Nevskiaceae_Genus	DEV114	Simkaniaceae_Genus	Azospira	Plesiomonas	Lactococcus	OLB12	Aneurinibacillus	Arsenicibacter	Bythopirellula	Sporomusaceae_Genus	Acidiferrimicrobium	Chitinimonas	Levilactobacillus	Lysinibacillus	Sandaracinus	Raineya	Hydrogenophaga	Cyclobacteriaceae_Genus	Neorickettsia	Acidovorax	Rhodopseudomonas	Kocuria	Polyangiales_Genus	Elsteraceae_Genus	Methyloligellaceae_Genus	Mesorhizobium	Pseudorhizobium	Hassallia	Nannocystis	Isosphaeraceae_Genus	Chthoniobacter	Aureimonas	Permianibacter	Geodermatophilus	Hyphomonadaceae_Genus	Nordella	Delftia	Steroidobacter	Actinoplanes	Rothia	Corynebacterium	Elstera	Latilactobacillus	Marinomonas	IMCC26134	oc32	Parcubacteria_Genus	Ferruginibacter	Flectobacillus	Ligilactobacillus	Desulfotomaculum	Rubripirellula	Obscuribacteraceae_Genus	Anaerospora	Thermobrachium	Peptostreptococcaceae_Genus	Romboutsia	Babeliales_Genus	Carnobacterium	SJA.28_Genus	Aeromicrobium	AKYH767_Genus	Nitriliruptoraceae_Genus	Bordetella	Derxia	Haliscomenobacter	Acidibacter	Chitinibacteraceae_Genus	Ramlibacter	Babeliaceae_Genus	Nocardiaceae_Genus	Perlucidibaca	Coxiella	Aurantisolimonas	Agrobacterium	Anaerotaenia	CL500.29_marine_group
f16	0	0	0	0	0	21	0	9	0	0	8	0	0	151	8	0	777	5	0	0	737	0	0	0	0	3617	7	20	5	121	0	0	1869	0	0	0	0	0	5	0	0	0	0	0	12	116	8	0	0	0	0	16	0	0	3289	0	0	0	356	0	0	0	0	0	2	0	0	0	0	0	581	0	0	0	12	209	0	0	18	0	0	0	58296	0	0	0	0	0	0	0	30	0	0	0	7	4	0	0	0	0	0	0	0	56	0	0	71	0	0	0	0	6	3	0	0	0	0	0	0	0	0	0	0	0	0	0	0	0	0	0	0	0	0	0	0	0	0	0	3560	0	0	14	0	16	0	0	0	52	0	0	0	0	0	0	0	0	0	0	5	0	0	232	225	0	3996	0	0	0	0	0	0	0	0	434	0	0	0	0	0	0	0	0	4	0	0	0	0	0	0	0	0	0	0	3	0	18	0	0	0	0	0	0	23	0	0	24	0	0	0	0	0	0	0	0	0	0	0	0	0	0	0	0	0	32	0	0	115	0	0	0	0	0	0	0	0	0	0	0	0	46	0	0	0	27	0	0	0	0	0	0	0	245	0	0	0	0	0	0	0	0	0	0	23	0	0	0	0	0	0	0	0	0	0	0	0	0	0	0	8	0	0	0	0	0	0	0	0	0	0	0	5	0	0	0	0	0	0	0	0	0	0	0	0	0	0	0	0	11	0	0	0	0	33	0	0	0	0	0	0	0	0	0	0	0	0	0	0	0	0	0	0	0	0	0	0	0	0	0	4	0	0	0	0	64	11	0	0	0	0	0	0	0	0	0	0	0	0	0	0	0	0	0	0	0	0	0	0	0	0	0	0	0	0	0	0	0	0	0	0	0	4	4	0	0	0	0	0	0	0	0	0	0	0	0	0	0	0	0	0	0	0	0	0	0	0	0	0	0	0	0	0	0	0	120	0	0	0
f17	0	0	0	5	71	110	0	0	0	0	23	0	0	1116	0	0	163	5	0	0	1877	0	0	0	0	4054	38	107	140	304	0	0	3073	0	8	7	0	0	0	0	0	0	0	0	33	338	19	0	0	0	0	330	2	0	996	5	0	0	399	0	0	0	0	0	0	19	0	0	0	0	6278	0	24	0	8	1410	0	0	0	0	0	0	27387	0	0	0	0	0	0	0	29	0	0	0	18	0	0	0	0	0	0	0	0	0	0	0	0	0	0	0	0	22	0	0	0	0	0	0	0	0	9	0	0	0	0	0	0	0	0	0	0	0	0	23	0	0	99	0	1787	0	0	41	0	0	0	0	0	496	0	0	0	0	0	0	0	0	0	0	0	0	0	313	146	0	986	0	0	0	0	0	5	0	0	170	0	0	0	0	0	0	0	0	0	0	0	0	0	0	44	5	0	0	0	0	0	31	0	0	0	0	0	0	6	0	0	0	0	0	0	0	7	0	0	5	4	2	0	0	0	0	0	0	0	37	0	0	0	0	0	0	0	0	0	26	0	0	0	0	0	426	0	0	0	0	0	0	0	0	0	0	0	2	0	0	0	0	0	0	0	0	0	0	412	0	0	0	0	20	0	0	0	0	0	0	0	0	19	0	0	0	0	0	37	0	0	0	0	0	0	0	10	0	0	0	0	0	0	0	0	0	0	0	0	0	0	0	0	3	0	0	9	0	16	0	0	0	0	115	0	0	0	0	0	0	0	0	0	0	0	0	0	0	0	0	0	0	0	0	0	0	0	0	0	190	0	0	0	0	0	0	0	0	0	0	0	0	0	0	0	0	0	0	0	0	0	0	0	0	0	0	0	0	0	0	0	0	0	0	0	0	0	0	0	0	0	0	0	0	0	0	0	0	0	0	0	0	0	0	0	0	0	0	0	0	0	0	0	0	0	0	0	0	0	785	0	0	0
f18	0	0	0	14	0	20	0	2	0	0	0	0	0	192	0	0	28	0	0	0	358	0	0	0	0	1927	7	11	30	41	0	0	1269	0	9	0	0	0	0	0	0	0	0	0	2	71	5	0	0	0	0	55	0	0	289	0	0	0	166	0	0	0	0	0	0	0	0	0	0	0	4358	0	0	0	0	184	0	0	0	0	0	0	50350	0	0	0	0	0	0	0	6	0	0	0	0	0	0	0	0	0	0	0	0	0	0	0	0	0	0	0	0	5	0	0	0	0	0	0	0	0	0	0	0	0	0	0	0	0	0	0	0	0	0	8	0	0	9	0	220	0	0	7	0	0	0	0	0	101	0	0	0	0	0	0	0	0	0	0	0	0	0	65	0	0	265	0	0	0	0	0	0	0	0	242	0	0	0	0	0	0	0	0	0	0	0	0	0	0	9	0	0	0	0	0	0	4	0	0	0	0	0	0	0	0	0	0	0	0	0	0	0	0	0	0	2	0	0	0	0	0	0	0	0	14	0	0	0	0	0	0	0	0	0	0	0	0	0	0	0	74	0	0	0	0	0	0	0	0	0	0	0	0	0	0	0	0	0	0	10	0	0	0	61	0	0	0	0	0	0	0	0	0	0	0	0	0	5	0	0	0	0	0	0	0	0	0	0	0	0	0	0	0	0	0	0	0	0	0	0	0	0	0	0	0	0	0	0	0	0	0	0	0	0	0	0	0	0	23	0	0	0	0	0	0	0	0	0	0	0	0	0	0	0	0	0	0	0	0	0	0	0	0	0	186	2	0	0	0	0	0	0	0	0	0	0	0	0	0	0	0	0	0	0	0	0	0	0	0	0	0	0	0	0	0	0	0	0	0	0	0	0	0	0	0	0	0	0	0	0	0	0	0	0	0	0	0	0	0	0	0	0	0	0	0	0	0	0	0	0	0	0	0	0	112	0	0	0
f19	0	0	0	0	2	41	0	0	0	0	5	0	0	659	0	0	349	0	4	0	935	0	0	0	0	3942	13	50	4	180	0	0	2664	0	0	0	0	0	0	0	0	0	0	0	6	220	0	0	0	0	0	166	0	0	686	0	0	0	344	17	0	0	0	0	0	3	0	7	0	0	6376	0	5	0	0	666	0	0	0	0	0	0	39100	0	0	0	0	0	0	0	8	0	0	0	0	0	0	0	0	0	0	0	0	0	0	0	0	0	0	0	0	0	0	0	0	0	0	0	0	0	0	0	0	0	0	0	0	0	0	0	0	0	0	8	0	0	17	0	2319	0	0	0	0	0	0	0	0	151	0	0	0	0	0	0	0	0	0	0	0	0	0	323	185	0	367	0	0	0	0	0	0	0	0	114	0	0	0	0	0	0	0	0	0	0	0	0	0	0	17	0	0	0	0	0	0	62	0	0	0	0	0	0	0	0	0	0	0	0	0	0	4	0	0	0	0	0	0	0	0	0	0	0	0	47	0	0	0	0	0	0	0	0	0	3	0	0	0	0	0	175	0	0	0	0	0	0	0	0	0	0	0	19	0	0	0	0	0	0	0	0	0	0	121	0	0	0	0	6	0	0	0	0	0	0	0	0	0	0	0	0	0	0	0	0	0	0	0	0	0	0	13	0	0	0	0	0	0	0	0	0	0	0	0	0	0	0	0	0	0	0	0	0	24	0	0	0	0	35	0	0	0	0	0	0	0	0	0	0	0	0	0	0	0	0	0	0	0	0	0	0	0	0	0	360	0	0	0	0	0	0	0	0	0	0	0	0	0	0	0	0	0	0	0	0	0	0	0	0	0	0	0	0	0	0	0	0	0	0	0	0	0	0	0	0	0	0	0	0	0	0	0	0	0	0	0	0	0	0	0	0	0	0	0	0	0	0	0	0	0	0	0	0	0	354	0	0	0
f20	0	0	0	10	98	175	8	0	0	0	50	0	3	1679	0	0	219	10	0	0	2893	0	0	0	0	4373	155	178	9	580	0	0	3590	0	0	27	0	0	0	0	0	0	0	0	37	503	37	0	0	0	0	538	0	0	1688	5	0	0	225	0	0	0	0	0	3	15	0	4	0	0	5772	0	27	0	12	2016	3	0	4	0	0	7	21442	0	0	0	0	0	0	0	29	0	0	0	46	0	0	0	0	0	0	0	0	0	0	4	0	0	0	0	0	30	0	0	3	0	0	0	0	0	12	0	0	0	0	8	20	0	0	0	0	0	0	69	0	0	295	0	4821	0	0	86	0	0	0	30	0	1077	0	0	0	0	0	0	0	0	0	0	0	0	5	463	297	0	1065	0	0	0	0	0	0	0	0	133	0	0	0	0	0	0	0	0	0	0	0	0	0	0	53	7	0	0	0	0	0	25	0	0	0	0	0	0	0	0	0	0	0	0	0	0	25	0	0	20	11	5	0	0	0	0	0	0	0	56	4	0	0	0	0	0	0	6	0	20	0	0	0	0	0	666	0	0	0	0	0	0	0	0	0	0	0	45	0	0	0	0	0	0	0	0	0	0	523	0	0	0	0	50	0	0	0	0	0	0	0	0	11	0	0	0	0	0	31	0	0	0	0	0	0	0	0	0	0	0	0	0	0	0	0	0	0	0	0	0	0	0	0	0	0	0	37	0	37	0	0	0	0	112	0	0	0	0	91	28	0	0	0	0	0	0	0	0	0	0	0	0	0	0	0	0	0	0	0	154	0	0	0	0	0	0	0	0	0	0	0	0	0	0	0	0	79	0	0	0	0	0	0	0	0	0	0	0	0	0	0	0	0	0	0	0	0	0	0	0	0	0	0	0	0	0	0	0	0	0	0	0	0	0	0	0	0	0	0	0	0	0	0	0	0	0	0	0	0	1202	0	0	0
f46	36	0	0	310	75	172	0	0	0	0	560	0	0	1208	0	0	521	51	0	23	1627	3	5	0	4	211	185	54	666	227	36	3	558	0	0	167	2	0	1808	5	0	0	18	93	258	1444	92	0	0	13	0	120	994	4	2386	35	22	0	35	12	0	35	0	0	4659	101	0	0	0	0	3008	143	57	0	6	2545	10	0	95	0	0	0	19774	0	0	0	0	221	22	0	0	0	0	0	58	0	0	3	30	0	0	34	0	190	156	0	57	4	0	0	106	18	10	0	0	38	0	0	0	33	355	3	0	0	0	0	6	223	0	0	0	0	0	0	0	0	88	0	1434	0	86	308	0	210	0	50	4	265	131	0	13	79	0	0	38	8	4	0	0	0	0	222	158	0	574	0	0	0	0	53	0	2	0	22	0	4	31	0	0	0	0	0	0	0	0	4	0	0	0	0	0	76	0	2239	6	0	0	9	0	0	0	12	100	8	0	10	0	107	0	46	158	320	2	19	0	4	0	0	18	0	0	0	0	132	3	0	435	0	0	0	0	0	0	25	0	0	68	0	0	605	13	0	0	10	88	0	19	0	0	61	0	295	0	0	0	0	5	0	0	0	0	0	981	0	0	17	0	178	0	0	9	41	0	0	0	0	19	0	0	48	0	0	0	0	0	0	0	0	0	0	6	11	0	0	0	0	0	0	0	0	0	0	0	10	0	0	0	0	2	0	0	0	86	0	4	0	0	0	0	0	0	0	71	0	0	6	0	0	0	0	0	0	0	16	0	0	0	0	0	3	0	0	0	109	0	43	0	0	0	243	0	0	0	0	3	0	66	0	0	56	16	122	0	5	0	0	0	47	0	0	0	0	0	0	0	17	0	0	0	0	0	1178	0	0	0	0	0	0	0	0	0	0	21	0	0	0	0	0	0	0	0	0	0	0	0	631	0	0	0	0	0	0	0	434	0	0	0
f47	0	0	0	33	31	256	0	0	0	0	3	0	0	1028	0	0	99	79	0	0	1178	0	0	0	0	289	156	43	202	281	0	0	679	0	6	11	0	0	0	0	0	0	0	0	33	1149	0	0	0	0	0	85	0	0	3930	10	7	0	176	0	0	11	0	0	24	0	0	8	0	0	457	0	50	0	0	2325	10	0	0	0	0	0	50034	0	0	0	0	72	0	0	0	14	0	0	47	0	0	0	0	0	0	0	0	0	0	0	0	0	0	0	0	22	0	0	0	0	0	0	0	0	0	0	0	3	0	2	0	0	0	0	0	0	0	0	0	0	67	0	1396	0	0	380	0	0	0	13	0	160	0	0	0	0	0	0	0	0	0	0	0	0	0	190	143	0	247	0	0	0	0	0	0	0	0	49	0	0	0	0	0	0	0	4	0	0	0	0	0	0	0	0	0	0	0	14	0	3	0	0	0	0	0	0	0	0	0	0	0	0	0	17	0	0	0	0	0	3	0	0	0	0	0	0	0	127	8	0	9	0	0	0	0	0	0	15	0	0	0	0	0	698	0	0	0	0	0	0	0	0	0	0	0	124	0	0	0	0	0	0	0	0	0	0	746	0	0	0	0	124	0	0	0	0	0	0	0	0	14	0	0	0	0	0	9	0	0	0	0	0	9	0	0	0	0	0	0	0	0	0	0	0	0	0	0	0	0	0	0	0	0	0	0	0	941	0	0	0	0	3	0	0	0	0	0	0	0	0	0	0	0	0	0	0	0	0	0	0	0	0	0	0	0	0	0	92	0	0	0	0	0	77	0	0	0	0	0	0	0	0	0	0	0	0	0	0	0	0	0	0	0	5	0	0	0	0	0	0	0	0	0	0	0	5	0	0	0	0	0	0	0	0	0	0	16	0	0	6	0	3	0	0	0	0	0	0	0	0	0	0	0	0	0	0	0	521	0	0	0
f48	158	0	3	702	33	13	0	34	0	0	60	0	0	839	0	0	93	5	0	0	1430	0	0	0	0	47	645	0	16	134	8	0	831	0	6	104	0	0	540	31	0	0	0	53	5	42	255	0	0	0	0	0	562	0	6091	41	0	0	9	0	0	0	0	0	268	91	0	0	16	0	229	66	14	0	4	303	48	42	654	0	0	0	4433	0	0	0	0	49	21	0	0	4	0	0	46	0	0	0	21	0	0	5	0	836	312	0	1048	0	0	0	9	0	3342	24	0	0	0	0	0	0	0	0	0	0	0	0	0	20	0	0	0	73	0	0	0	13	54	0	7083	0	0	32	0	0	0	173	58	224	65	0	153	29	0	19	13	0	0	0	0	0	0	0	230	0	4845	0	0	0	0	48	0	0	0	0	0	0	151	0	0	0	0	0	0	0	0	0	0	0	0	0	0	24	0	243	0	0	14	0	0	0	0	56	4019	0	0	5194	22	675	0	1610	128	36	0	0	0	9	0	0	36	0	0	0	0	83	0	0	3281	0	39	0	0	0	0	3	0	0	34	0	0	36	0	0	0	0	135	0	0	0	0	5	0	3624	0	0	0	0	0	0	0	0	0	0	176	0	0	0	0	41	0	0	0	3	0	0	0	0	0	0	0	7	0	0	0	0	0	0	0	0	0	0	6	0	0	0	0	0	0	0	0	0	0	0	0	0	0	0	0	0	0	25	0	0	160	0	0	0	0	0	0	0	0	0	205	0	0	25	0	0	0	0	0	0	0	0	0	0	0	0	0	0	0	0	0	37	0	0	0	0	0	54	0	0	0	0	0	0	0	0	0	66	0	0	0	7	0	0	0	0	0	0	0	0	0	0	0	0	0	0	0	0	0	58	0	0	0	0	0	44	0	0	0	0	0	0	0	0	0	0	0	0	0	0	0	0	0	280	0	0	0	0	0	0	0	54	0	0	0
f49	0	0	0	0	9	150	0	4	0	0	21	0	0	574	0	0	129	37	0	0	538	0	0	0	0	669	103	44	239	227	0	0	1112	0	0	5	0	0	0	0	0	0	0	0	34	947	0	0	0	0	0	59	0	0	2078	0	0	0	309	0	0	27	0	0	0	21	0	0	0	0	1017	0	76	0	0	1610	0	0	0	0	0	0	75047	0	0	0	0	64	0	0	0	0	0	0	48	0	0	0	0	0	0	0	0	0	0	0	0	0	0	0	0	18	0	0	3	0	0	0	0	0	0	0	0	0	0	0	0	0	0	0	0	0	0	0	0	0	29	0	1540	0	0	188	0	0	0	0	0	122	0	0	0	0	0	2	0	0	0	0	0	0	0	282	192	0	437	0	0	0	0	0	0	0	0	104	0	0	0	0	0	0	0	0	0	0	0	0	0	0	14	0	0	0	0	9	0	0	0	0	0	0	0	0	0	0	0	0	0	0	0	0	0	0	0	14	0	0	0	0	0	0	0	0	0	71	0	0	0	0	0	0	0	0	0	11	0	0	0	0	0	361	0	0	0	0	0	0	5	0	0	0	0	45	0	0	0	0	0	0	0	0	0	0	522	0	0	0	0	63	0	0	0	0	0	0	0	0	18	0	0	0	0	0	6	0	0	0	0	0	7	0	11	0	0	0	0	0	0	0	0	0	0	0	0	0	0	0	0	4	0	0	0	0	207	0	0	0	0	0	0	0	0	0	0	0	0	0	0	0	0	0	0	0	0	0	0	0	0	0	0	0	0	0	0	191	0	0	0	0	0	0	0	0	0	0	0	0	0	0	0	0	0	0	0	0	0	0	0	0	0	0	0	0	0	0	0	0	0	0	0	0	0	0	0	0	0	0	0	0	0	0	0	0	24	0	0	0	0	6	0	0	0	0	0	0	0	0	0	0	0	0	0	0	0	320	0	0	0
f50	0	0	0	0	0	60	0	0	0	0	0	0	0	135	0	0	19	6	0	0	546	0	0	0	0	173	26	5	22	35	0	0	198	0	16	0	0	0	0	0	0	0	0	0	6	204	0	0	0	0	0	0	0	0	1300	0	0	0	132	0	0	0	0	0	0	4	0	0	0	0	297	0	6	0	17	417	0	0	0	0	0	0	54182	0	0	0	0	15	0	0	0	0	0	0	9	0	0	0	0	0	0	0	0	0	0	0	0	0	0	0	0	0	0	0	0	0	0	0	0	0	0	0	0	0	0	0	0	0	0	0	0	0	0	0	0	0	18	0	295	0	0	64	0	0	0	0	0	38	0	0	0	0	0	0	0	0	0	0	0	0	0	49	45	0	111	0	0	0	0	0	0	0	0	19	0	0	0	0	0	0	0	0	0	0	0	0	0	0	0	0	0	0	0	0	0	0	0	0	0	0	0	0	0	0	0	0	0	0	0	0	0	0	0	0	0	0	0	0	0	0	0	0	0	18	5	0	0	0	0	0	0	0	0	0	0	0	0	0	0	161	0	0	0	0	0	0	0	0	0	0	0	8	0	0	0	0	0	0	0	0	0	0	174	0	0	0	0	33	0	0	0	0	0	0	0	0	0	0	0	0	0	0	0	0	0	0	0	0	0	0	0	0	0	0	0	0	0	0	0	0	0	0	0	0	0	0	0	18	0	0	0	0	80	0	0	0	0	0	0	0	0	0	0	0	0	0	0	0	0	0	0	0	0	0	0	0	0	0	0	0	0	0	0	23	0	0	0	0	0	0	0	0	0	0	0	0	0	0	0	0	0	0	0	0	0	0	0	0	0	0	0	0	0	0	0	0	0	0	0	0	0	0	0	0	0	0	0	0	0	0	0	0	0	0	0	0	0	0	0	0	0	0	0	0	0	0	0	0	0	0	0	0	0	87	0	0	0
f76	0	0	0	0	0	0	0	0	0	0	0	0	0	60	0	0	47	0	0	0	0	0	0	0	0	5347	18	2	0	35	0	0	2165	0	0	0	0	0	0	0	0	0	0	0	0	107	0	0	0	0	0	25	0	0	673	0	0	0	1725	0	0	0	0	0	11	7	0	0	0	0	21934	0	2	0	3	233	0	0	0	0	0	0	16260	0	0	0	0	0	0	0	0	0	0	0	0	0	0	0	0	0	0	0	0	0	0	0	0	0	0	0	0	0	0	0	0	0	0	0	0	0	0	0	0	0	0	0	0	0	0	0	0	0	0	0	0	0	11	0	1211	0	0	0	0	0	0	0	0	74	0	0	0	0	0	0	0	0	0	0	0	0	0	0	0	0	0	0	0	0	0	0	0	0	0	438	0	0	0	0	0	0	0	0	0	0	0	0	0	0	0	0	0	0	0	3	0	9	0	0	0	0	0	0	0	0	0	0	0	0	0	0	0	0	3	0	222	0	0	0	0	0	0	0	0	33	0	0	0	0	0	0	0	0	0	0	0	0	0	0	0	0	0	0	0	0	0	0	0	0	0	0	0	0	0	0	0	0	0	0	0	0	0	0	78	0	0	0	0	0	0	0	0	0	0	0	0	0	0	0	0	0	0	0	0	0	0	0	0	0	0	0	6	0	0	0	0	0	0	0	0	0	0	0	0	0	0	0	0	27	0	0	0	0	0	0	0	0	0	0	0	0	0	0	0	0	0	0	0	0	0	0	0	0	0	0	0	0	0	0	0	0	0	0	0	1032	0	0	0	0	0	0	0	0	0	0	0	0	0	0	0	0	0	0	0	0	0	0	0	0	0	0	0	0	0	0	0	0	0	0	0	0	0	0	0	0	0	0	0	0	0	0	0	0	0	0	0	0	0	0	0	0	0	0	0	0	0	0	0	0	0	0	0	0	0	0	0	0	0
f77	0	0	0	12	8	26	0	0	0	0	10	0	0	187	0	0	124	0	0	0	129	0	0	0	0	2704	39	16	13	218	0	0	3834	0	0	13	0	0	117	0	0	0	0	0	0	246	0	0	0	0	0	57	32	0	1273	14	3	0	885	0	0	0	2	0	368	18	0	0	0	0	8143	0	8	0	5	618	0	0	58	0	0	0	23050	0	0	0	0	5	0	0	0	0	0	0	16	0	0	0	0	0	0	0	0	67	115	0	7	0	0	0	10	0	0	0	0	0	0	0	0	0	25	0	0	0	0	0	0	30	0	0	0	0	0	0	0	0	26	0	2251	0	11	43	0	20	0	0	0	314	24	0	0	0	0	0	3	0	9	0	0	0	0	12	37	0	10	0	0	0	0	5	0	0	0	320	0	0	0	0	0	0	0	0	0	0	0	0	0	0	0	8	0	0	2	49	0	21	0	0	0	0	0	0	7	0	0	0	0	13	0	0	0	22	3	0	358	3	0	0	0	0	0	0	0	62	3	0	43	0	0	0	0	0	0	0	0	0	3	0	0	0	3	0	0	0	15	0	0	0	0	0	0	111	0	0	0	0	8	0	0	0	0	0	373	0	0	0	0	0	0	0	0	0	0	0	0	0	0	0	0	0	0	0	0	0	0	0	0	0	0	0	0	0	0	0	0	0	0	0	0	0	0	0	0	0	0	0	0	12	0	0	19	0	0	0	0	0	0	0	0	0	0	0	30	0	0	0	0	0	0	0	0	0	0	0	0	0	0	0	0	0	0	4	0	365	0	0	0	0	0	0	0	0	0	0	0	0	0	0	0	12	23	0	0	4	0	0	0	0	0	0	0	0	0	0	0	0	0	0	0	0	0	111	0	0	0	0	0	0	0	0	0	0	0	0	0	0	0	0	0	0	0	0	0	0	0	178	0	0	0	0	0	0	0	28	0	0	0
f78	0	0	0	0	0	21	0	4	0	0	0	0	0	175	0	0	115	0	0	0	0	0	0	0	0	5303	31	0	0	121	0	0	845	0	0	0	0	0	0	0	0	0	0	0	0	118	0	0	0	0	0	23	0	0	497	0	3	0	263	0	0	0	5	0	22	7	0	0	0	0	17466	0	7	0	4	402	0	0	0	0	0	0	26073	0	0	0	0	0	0	0	0	0	0	0	12	0	0	0	0	0	0	0	0	0	0	0	0	0	0	0	0	0	0	0	0	0	0	0	0	0	0	0	0	0	0	0	0	0	0	0	0	0	0	0	0	0	13	0	2875	0	0	0	0	0	0	0	0	343	0	0	0	0	0	0	0	0	8	0	0	0	0	0	65	0	3	0	0	0	0	0	0	0	0	159	0	0	0	0	0	0	0	0	0	0	0	0	0	0	0	7	0	0	0	0	0	20	0	0	0	0	0	0	0	0	0	0	0	0	0	0	0	0	0	0	357	5	0	0	0	0	0	0	0	53	0	0	0	0	0	0	0	0	0	0	0	0	0	0	0	0	0	0	0	0	0	0	0	0	0	0	0	7	0	0	0	0	0	0	0	0	0	0	294	0	0	0	0	0	0	0	0	0	0	0	0	0	0	0	0	0	0	0	0	0	0	0	0	0	0	0	0	0	0	0	0	0	0	0	0	0	0	0	0	0	0	0	0	22	0	0	0	0	0	0	0	0	0	0	0	0	0	0	0	0	0	0	0	0	0	0	0	0	0	0	0	0	0	0	0	0	0	0	0	231	0	0	0	0	0	0	0	0	0	0	0	0	0	0	0	0	0	0	0	0	0	0	0	0	0	0	0	0	0	0	0	0	0	0	0	0	0	0	0	0	0	0	0	0	0	0	0	0	0	0	0	0	0	0	0	0	0	0	0	0	0	0	0	0	0	0	0	0	0	0	0	0	0
f79	0	0	0	0	0	25	0	6	0	0	0	0	0	158	0	0	146	0	0	0	0	0	0	0	0	8101	23	0	0	256	0	0	6997	0	0	7	0	0	0	0	0	0	0	0	2	201	0	0	0	0	0	28	0	0	987	0	12	0	316	0	0	0	0	0	134	20	0	3	0	0	16126	0	9	0	0	698	0	0	0	0	0	6	10369	0	0	0	0	0	0	0	0	0	0	0	11	0	0	0	0	0	0	0	0	0	0	0	0	0	0	0	0	0	0	0	0	0	0	0	0	0	0	0	0	0	0	0	0	0	0	0	0	0	0	0	0	0	29	0	6266	0	0	0	0	6	0	0	0	167	0	0	0	0	0	0	0	0	10	0	0	0	0	0	107	0	0	0	0	0	0	0	0	0	0	103	0	0	0	0	0	0	0	0	0	0	0	0	0	0	0	0	0	0	0	0	0	101	0	0	0	0	0	0	0	0	0	0	0	0	0	0	0	0	7	0	841	0	0	0	0	0	0	0	0	125	0	0	0	0	0	0	0	0	0	0	0	0	0	0	0	0	0	0	0	0	14	0	0	0	0	0	0	34	0	0	0	0	0	0	0	0	0	0	289	0	0	0	0	0	0	0	0	0	0	0	0	0	0	0	0	0	0	0	4	0	0	0	0	0	0	0	0	0	0	0	0	0	0	0	0	0	0	0	0	0	0	0	0	14	0	0	0	0	0	0	0	0	0	0	0	0	0	0	0	0	0	0	0	0	0	0	0	0	0	0	0	0	0	0	0	0	0	0	0	2784	0	0	0	0	0	0	0	0	0	0	0	0	0	0	0	0	0	0	0	0	0	0	0	0	0	0	0	0	0	0	0	0	0	0	0	0	0	0	0	0	0	0	0	0	0	0	0	0	0	0	0	0	0	0	0	0	0	0	0	0	0	0	0	0	0	0	0	0	0	0	0	0	0
f80	7	0	0	143	37	112	0	0	0	0	261	0	0	345	0	0	378	11	2	4	1680	0	7	0	0	2197	449	37	528	201	0	0	1928	0	5	19	0	0	662	0	0	0	0	28	84	459	0	0	0	7	0	55	178	0	1472	22	16	0	563	28	0	0	0	0	2700	58	0	0	0	0	9539	82	36	0	8	927	0	0	25	0	0	0	23906	16	0	0	0	87	11	0	0	0	0	0	22	0	0	0	9	0	0	0	0	117	140	0	8	0	5	0	57	0	18	0	0	0	0	0	0	10	65	0	0	0	0	0	22	117	0	0	0	0	0	0	0	0	72	0	1778	0	22	138	0	272	0	41	0	227	40	0	0	3	0	0	28	0	0	0	0	0	0	36	113	0	146	0	0	0	0	9	13	0	0	156	0	9	43	0	0	0	0	0	7	0	0	0	0	0	0	0	0	21	0	655	0	26	0	0	0	0	0	0	153	0	0	0	0	49	0	59	160	85	0	2	284	3	0	0	0	0	0	0	0	57	0	0	333	0	0	0	0	0	0	5	0	0	0	0	0	153	9	0	0	0	71	0	0	0	0	5	0	104	0	0	0	0	5	0	0	0	0	0	442	0	0	0	0	81	0	0	0	6	0	0	0	0	4	0	12	7	0	0	0	0	0	0	0	0	0	0	0	0	0	0	0	0	0	0	0	0	0	0	0	0	0	0	4	21	0	0	0	0	55	0	0	0	0	0	0	0	0	0	38	0	0	8	0	0	0	0	0	0	0	0	0	0	0	0	0	0	0	0	0	257	0	13	0	0	0	110	0	0	0	0	0	0	0	0	0	25	0	0	0	0	0	0	0	11	0	0	0	0	0	0	0	10	0	0	0	0	0	1398	0	0	0	0	0	0	2	0	0	0	16	0	0	0	0	0	0	0	0	0	0	0	0	252	0	0	0	0	0	0	0	127	0	0	0
f286	56	0	0	1264	904	43	17	0	14	0	820	0	10	332	0	0	258	30	0	5	709	0	5	10	0	19	175	93	63	362	0	0	102	0	0	99	0	0	285	0	0	12	0	47	208	314	10	0	0	0	0	233	840	0	2021	24	30	0	15	36	0	400	3	0	1217	108	0	0	0	0	215	14	127	0	0	1148	4	0	93	27	0	0	7249	0	0	0	0	15	2	0	11	12	0	0	39	0	0	0	726	0	0	71	0	86	107	0	443	92	8	0	10	35	389	26	0	42	0	0	0	27	173	0	2	0	29	45	232	499	0	0	0	83	0	10	0	6	218	0	460	0	267	52	8	26	0	1820	79	89	181	0	32	0	0	6	0	20	6	0	0	0	0	13	6	14	35	0	0	33	0	15	8017	0	20	0	0	17	574	0	0	0	13	11	0	0	0	0	5	0	207	0	2	11	20	308	0	0	10	24	0	0	0	0	6	0	0	549	1350	2994	0	68	0	99	12	85	0	10	0	0	27	0	35	13	0	346	0	0	232	0	0	0	0	0	0	37	0	0	0	0	0	108	0	0	0	0	53	0	95	0	0	13	0	76	0	0	0	0	0	0	0	2	0	0	244	9	0	20	0	0	6	0	0	33	54	0	0	0	126	0	34	105	0	0	123	0	0	0	0	0	16	0	0	0	0	0	51	0	0	0	0	0	0	0	2	18	0	0	35	0	0	0	0	0	8	0	0	2	0	110	0	0	0	0	305	0	0	15	0	0	0	16	0	10	0	0	0	0	0	0	0	0	0	0	273	19	0	0	0	0	0	0	0	0	0	0	0	0	0	0	0	219	0	0	0	0	0	0	0	5	0	0	34	0	0	0	24	0	0	0	0	0	0	5	0	0	14	0	0	0	0	0	0	0	0	0	0	0	0	0	0	0	0	0	0	0	0	1444	0	0	0	0	0	0	0	82	0	0	0
f287	5	0	0	326	222	18	0	15	0	0	42	0	0	54	0	0	17	0	0	0	1928	0	3	0	0	26	65	0	12	8	0	0	20	0	0	6	0	0	0	0	0	0	0	6	12	0	17	0	0	0	0	17	39	0	4348	0	9	0	0	0	0	45	0	0	0	2	0	0	0	0	227	0	8	0	5	148	0	0	3	0	0	0	9532	0	0	0	0	0	2	0	1383	0	0	0	3	0	0	0	0	0	0	0	0	14	0	0	50	0	0	0	0	0	437	0	0	10	0	0	0	7	60	0	0	0	0	7	19	31	11	0	0	0	0	0	0	0	40	8	802	0	12	0	0	3	0	17	0	0	15	0	0	7	0	0	0	0	0	0	0	0	0	0	0	0	101	0	0	4	0	0	0	0	0	0	0	0	34	0	0	0	2	0	0	0	0	0	0	0	18	0	0	0	0	9	0	0	0	0	0	0	0	0	12	0	0	26684	1971	3746	0	55	0	0	0	9	0	3	0	0	0	0	8	21	0	36	0	0	4675	0	16	0	0	0	0	4	0	0	0	0	0	26	0	0	0	6	0	0	5	0	0	0	0	3	0	0	0	0	0	0	0	0	0	0	61	0	0	0	0	0	0	0	0	9	16	0	0	6	0	0	41	0	0	0	9	14	0	0	0	0	0	0	0	0	0	26	0	0	0	0	0	0	0	0	3	0	0	0	13	0	0	0	0	0	0	0	0	0	0	0	0	0	0	0	18	0	12	0	11	0	0	0	0	0	0	0	0	0	0	0	0	0	0	0	378	0	0	0	0	0	0	0	0	0	0	0	0	0	11	0	0	101	0	0	0	0	0	0	0	0	0	0	0	0	4	0	0	0	0	0	0	0	0	0	0	0	0	0	0	0	0	0	0	0	0	0	0	0	0	0	0	0	0	0	0	0	0	90	0	0	0	0	0	0	0	0	0	0	0
f288	2	12	0	69	62	12	0	0	7	4	56	0	0	146	0	0	286	0	0	0	146	0	24	0	0	60	155	5	6	99	0	0	130	0	0	45	0	0	96	0	0	0	0	9	17	48	0	0	0	0	0	60	56	0	526	0	3	0	50	0	0	34	2	0	301	98	0	0	0	0	2520	12	29	0	4	141	0	0	21	0	0	0	48229	0	0	0	0	0	4	0	0	0	0	6	6	0	0	0	86	0	0	6	0	216	0	0	120	15	0	2	0	0	13	26	0	6	0	0	0	3	30	0	0	0	52	6	32	76	0	0	0	0	0	0	0	0	0	0	133	0	26	0	0	0	0	109	0	18	12	0	20	0	5	0	0	0	0	0	0	0	0	11	37	0	40	0	0	9	0	0	6455	0	0	78	0	0	39	0	0	0	13	0	0	0	0	0	0	0	68	0	0	0	0	30	0	0	0	3	0	0	0	0	9	0	0	44	67	142	0	3	2	0	0	8	0	0	0	0	0	0	0	0	0	15	0	0	66	0	0	0	0	0	0	0	0	0	0	0	0	39	0	0	0	0	0	0	20	0	0	0	0	169	0	0	0	0	0	0	0	0	0	0	142	0	0	0	0	0	0	0	0	0	5	0	0	0	9	0	0	0	0	0	12	0	0	0	0	0	0	0	0	0	0	0	0	0	0	0	0	0	0	0	0	0	0	0	6	0	0	0	0	0	0	0	0	0	0	22	0	0	0	0	46	0	0	0	0	0	0	0	0	0	0	0	0	0	0	0	0	0	0	0	0	12	0	0	0	0	0	0	0	0	0	0	0	0	0	0	3	38	10	0	0	0	0	0	0	0	0	0	5	0	0	0	0	0	0	0	0	0	0	12	0	0	0	0	0	0	0	0	0	0	7	0	0	0	0	0	0	0	0	0	0	0	0	195	0	0	0	0	0	0	0	0	0	0	0
f289	66	2	0	2371	772	80	19	0	42	0	707	0	4	305	0	0	296	0	9	4	325	0	19	0	0	22	1984	34	91	142	0	0	84	7	0	469	0	0	292	0	0	25	0	215	219	192	941	0	17	7	0	222	1452	38	1207	71	20	0	12	18	0	162	0	0	722	325	38	3	0	0	555	138	161	0	12	904	53	4	605	14	0	0	21965	49	0	0	0	36	34	0	51	27	0	16	57	0	0	14	461	2	0	150	0	98	82	0	209	85	0	0	37	15	137	49	35	133	0	22	0	44	479	0	7	0	226	22	250	535	76	0	0	99	0	15	0	0	283	0	501	10	557	101	17	27	0	1461	31	81	316	3	42	85	0	0	0	26	0	0	0	0	0	0	31	66	57	0	0	139	5	34	14	0	15	40	0	79	388	0	15	0	7	5	0	0	0	0	0	14	170	12	0	43	62	828	28	0	0	39	0	0	0	15	31	22	0	476	239	787	390	56	734	369	0	123	0	26	0	0	98	50	11	0	0	98	11	0	460	0	5	27	0	0	0	34	0	0	11	0	0	95	56	0	0	103	69	0	100	0	0	24	0	230	0	0	0	0	0	0	0	0	0	0	463	17	0	30	0	44	0	0	13	51	0	0	0	0	104	0	123	55	0	0	141	16	0	0	0	0	15	0	0	0	0	312	79	0	0	0	2	0	0	0	22	40	4	0	21	0	0	0	0	0	12	0	0	3	0	50	0	0	0	0	393	0	0	34	0	2	6	6	0	7	0	12	0	0	0	0	29	48	90	0	9	4	0	58	0	0	0	0	0	24	0	0	0	30	182	0	0	386	28	0	0	0	0	24	0	82	31	0	4	0	15	0	23	8	40	38	0	0	0	10	0	0	3	21	2	0	0	0	0	0	18	0	0	0	0	0	0	0	0	16	0	18	9	1900	0	0	0	0	0	0	0	32	0	4	0
f290	0	0	0	0	3	0	0	0	0	0	5	0	0	0	0	0	0	0	0	0	212	0	0	0	0	0	0	2	0	0	0	0	41	0	0	0	0	0	0	0	0	0	0	0	0	41	0	0	0	0	0	0	0	0	1478	0	0	0	94	10	0	0	0	0	0	0	0	0	0	0	246	0	0	0	0	0	0	0	0	0	0	0	69040	0	0	0	0	0	0	0	0	0	0	0	0	0	0	0	0	0	0	0	0	0	0	0	0	0	0	0	0	0	4	0	0	0	0	0	0	0	0	0	0	0	0	0	0	0	0	0	0	0	0	0	0	0	0	0	50	0	0	0	0	0	0	0	0	0	0	0	0	0	57	0	0	0	0	0	0	0	0	0	0	0	83	0	0	0	0	0	59	0	0	89	0	0	0	0	0	0	0	0	0	0	0	0	0	0	0	0	0	0	0	0	0	0	0	0	0	0	0	0	0	0	0	13	713	0	0	0	0	0	0	0	0	0	0	0	0	0	0	0	0	0	0	0	11	0	0	0	0	0	0	0	0	0	0	0	0	0	0	0	0	0	0	0	6	0	0	0	0	0	0	0	0	0	0	0	0	0	0	0	12	0	0	0	0	0	0	0	0	0	0	0	0	0	6	0	0	0	0	0	0	0	0	0	0	0	4	0	0	0	0	0	0	0	0	0	0	0	0	0	0	0	0	0	0	0	0	0	0	0	0	0	0	0	0	7	0	0	0	0	0	0	0	0	0	0	0	0	0	0	0	0	0	0	0	0	0	0	0	0	0	11	0	0	0	0	0	0	0	0	0	0	0	0	0	0	0	0	0	0	0	0	0	0	0	0	0	0	0	0	0	0	0	0	0	0	0	0	0	0	0	0	0	0	0	0	0	0	0	0	0	0	0	0	0	0	0	0	0	0	0	0	0	0	0	0	0	0	0	0	0	0	0	0	0
f316	0	0	0	10	2	2	0	0	0	0	0	0	0	21	0	0	154	0	0	0	0	0	0	0	0	189	0	3	2	30	0	0	908	0	0	0	0	0	10	0	0	0	0	0	12	0	0	0	0	0	0	9	22	0	3361	0	0	0	160	0	0	0	0	0	8	8	0	0	0	0	8902	0	0	0	0	113	3	0	0	5	0	0	76836	0	0	0	0	0	0	0	0	0	0	0	0	0	0	0	0	0	0	0	0	4	0	0	0	0	0	0	0	3	0	0	0	0	0	0	0	0	0	0	0	0	0	4	0	0	0	0	0	0	0	8	0	0	0	0	381	19	12	0	0	0	0	0	0	0	3	0	0	0	0	0	0	0	0	0	0	0	0	48	65	0	19	0	0	0	0	0	0	0	0	2009	0	0	0	0	0	0	0	0	0	0	0	0	0	0	33	0	0	0	4	0	0	10	0	0	0	4	0	0	33	0	0	9	20	17	0	0	34	4	0	0	0	0	0	0	0	0	0	0	0	0	0	0	6	0	0	0	0	0	0	0	0	0	0	10	0	17	0	0	0	0	0	0	0	0	0	0	0	111	0	0	0	0	0	0	0	0	0	0	8	0	0	0	0	0	0	0	3	0	0	0	0	0	0	0	0	0	0	0	0	0	0	0	0	0	0	0	4	0	0	0	0	0	0	0	0	0	0	0	0	0	0	0	0	5	0	0	0	0	0	0	0	0	0	0	0	0	0	0	8	0	0	0	0	0	0	0	0	0	0	0	0	0	0	0	0	0	0	0	0	102	0	0	0	0	0	0	0	0	0	0	0	0	0	0	0	0	0	0	0	0	0	0	0	0	0	0	0	0	0	0	0	0	0	0	0	0	0	0	0	0	0	0	0	0	0	0	0	0	0	0	0	0	0	0	0	0	0	0	0	0	0	0	0	0	0	0	0	0	0	0	0	0	0
f317	0	0	0	2	0	5	0	0	0	0	0	0	0	44	0	0	178	0	0	0	2	0	0	0	0	479	36	4	0	28	0	0	364	0	0	0	0	0	0	0	0	0	0	0	26	0	25	0	0	0	0	23	53	0	583	4	0	0	147	0	0	0	0	0	4	22	0	0	0	0	5233	0	3	0	0	189	0	0	2	7	0	0	59279	0	0	0	0	0	0	0	0	0	0	0	0	0	0	0	0	0	0	0	0	0	0	0	0	0	0	0	0	0	0	0	0	0	0	0	0	4	0	0	0	0	0	9	0	0	0	0	0	0	0	23	2	0	11	0	265	35	0	0	0	0	0	35	0	32	0	0	0	0	0	0	0	0	0	0	0	0	0	69	183	0	0	0	0	0	0	0	8	0	0	1468	0	0	0	0	0	0	0	0	0	0	0	0	0	0	59	0	0	0	0	90	0	13	0	0	0	0	0	0	43	0	0	0	0	0	0	0	258	0	2	5	0	0	0	0	0	0	3	0	0	6	0	0	0	0	0	0	0	0	0	0	0	0	0	0	0	47	0	0	0	0	0	0	0	0	0	0	0	108	0	0	0	0	0	0	0	0	0	0	27	0	0	0	0	0	0	0	0	0	0	0	0	0	7	0	0	0	0	0	0	0	0	0	0	0	0	0	0	0	0	0	0	0	0	0	0	0	0	0	0	0	0	0	0	0	0	0	0	0	0	0	0	0	0	8	0	0	0	0	9	0	0	0	0	0	0	0	0	0	0	0	0	0	0	0	0	0	0	0	0	57	12	0	0	0	0	0	0	0	0	0	0	0	0	0	0	0	0	0	0	0	0	0	0	0	0	0	0	0	0	0	0	0	0	0	0	0	0	0	0	0	0	0	0	0	0	0	0	0	0	0	0	0	0	0	0	0	0	0	0	0	0	0	0	0	0	0	0	0	0	32	0	0	0
f318	0	0	0	0	0	0	0	0	2	0	0	0	0	6	0	0	27	0	0	0	0	0	0	0	0	79	17	0	0	0	0	0	179	0	19	0	0	0	0	0	0	0	0	0	0	0	0	0	0	0	0	4	0	0	911	0	0	0	40	0	0	0	0	0	0	5	0	0	0	0	3024	0	0	0	0	51	0	0	4	0	0	0	57659	0	0	0	0	0	0	0	0	0	0	0	0	0	0	0	0	0	0	0	0	0	0	0	0	0	0	0	0	0	0	0	0	0	0	0	0	0	0	0	0	0	0	0	0	0	0	0	0	0	0	2	0	0	0	0	164	4	0	0	0	0	0	0	0	0	0	0	0	0	0	0	0	0	0	0	0	0	0	20	20	0	0	0	0	0	0	0	0	0	0	1691	0	0	0	0	0	0	0	0	0	0	0	0	0	0	0	0	0	0	0	0	0	0	0	0	0	0	0	0	18	0	0	0	0	0	0	0	0	0	0	0	0	0	0	0	0	0	0	0	0	0	0	0	0	0	0	0	0	0	0	0	0	0	0	0	0	0	0	0	0	0	0	0	0	0	0	0	0	33	0	0	0	0	0	0	0	0	0	0	0	0	0	0	0	0	0	0	0	0	0	0	0	0	0	0	0	0	0	0	0	0	0	0	0	0	0	0	0	0	0	0	0	0	0	0	0	0	0	2	0	0	0	0	0	0	0	0	0	0	0	0	0	0	0	2	0	0	0	0	0	0	0	0	0	0	0	0	0	0	0	0	0	0	0	2	0	0	0	0	0	14	0	0	0	0	0	0	0	0	0	0	0	0	0	0	0	0	0	0	0	0	0	0	0	0	0	0	0	0	0	0	0	0	0	0	0	0	0	0	0	0	0	0	0	0	0	0	0	0	0	0	0	0	0	0	0	0	0	0	0	0	0	0	0	0	0	0	0	0	0	7	0	0	0
f319	14	0	0	133	22	15	0	0	0	0	124	14	0	53	0	0	127	0	0	0	136	0	0	0	0	212	44	0	80	69	0	0	478	0	4	22	0	0	200	0	0	0	0	8	10	47	17	0	0	7	0	9	162	13	1433	0	0	0	52	0	0	17	0	0	40	0	0	8	0	0	2337	14	37	0	0	159	0	0	77	4	0	0	70739	24	0	0	4	4	0	0	0	0	0	0	0	0	0	0	48	0	0	0	0	19	0	0	22	0	0	0	58	0	0	14	6	45	0	34	0	3	27	0	14	0	6	0	33	11	3	0	0	8	0	0	0	0	242	50	329	5	16	0	0	0	0	41	27	0	25	0	0	0	0	0	0	0	0	0	0	0	0	39	220	0	36	0	3	0	0	0	0	0	0	2015	0	0	38	0	4	0	0	2	19	0	0	0	0	0	15	0	0	10	0	49	0	6	0	0	0	0	4	0	28	0	18	67	20	89	0	0	58	7	0	0	4	0	0	0	8	0	4	0	0	22	0	0	18	0	0	0	0	0	0	28	0	0	0	33	0	73	0	0	2	262	21	19	0	0	0	12	0	172	0	0	0	0	0	0	0	0	0	0	56	0	0	0	0	0	0	0	0	0	24	2	0	0	0	0	0	4	0	0	59	23	0	0	0	0	3	0	0	0	0	114	0	0	0	0	0	0	0	0	0	7	0	0	5	0	0	0	0	0	0	0	0	0	0	3	0	0	0	0	0	0	0	6	0	0	0	0	9	0	0	0	0	0	0	5	0	0	0	0	82	46	18	14	0	0	0	0	0	10	0	3	0	0	27	0	0	0	14	0	0	0	0	0	0	10	3	0	0	0	0	0	0	0	0	0	0	0	0	0	0	0	0	0	11	0	0	0	0	0	0	0	0	6	0	0	0	0	0	0	0	57	0	215	0	0	0	0	0	0	0	36	23	0	0
f320	0	0	0	71	5	0	0	0	0	0	4	0	0	20	0	0	137	0	0	0	5	0	0	0	0	157	0	0	0	0	0	0	389	0	29	0	0	0	15	0	0	0	0	0	0	0	0	0	0	0	0	4	0	0	2759	0	0	0	18	0	0	0	0	0	0	0	0	0	0	0	1619	7	0	0	0	47	0	0	0	0	0	0	88208	0	0	0	0	0	0	0	7	0	0	0	0	0	0	0	0	0	0	0	0	0	0	0	0	0	0	0	0	0	0	0	0	0	0	0	0	3	0	0	0	0	0	0	0	0	0	0	0	0	0	0	0	0	0	0	422	0	0	0	0	0	0	0	0	8	0	0	0	0	0	0	0	0	0	0	0	0	0	30	25	0	5	0	0	0	0	0	0	0	0	1696	0	0	0	0	0	0	0	0	0	0	0	0	0	0	0	0	0	0	0	10	0	0	0	0	0	0	0	0	11	0	0	0	10	7	0	0	146	0	0	0	0	0	0	0	0	0	0	0	0	9	0	0	0	0	0	0	0	0	0	0	0	0	0	0	0	0	0	0	0	0	0	0	0	0	0	0	0	118	0	0	0	0	0	0	0	0	0	0	0	0	0	0	0	0	0	0	0	0	0	0	0	0	0	0	0	0	0	0	0	0	0	0	0	0	2	0	0	0	0	0	0	0	0	0	0	0	0	0	0	0	0	0	0	0	0	0	0	0	0	0	0	0	0	0	0	0	0	0	0	0	0	0	0	0	0	0	0	0	0	0	0	0	0	0	0	0	0	0	0	40	0	0	0	0	0	0	0	0	0	0	0	0	11	0	0	0	0	0	0	0	0	0	0	0	0	0	0	0	0	0	0	0	0	0	0	0	0	0	0	0	0	0	0	0	0	0	0	0	0	0	0	0	0	0	0	0	0	0	0	0	0	9	0	0	0	0	0	0	0	0	0	0	0
f346	0	0	0	34	35	12	11	9	10	0	25	0	0	45	0	0	0	0	0	0	35	0	0	6	0	32	528	100	19	49	0	0	111	0	0	30	0	0	0	0	0	0	0	0	27	53	0	0	0	0	0	119	97	0	2924	8	32	0	182	0	0	0	0	0	8	170	0	0	0	0	198	4	16	0	0	462	0	0	8	5	0	0	66910	0	0	0	0	0	0	0	0	6	0	0	8	0	0	0	0	5	0	57	0	0	0	0	0	108	0	0	0	0	0	0	0	0	0	0	0	31	31	0	0	0	162	32	39	0	0	0	0	0	0	21	0	0	0	0	58	0	0	27	0	0	0	663	0	20	0	0	0	0	19	0	0	0	6	0	0	0	0	5	0	0	63	0	0	0	0	0	4304	0	0	236	0	0	0	0	0	0	0	0	0	4	0	0	0	0	229	0	0	0	0	311	0	0	0	0	0	8	0	0	0	4	0	7	595	0	0	72	0	0	0	10	0	7	0	0	0	0	34	0	0	8	0	0	0	0	0	0	0	0	0	0	0	0	0	0	0	93	0	0	0	0	0	0	0	0	0	0	0	49	0	0	0	0	0	0	0	0	0	2	182	0	0	0	0	15	0	0	0	0	0	0	0	0	30	0	0	0	24	0	103	0	0	0	0	0	8	0	0	0	0	0	0	0	0	0	0	0	0	0	0	0	0	0	4	0	0	0	0	0	0	0	0	0	0	63	0	0	0	0	25	0	0	0	0	0	0	0	0	0	0	0	0	0	0	0	0	0	0	0	0	10	0	0	0	0	0	0	0	0	0	0	0	0	0	0	0	0	0	0	0	0	0	0	0	0	0	0	68	0	0	0	0	0	0	0	0	0	0	0	0	0	0	0	0	0	0	0	0	0	23	0	0	0	0	0	0	0	0	0	0	0	0	0	0	0	0	0	0	0	0	0	0	0	0
f347	0	5	0	115	53	21	13	0	14	0	34	0	11	88	0	0	63	0	0	0	561	0	0	10	0	41	740	137	17	43	0	0	120	0	40	7	0	0	0	0	0	5	0	0	35	79	0	12	0	0	0	251	419	0	6583	0	0	0	263	78	0	0	0	0	0	81	0	0	0	0	193	0	21	0	0	1106	4	0	0	3	2	0	58611	0	0	0	3	10	0	0	0	0	0	0	9	0	0	0	0	5	0	0	0	3	0	0	0	168	0	0	0	0	0	4	0	0	0	0	0	71	20	0	0	0	136	17	14	0	0	0	5	0	0	35	0	0	15	0	406	0	0	0	0	0	0	339	0	37	0	0	0	0	29	0	0	0	7	0	0	0	0	8	0	0	512	0	0	0	0	0	38	0	0	671	0	0	0	0	0	0	62	0	0	0	0	0	0	0	354	0	0	0	2	739	0	0	0	0	0	0	0	0	0	0	0	0	0	0	0	59	55	0	0	16	3	0	0	0	0	0	59	0	0	9	0	0	0	0	0	0	0	0	0	0	0	0	0	0	0	81	0	4	0	0	0	0	21	0	0	0	0	212	0	0	0	3	0	0	0	0	0	0	148	0	0	0	0	9	0	0	0	0	11	0	0	0	57	0	0	0	28	0	224	0	0	0	0	0	9	0	0	0	0	0	0	0	0	0	0	0	0	0	0	0	0	0	3	0	0	0	0	0	0	0	0	0	0	90	0	0	0	0	0	0	0	0	0	0	0	0	0	0	0	0	0	0	0	0	0	0	0	0	0	0	0	11	0	0	0	0	0	0	0	0	0	0	0	0	0	0	0	0	0	0	0	0	0	0	0	0	103	0	0	0	0	0	0	0	0	4	0	0	5	0	0	0	0	0	0	0	0	0	19	0	0	0	0	0	0	0	0	0	0	0	0	0	0	0	0	0	0	0	0	37	0	0	0
f348	0	0	0	38	90	23	0	0	21	0	28	0	9	96	0	0	106	0	6	0	551	0	0	4	0	109	331	88	28	30	0	0	201	0	9	0	0	0	0	0	0	0	0	0	31	111	0	0	0	0	0	152	500	0	9503	0	20	0	99	49	0	6	0	0	0	154	0	0	0	0	205	0	21	0	0	683	4	0	0	0	0	0	54293	0	0	0	0	0	0	0	0	0	0	0	0	0	0	0	0	9	0	0	0	0	0	0	0	127	0	0	0	0	0	0	0	0	0	0	0	68	18	0	0	0	103	31	76	0	0	0	0	0	0	39	0	0	47	0	237	0	0	19	0	0	0	143	0	35	0	0	0	0	7	0	0	0	5	0	0	0	0	38	0	0	213	0	0	0	0	0	9	0	0	1008	0	0	0	0	0	0	55	0	0	0	0	0	0	0	250	0	0	0	0	500	0	0	0	0	0	0	0	0	9	0	0	0	1480	0	0	69	0	0	0	0	3	0	0	0	0	0	29	0	0	8	0	0	0	0	0	0	0	0	0	13	0	0	0	0	0	129	0	0	0	0	0	0	17	0	0	0	0	75	0	0	0	0	0	0	0	0	0	0	164	0	0	0	0	18	0	0	3	0	9	0	0	0	44	0	0	0	23	0	202	0	0	0	0	0	11	0	0	0	0	0	0	0	0	0	0	0	0	0	0	0	0	0	0	0	0	0	0	0	0	0	0	0	0	72	0	0	0	0	24	0	0	0	0	0	0	0	0	0	0	0	0	0	0	0	0	0	0	0	27	10	0	0	0	0	0	0	0	0	0	0	0	0	0	0	0	0	0	0	0	0	0	0	0	0	0	0	104	0	0	0	0	0	0	0	0	0	0	0	0	0	0	0	0	0	0	0	0	0	16	0	0	0	0	0	0	0	0	0	0	0	0	0	0	0	0	0	0	0	0	45	0	0	0
f349	0	0	0	0	9	4	0	5	0	0	3	0	0	8	0	0	63	0	0	0	341	0	0	0	0	17	71	25	2	10	0	0	109	0	13	8	0	0	0	0	0	0	0	0	0	0	0	0	0	0	0	19	95	0	4682	0	0	0	201	0	0	0	0	0	0	31	0	5	0	0	193	0	0	0	0	83	3	0	0	0	0	0	79179	0	0	0	0	0	0	0	0	0	0	0	3	0	0	0	0	0	0	0	0	0	0	0	0	23	0	0	0	0	0	0	0	0	0	0	0	13	7	0	0	0	18	0	0	0	0	0	0	0	0	0	0	0	0	0	129	0	0	0	0	0	0	12	0	19	0	0	0	0	0	0	0	0	0	0	0	0	0	2	5	0	257	0	0	0	0	0	8	0	0	282	0	0	0	0	0	0	5	0	0	0	0	0	0	0	64	0	0	0	0	101	0	0	0	0	0	0	0	0	0	0	0	0	624	0	0	18	0	0	0	0	0	0	0	0	0	0	0	0	0	2	0	0	0	0	0	0	0	0	0	0	0	0	0	0	0	13	0	0	0	0	0	0	0	0	0	0	0	35	0	0	0	0	0	0	0	0	0	0	15	0	0	0	0	0	0	0	0	0	0	0	0	0	16	0	0	0	6	0	35	0	0	0	0	0	0	0	0	0	0	0	0	0	0	0	0	0	0	0	0	0	0	0	0	3	0	0	0	0	0	0	0	0	0	4	0	0	0	0	0	0	0	0	0	0	0	0	0	0	0	0	0	0	0	0	0	0	0	0	0	0	36	0	0	0	0	0	0	0	0	0	0	0	0	0	0	0	0	0	0	0	0	0	0	0	0	0	9	0	0	0	0	0	0	0	0	0	0	0	0	0	0	0	0	0	0	0	0	0	0	0	0	0	0	0	0	0	0	0	0	0	0	0	0	0	0	0	0	0	0	0	0	0	0
f350	0	2	0	56	111	46	19	0	26	0	40	0	9	86	0	0	110	0	2	0	365	0	0	0	0	77	706	119	22	56	0	0	190	0	14	42	0	0	18	0	0	0	0	7	27	107	0	9	0	0	0	223	580	0	3716	0	22	0	148	73	0	8	0	0	176	148	0	3	0	0	231	0	34	0	7	1084	10	0	20	0	0	0	49127	0	0	0	2	24	0	0	0	5	0	0	5	0	0	0	15	15	0	24	0	63	6	0	30	164	0	0	0	0	0	0	6	0	0	0	0	45	54	4	0	0	166	46	61	7	0	0	0	0	0	28	0	0	16	0	234	2	19	20	0	0	0	411	0	40	14	0	0	0	0	0	0	0	10	0	0	0	0	21	13	0	109	0	0	0	0	0	49	0	4	1219	0	0	12	0	0	0	10	0	0	0	0	0	0	0	384	0	0	0	7	732	0	0	0	0	0	0	0	0	16	0	0	12	39	25	0	92	16	14	0	0	0	8	0	0	3	0	66	0	0	10	4	0	0	0	0	2	0	0	0	8	0	0	0	0	0	91	3	0	0	0	0	0	13	0	0	5	0	66	0	0	0	0	0	0	0	0	0	0	178	0	0	0	0	16	0	0	3	0	0	0	0	0	51	0	0	0	23	0	257	0	0	0	0	0	11	0	0	0	0	29	0	0	0	0	0	0	0	0	0	0	0	0	6	0	0	0	0	0	0	0	0	0	0	111	0	0	0	0	42	0	0	4	0	0	0	11	0	0	0	0	0	0	0	0	0	0	0	0	30	8	0	0	0	0	0	0	0	0	0	0	0	0	0	0	0	0	0	0	0	0	0	5	0	0	0	0	135	0	0	0	0	0	0	0	0	0	0	0	0	0	0	0	0	0	0	0	0	0	37	0	0	0	0	0	0	0	0	0	0	0	0	60	0	0	0	0	0	0	0	99	0	0	0
f21	4	0	0	791	259	77	0	0	0	0	81	0	0	438	0	0	55	0	0	9	258	0	0	0	0	975	44	25	16	70	96	0	875	0	0	350	3	0	4439	0	4	0	24	39	163	131	27	0	0	3	0	98	30	4	382	21	0	0	88	0	0	0	4	0	32	14	0	4	0	0	7351	138	11	0	0	648	0	0	419	0	0	0	42717	17	0	0	0	8	0	0	12	0	0	0	46	19	0	0	37	0	0	2	0	69	10084	0	64	0	12	0	5	0	4	115	0	19	0	0	0	0	113	0	3	0	0	0	55	202	37	0	0	0	0	0	0	0	125	0	575	0	135	66	0	18	0	0	180	355	226	0	0	14	0	0	2	0	2	0	0	0	0	80	16	0	453	0	0	32	0	7	0	0	0	156	0	23	440	0	0	0	0	2	0	0	0	13	0	0	0	0	0	13	0	80	0	8	0	22	0	0	0	12	0	0	0	11	0	16	0	0	7	109	0	33	0	20	0	0	0	0	0	0	0	28	2	0	39	0	0	0	0	0	0	5	0	0	0	0	0	171	10	0	0	4	38	0	0	0	0	4	0	7	0	0	0	0	0	3	0	0	0	0	168	0	0	32	0	0	0	0	0	28	0	0	0	0	0	8	40	0	0	0	0	0	0	0	0	0	0	0	0	12	0	0	0	0	0	0	0	0	0	0	2	0	0	0	0	0	0	0	31	0	8	0	0	0	0	34	0	0	0	0	862	0	0	96	0	0	0	0	0	0	0	13	0	0	0	0	28	5	0	0	0	143	0	0	0	0	0	0	0	0	0	0	0	0	0	0	0	52	30	0	0	0	0	0	0	0	0	0	0	0	0	0	84	0	49	0	0	0	0	0	0	0	0	0	0	0	0	0	0	0	0	0	0	0	0	0	0	0	6	37	0	0	0	1167	0	0	0	0	0	0	0	129	0	0	0
f22	0	0	0	0	0	0	0	154	0	4	0	0	0	41	0	0	61	0	0	0	37	0	0	0	0	1467	6	0	0	0	0	0	1210	0	0	0	0	0	29	0	0	0	0	0	0	0	0	24	0	0	0	0	0	0	81	0	0	0	55	0	0	0	0	0	0	0	0	0	0	27	2529	0	0	0	0	84	40	4	0	0	0	0	81812	0	0	0	0	0	0	0	0	0	0	0	0	0	0	0	0	0	0	0	0	0	6	16	0	0	0	0	0	0	0	0	0	0	0	0	0	0	0	0	0	0	0	0	17	0	0	0	0	0	0	0	0	0	0	0	126	0	0	10	0	0	0	8	0	0	45	0	0	0	0	35	0	0	0	0	0	0	0	10	8	0	85	0	0	0	0	0	0	0	0	35	0	0	0	0	0	0	0	0	0	0	0	0	0	0	0	0	0	0	0	0	0	0	0	0	0	0	0	73	0	0	0	23	0	6	0	0	0	0	0	0	0	44	0	0	0	0	0	0	0	8	0	0	30	0	0	0	0	0	0	0	0	0	0	0	0	0	0	0	0	0	0	0	0	0	0	0	0	17	0	0	0	0	0	0	0	0	0	0	0	0	0	0	6	0	0	0	0	0	0	0	0	0	0	0	0	0	0	0	0	0	0	0	0	0	0	0	0	0	0	0	0	0	0	0	0	9	0	0	0	0	0	0	0	0	0	0	0	0	0	0	0	0	0	0	12	0	0	0	25	0	0	0	22	0	0	0	0	0	0	0	0	0	0	0	0	0	0	0	0	160	0	0	0	0	0	0	0	0	0	0	0	0	0	0	0	0	0	0	0	0	0	0	0	0	0	0	0	0	0	26	0	0	0	0	0	0	0	2	0	0	0	0	0	0	0	0	0	0	0	0	0	0	0	0	0	0	0	0	0	0	0	0	0	0	0	0	0	0	0	0	0	0	0
f23	0	0	0	0	0	40	0	0	0	0	0	0	0	177	0	0	72	5	0	0	507	0	0	0	0	3266	25	12	0	38	0	0	1496	0	0	0	0	0	39	0	0	0	0	0	0	68	0	0	0	0	0	59	0	0	151	0	0	0	181	0	0	0	0	0	0	0	0	0	0	0	19041	0	5	0	4	248	0	0	0	0	0	0	65482	0	0	0	0	0	0	0	12	0	0	0	0	0	0	0	0	0	0	0	0	0	0	0	0	0	0	0	0	0	0	0	0	0	0	0	0	0	0	0	0	0	0	0	0	0	0	0	0	0	0	0	0	0	25	0	349	0	0	19	0	3	0	0	0	147	0	0	0	0	0	0	0	0	0	0	0	0	3	131	10	0	223	0	0	0	0	0	0	0	0	169	0	0	0	0	0	0	0	0	0	0	0	0	0	0	18	0	0	0	0	0	0	0	0	0	0	0	0	0	0	0	0	4	0	0	0	0	3	0	0	0	0	0	0	0	0	0	0	0	0	8	0	0	5	0	0	0	0	0	0	5	0	0	0	0	0	58	0	0	0	0	0	0	0	0	0	0	0	0	0	0	0	0	0	0	0	0	0	0	21	0	0	0	0	0	0	0	0	0	0	0	0	0	0	0	0	0	0	0	0	0	0	0	0	0	0	0	0	0	0	0	0	0	0	0	0	0	0	0	0	0	0	0	0	0	0	0	0	0	0	0	0	0	0	16	0	0	0	0	0	3	0	0	0	0	0	0	0	0	0	0	0	0	0	0	0	0	0	0	0	391	0	0	0	0	0	0	0	0	0	0	0	0	0	0	0	0	0	0	0	0	0	0	0	0	0	0	0	0	0	0	0	0	0	0	0	0	0	0	0	0	0	0	0	0	0	0	0	0	0	0	0	0	0	0	0	0	0	0	0	0	0	0	0	0	0	0	0	0	0	233	0	0	0
f24	0	0	0	677	1083	115	71	3	127	0	369	0	13	2484	0	0	115	0	0	7	2167	0	100	0	84	328	488	161	163	1223	14	0	2616	49	0	79	0	0	432	4	0	51	0	563	175	1253	44	0	0	138	0	797	379	186	590	72	33	0	25	0	0	166	0	0	291	298	0	2	0	0	1909	99	540	0	4	3254	43	0	711	0	0	0	2204	0	9	0	0	199	129	0	5	22	0	0	641	0	3	52	303	83	0	392	6	1009	190	15	1393	52	49	0	17	0	133	275	23	4	5	0	0	855	0	0	0	0	102	128	140	1931	9	0	0	164	29	210	0	11	248	0	2206	0	359	59	0	21	0	73	15	776	164	0	152	8	0	0	9	74	10	0	3	0	0	960	3426	0	501	0	0	229	2	5	0	0	0	42	0	2011	854	0	0	3	0	6	0	0	5	9	0	4	1347	39	0	17	0	415	8	193	35	0	0	0	0	0	35	8	0	134	0	48	0	374	118	179	0	39	28	48	0	0	94	0	0	0	0	34	4	0	4551	10	0	0	0	0	0	83	46	0	91	0	0	2062	0	0	0	0	167	0	207	0	0	35	3	396	0	0	0	0	0	0	0	5	0	31	262	0	4	0	0	39	0	0	6	26	449	0	0	0	440	11	95	78	0	0	1007	0	0	3	32	0	709	0	0	0	0	0	53	0	0	0	0	0	0	0	0	0	0	0	238	9	0	0	89	0	559	0	0	0	0	60	0	0	0	27	628	0	0	31	0	0	0	4	0	18	0	28	0	0	0	0	13	57	0	0	6	62	0	27	0	0	0	0	2	0	0	0	0	17	0	0	0	112	17	0	0	8	0	11	0	55	7	0	0	0	4	0	10	22	0	0	0	0	0	73	0	0	0	0	0	1053	0	0	0	0	21	4	0	0	0	3	0	0	0	0	0	0	0	943	4	0	0	0	0	13	7	588	0	4	9
f25	0	0	0	15	0	0	0	43	0	0	0	0	0	7	0	0	0	0	0	0	0	0	0	0	0	43	1477	0	0	0	0	0	0	0	0	0	0	0	229	0	0	0	0	0	0	0	1420	0	0	0	0	0	0	0	289	0	0	0	0	0	0	0	0	0	0	0	0	0	0	0	223	0	0	0	0	0	112	0	0	0	0	0	384	0	0	0	0	28	0	0	0	0	0	0	0	20	0	0	0	0	0	0	0	0	0	0	0	0	0	0	0	0	0	0	0	0	0	0	0	0	0	0	0	0	0	0	87	0	0	0	0	0	0	0	0	0	0	0	240	0	56	0	0	0	0	164	0	0	0	0	0	0	3	186	0	0	0	0	0	0	0	0	0	0	0	0	0	0	0	0	0	0	0	20	0	0	0	0	0	0	0	0	0	0	0	0	0	0	0	0	0	0	0	0	0	0	0	0	0	134	0	0	0	0	7	396	0	0	0	0	533	0	0	38	209	0	0	0	0	0	0	0	0	0	0	0	309	0	0	0	0	0	0	0	0	0	0	0	0	0	0	93	0	79	0	0	0	0	0	0	0	0	0	0	0	0	0	0	0	0	0	0	0	0	0	0	0	0	0	0	0	0	0	0	0	0	0	0	31	0	0	0	0	0	17	0	0	0	0	0	0	0	0	0	0	0	0	0	0	0	0	0	0	0	0	0	0	0	0	0	0	0	0	0	0	0	0	0	0	0	0	0	0	0	0	0	0	0	0	0	0	0	0	0	0	0	0	0	3318	0	0	0	0	13	0	0	0	0	0	0	0	0	0	0	0	0	26	0	0	0	0	0	0	0	0	0	17	0	0	0	0	0	0	0	0	0	688	0	111	0	0	0	0	0	0	0	0	0	0	0	0	0	0	0	0	0	0	0	0	0	0	0	0	243	0	0	0	0	0	0	0	0	0	0	0	0	0
f26	13	0	0	1883	516	81	0	0	0	3	214	0	0	908	0	0	539	0	0	19	872	0	10	0	3	178	187	59	200	208	170	0	777	0	0	652	0	0	9909	4	4	11	122	84	318	225	45	0	0	5	0	190	152	15	572	67	3	0	71	0	5	0	0	0	1131	102	0	0	0	0	493	157	21	0	11	1392	17	0	841	0	0	0	1583	18	0	0	0	24	28	0	12	9	0	0	124	0	0	0	115	0	0	21	0	1339	14875	0	125	143	8	0	26	0	22	137	0	91	0	20	0	35	342	0	2	15	365	10	87	657	30	0	0	11	0	12	0	25	249	0	2267	0	212	232	0	70	0	104	164	1226	670	0	38	54	0	0	8	0	0	0	0	0	3	262	39	0	322	0	0	114	0	24	5	0	0	0	0	99	1042	0	0	0	0	10	0	0	0	32	0	0	73	17	0	29	0	312	0	0	6	36	0	0	0	0	98	0	0	28	0	185	0	75	159	382	4	32	0	20	0	0	14	0	0	0	2	40	9	0	280	5	0	0	0	0	0	14	0	0	0	0	0	451	9	0	0	25	114	0	0	8	0	15	0	74	0	0	0	0	0	0	0	0	5	0	213	0	0	50	0	267	0	0	8	65	0	0	0	0	8	11	83	4	0	0	27	0	0	0	0	0	0	0	0	14	0	0	0	0	0	0	0	0	0	0	0	9	0	0	0	0	0	0	80	0	0	0	0	0	21	73	0	0	0	0	2450	0	0	191	0	0	0	0	0	0	0	0	0	0	2	0	19	50	0	0	0	21	0	22	0	0	0	48	0	0	0	0	10	0	14	0	0	194	103	0	0	6	0	0	0	41	0	0	0	0	0	0	189	16	29	0	0	0	0	100	0	0	0	0	0	24	0	0	0	0	0	0	0	0	0	0	0	0	0	7	0	0	0	2480	0	0	0	0	0	0	0	404	0	3	0
f27	0	0	0	1980	201	302	0	19	0	0	180	0	0	8315	0	0	385	0	0	0	1407	0	0	0	0	298	27	284	15	81	58	8	3529	0	0	91	0	0	2018	5	0	0	127	0	160	199	0	29	0	132	0	1024	3734	0	84	84	0	0	0	0	0	0	0	0	26	0	0	0	0	0	860	53	0	0	0	2730	109	0	117	114	0	0	596	0	0	0	0	0	0	0	0	0	0	0	0	8	0	46	0	0	0	107	0	286	1293	0	0	71	0	0	0	49	0	282	33	0	0	0	0	0	0	0	0	30	0	86	0	118	0	0	0	17	0	27	0	0	39	0	871	0	226	76	0	49	0	47	0	3109	94	0	0	30	0	0	0	0	0	0	0	3	0	225	0	0	1644	0	0	0	0	24	0	0	0	0	0	0	539	14	0	0	0	7	0	0	3	0	0	0	100	0	0	0	0	1242	0	0	0	28	0	0	0	475	167	0	0	0	0	0	0	104	18	566	0	34	0	13	0	0	0	0	0	20	0	180	0	0	0	0	0	0	0	0	0	165	0	0	0	0	0	1151	0	0	0	0	44	0	0	0	0	387	0	3	0	0	75	0	0	0	0	0	0	0	699	0	0	0	0	133	0	0	0	0	0	0	0	0	19	31	306	112	0	0	0	0	0	0	0	0	0	0	6	0	0	0	0	19	0	0	0	0	0	0	0	8	0	0	0	0	0	0	0	0	0	0	0	0	0	167	0	0	0	0	659	0	124	0	0	0	0	0	0	0	0	0	0	0	0	0	0	0	0	0	0	25	0	0	0	0	0	0	0	0	0	0	0	0	0	0	0	0	0	0	0	0	65	0	0	79	0	0	0	0	0	0	64	0	0	0	0	0	0	12	0	0	0	0	0	0	0	0	0	0	0	0	21	0	0	0	0	0	0	0	0	0	0	1206	0	0	0	0	0	0	0	1431	0	0	0
f28	0	0	0	109	31	44	0	0	0	3	50	0	0	552	0	0	484	0	0	5	1522	0	0	0	0	3738	23	95	48	117	0	0	1378	0	0	22	0	0	220	0	0	0	15	0	13	236	14	0	0	30	0	147	224	0	934	5	0	3	135	0	0	0	0	0	15	0	0	0	0	0	12637	0	7	4	5	1247	4	0	34	0	0	0	56875	0	0	0	0	0	0	0	30	0	0	0	10	0	0	0	20	0	0	11	0	228	788	0	41	48	0	0	15	4	0	34	0	0	0	0	0	0	0	0	0	0	0	0	0	128	0	0	0	0	0	0	0	0	61	0	2934	0	0	12	0	19	0	11	0	533	18	0	0	0	0	0	3	0	8	0	0	0	0	422	19	0	270	0	0	0	0	0	0	0	0	1087	0	0	196	0	0	0	0	0	0	0	0	0	0	0	45	5	0	2	0	39	0	19	0	0	0	0	0	0	0	0	0	0	0	0	0	0	0	19	0	11	0	0	0	0	0	0	0	0	0	27	0	0	41	0	0	0	0	0	0	0	0	0	0	0	0	268	0	0	0	0	63	0	0	0	0	13	0	66	0	0	0	0	0	0	0	0	0	0	99	0	0	0	0	17	0	0	0	3	0	0	0	0	18	0	165	0	0	3	12	0	0	0	0	0	0	8	0	0	0	0	0	0	0	0	0	0	0	0	0	0	0	0	0	0	0	0	0	0	21	0	0	0	0	21	0	0	0	0	117	0	0	0	0	0	0	0	0	0	0	0	0	0	0	0	0	0	0	0	0	268	0	0	0	0	0	0	0	0	0	0	0	0	0	0	0	0	0	0	0	0	0	3	0	0	0	0	0	0	0	0	0	0	0	0	0	0	0	8	0	0	0	0	0	0	0	0	0	0	0	0	0	0	0	0	0	0	0	0	0	0	0	568	0	0	0	0	0	0	0	576	0	0	0
f29	0	0	0	0	0	0	0	0	0	0	0	0	0	34	0	0	135	0	0	0	150	0	0	0	0	374	4	0	0	0	0	0	1855	0	5	0	0	0	33	0	0	0	0	0	0	0	0	0	0	0	0	9	0	0	467	0	0	0	116	0	0	0	0	0	0	0	0	0	3	0	1542	0	7	0	0	91	0	0	0	0	0	0	81307	0	0	0	0	0	0	0	8	0	0	0	0	0	0	0	0	0	0	0	0	22	0	0	0	0	0	0	0	0	0	0	0	0	0	0	0	0	0	0	0	0	0	0	0	0	0	0	0	0	0	0	0	0	0	0	331	0	0	0	0	0	0	4	0	0	0	0	0	0	0	0	0	0	0	0	0	0	0	111	3	0	63	0	0	0	0	0	0	0	0	56	0	0	0	0	0	0	0	0	0	0	0	0	0	0	0	0	0	0	0	0	0	0	0	0	0	0	0	0	0	0	0	0	0	0	0	0	0	0	0	0	0	0	0	0	0	0	0	0	0	0	0	0	7	0	0	0	0	0	0	0	0	0	0	0	0	32	0	0	0	0	0	0	0	0	0	0	0	0	0	0	0	0	0	0	0	0	0	0	3	0	0	0	0	0	0	0	0	0	0	0	0	0	0	0	0	0	0	0	0	0	0	0	0	0	0	0	0	0	0	0	0	0	0	0	0	0	0	0	0	0	0	0	0	0	0	0	0	0	24	0	0	0	0	3	0	0	2	0	0	0	0	0	0	0	0	0	0	0	0	0	0	0	0	0	0	0	0	0	0	803	0	0	0	0	0	0	0	0	0	0	0	0	0	0	0	0	0	0	0	0	0	0	0	0	0	0	0	0	0	0	0	0	0	0	0	0	0	0	0	0	0	0	0	0	0	0	0	0	0	0	0	0	0	0	0	0	0	0	0	0	0	3	0	0	0	0	0	0	0	72	0	0	0
f30	0	0	0	0	10	9	0	0	0	0	4	0	0	171	0	0	18	0	0	0	257	0	0	0	0	14344	0	20	8	5	0	0	350	0	19	0	0	0	42	0	0	0	0	0	0	69	0	0	0	0	0	65	0	0	54	0	0	0	56	0	0	0	8	0	16	0	0	0	0	0	18970	0	5	0	0	176	2	0	0	0	0	0	45821	0	0	0	0	0	0	0	0	0	0	0	5	0	0	0	0	0	0	0	0	21	19	0	0	0	0	0	0	0	0	0	0	0	0	0	0	0	0	0	0	0	0	0	0	0	3	0	0	0	0	0	0	0	0	0	101	0	0	0	0	6	0	0	0	140	0	0	0	0	0	0	0	0	0	0	0	0	0	147	0	0	17	0	0	0	0	0	0	0	0	450	0	0	0	0	0	0	0	0	0	0	0	0	0	0	0	0	0	0	0	0	0	0	0	0	0	0	0	0	7	0	0	0	0	0	0	0	0	0	0	0	0	0	0	0	0	0	0	0	0	15	0	0	15	0	0	0	0	0	0	0	0	0	0	0	0	62	0	0	0	0	0	0	0	0	0	0	0	0	0	0	0	0	0	0	0	0	0	0	4	0	0	0	0	0	0	0	0	0	0	0	0	0	0	0	0	0	0	0	0	0	0	0	0	3	0	0	0	0	0	0	0	0	0	0	0	0	0	0	0	0	0	0	0	0	0	0	0	0	0	0	0	0	0	14	0	0	0	0	0	0	0	0	0	0	0	0	0	0	0	0	0	0	0	0	0	0	0	0	0	695	0	0	0	0	0	0	0	0	0	0	0	0	0	0	0	0	0	0	0	0	0	0	0	0	0	0	0	0	0	0	0	0	0	0	0	0	0	0	0	0	0	0	0	0	0	0	0	0	0	0	0	0	0	0	0	0	0	0	0	0	0	6	0	0	0	0	0	0	0	178	0	0	0
f51	0	0	0	0	0	96	0	14	0	0	0	0	0	782	0	0	320	0	0	0	650	0	0	0	0	238	200	147	256	159	4	0	807	0	0	0	0	0	179	0	0	0	0	0	81	910	0	0	0	0	0	64	0	0	1217	9	0	0	44	0	0	0	0	0	190	0	0	0	11	0	5860	0	9	0	0	1767	64	0	0	0	0	0	62300	0	0	0	0	0	0	0	0	0	0	0	0	0	0	0	0	0	0	0	0	351	0	0	0	0	0	0	0	31	13	0	0	0	0	0	0	0	0	0	0	0	0	57	0	0	0	0	0	21	0	0	0	0	164	0	1183	0	0	264	0	5	0	72	0	643	0	0	0	0	0	16	0	0	0	0	0	0	0	50	0	0	103	0	0	0	0	0	0	0	0	106	0	0	0	0	0	0	0	0	0	0	0	0	0	0	0	0	0	0	0	3	0	0	0	0	0	0	0	17	383	0	0	0	0	0	0	54	0	0	0	19	0	0	0	0	0	0	0	0	0	30	37	0	93	0	3	0	0	0	0	0	0	0	0	0	0	194	0	0	0	0	0	0	17	0	0	0	0	1228	0	0	0	0	0	0	0	0	0	0	130	0	0	0	0	188	0	0	0	0	0	0	0	0	169	0	55	0	0	0	5	0	0	0	0	113	0	0	0	0	0	0	0	0	0	0	0	0	0	0	0	0	0	0	0	0	0	0	0	0	119	0	0	0	0	0	0	0	0	0	0	0	0	0	6	0	0	0	0	0	0	0	0	0	0	0	0	0	0	0	0	23	0	0	0	0	0	82	0	0	0	0	0	0	0	0	0	0	0	0	0	0	0	0	0	0	0	0	0	10	0	0	0	0	0	0	0	0	0	50	0	0	0	0	0	0	0	0	0	0	0	0	0	0	0	0	0	0	0	0	0	0	0	0	0	0	0	0	0	0	0	615	0	0	0
f81	4	0	0	459	173	54	0	0	0	0	146	0	0	731	12	0	333	19	0	12	1056	0	12	0	0	151	167	35	54	186	13	0	376	0	0	257	2	0	4370	0	0	0	26	55	78	224	30	0	7	4	0	127	97	0	237	44	3	0	19	0	0	2	0	0	394	99	0	0	0	0	338	63	19	0	8	961	0	4	497	0	0	0	832	10	0	0	0	14	11	0	141	10	0	0	24	0	0	0	41	0	0	23	0	613	3131	9	110	0	0	0	0	9	62	36	0	35	0	0	0	65	126	0	0	0	8	15	116	184	8	0	0	75	4	0	0	0	464	0	6034	0	46	118	0	0	0	39	56	563	154	0	41	24	0	0	5	0	3	0	155	0	0	71	0	0	92	0	0	47	0	60	0	0	0	24	6	34	701	0	0	0	0	2	0	0	16	0	0	0	37	0	0	6	0	78	0	0	0	3	0	0	0	10	13	11	3	419	0	113	0	112	48	213	0	22	0	58	0	0	9	0	0	0	0	72	0	0	25187	0	0	0	0	0	0	8	0	0	15	0	0	205	0	0	0	0	54	0	0	0	0	16	0	226	0	0	0	0	0	0	0	0	0	0	87	0	0	14	0	137	0	0	0	17	0	0	0	0	10	11	83	2	0	0	10	0	0	0	0	0	9	0	5	0	0	0	0	0	0	0	0	0	0	0	0	0	0	0	17	0	0	0	19	0	22	0	0	0	0	38	0	0	0	0	787	0	0	52	0	0	0	0	0	0	0	4	0	0	0	0	0	80	0	0	0	24	0	0	0	0	0	2	0	0	0	0	0	0	0	0	0	130	45	0	4	0	0	0	0	22	6	0	0	0	0	0	50	21	0	0	0	0	0	146	0	0	0	0	0	18	0	0	0	0	3	0	0	0	0	0	0	0	0	0	0	0	0	1186	0	0	0	0	0	0	0	318	0	0	0
f82	0	0	0	435	216	101	0	0	0	0	54	0	0	896	0	0	352	0	0	18	1268	0	15	0	0	1313	202	114	286	306	6	0	1519	0	0	186	2	0	4431	0	0	28	17	19	133	612	67	0	0	0	0	252	104	8	783	22	6	0	1129	22	0	3	0	0	3549	34	0	2	0	0	3135	45	25	0	5	1435	3	0	463	0	0	0	20826	0	0	0	0	0	0	0	21	0	0	0	64	0	0	0	12	0	0	33	0	1560	2006	0	129	19	5	0	6	13	12	85	0	0	0	0	0	0	90	0	0	0	32	23	40	384	0	0	0	0	0	18	0	0	107	0	2634	0	77	74	0	26	0	24	80	748	106	0	33	20	6	0	32	0	8	0	0	0	0	192	18	0	177	0	0	55	0	11	0	0	0	54	0	326	762	0	2	0	0	0	0	0	0	0	0	0	87	9	0	8	0	57	0	43	0	0	0	0	0	0	44	0	0	9	0	92	0	68	14	174	5	26	237	15	0	0	2	0	0	0	0	42	0	0	97	0	0	0	0	0	0	21	0	0	37	0	0	387	0	0	0	0	16	0	21	0	0	9	0	84	0	0	0	0	0	0	0	0	0	0	204	0	2	0	0	74	0	0	4	18	0	0	0	0	41	8	59	0	0	0	33	0	0	0	0	14	20	0	0	0	0	0	0	0	0	0	0	0	0	0	0	0	0	0	4	0	0	0	65	0	0	0	0	0	0	49	0	0	0	0	541	0	0	23	0	0	0	0	0	0	0	7	0	0	0	0	4	3	0	0	0	82	0	0	0	0	0	53	0	0	0	0	0	0	0	0	0	94	38	0	0	0	0	0	0	0	0	0	0	0	0	0	30	0	0	0	0	0	0	246	0	0	0	0	0	0	0	0	0	0	0	0	0	0	0	0	0	0	0	0	0	0	0	1542	0	0	0	0	0	0	0	484	0	0	0
f83	22	0	0	457	222	185	0	0	0	0	744	0	0	2432	0	0	326	0	0	28	1018	0	52	0	0	934	835	38	75	314	101	0	919	0	0	946	0	0	7723	0	0	5	111	128	202	584	22	0	0	0	0	65	85	0	934	105	5	0	163	0	0	0	18	0	2062	500	0	0	0	0	1632	397	38	0	20	1848	3	58	891	0	0	3	10927	12	0	0	0	310	10	0	0	46	0	0	177	0	0	0	59	0	0	61	0	1218	8537	0	104	28	89	0	34	0	0	29	0	23	0	0	0	17	1012	0	0	0	170	6	16	1313	0	0	0	0	0	0	0	0	321	0	2653	0	657	1599	0	19	0	168	238	510	708	0	167	24	0	0	110	7	15	0	0	0	0	41	37	0	69	0	0	47	14	117	5	0	9	85	0	62	548	0	0	0	0	15	14	0	0	0	0	0	0	0	0	113	8	340	6	11	0	3	0	0	0	0	31	0	0	0	0	51	0	132	27	844	3	0	301	22	0	3	0	0	0	0	0	60	10	0	68	0	0	0	0	0	0	23	0	0	127	0	0	189	0	0	0	0	596	0	0	0	0	94	0	28	0	0	0	0	0	0	0	0	0	0	376	0	0	140	0	605	0	5	20	33	0	0	0	0	7	11	0	4	3	0	0	0	0	0	0	0	0	0	0	173	0	0	0	0	0	0	0	0	0	0	0	9	0	0	0	0	0	0	107	0	0	0	0	0	16	6	0	0	0	0	505	0	0	49	0	0	0	0	0	0	0	0	0	0	0	0	0	0	0	0	0	95	0	0	0	0	0	30	0	0	0	0	0	0	0	0	0	164	185	0	0	6	0	0	0	23	9	0	0	0	0	0	74	56	0	0	0	0	0	1530	0	0	0	0	0	0	0	0	0	0	16	0	0	7	0	0	0	0	0	0	0	0	0	4092	0	0	0	0	0	0	0	119	0	0	0
f84	0	0	0	0	0	5	0	3	0	0	0	0	0	43	0	0	188	0	0	0	0	0	0	0	0	1812	38	0	0	47	0	0	1444	0	0	0	0	0	0	0	0	0	0	0	2	102	0	0	0	0	0	0	0	0	462	0	0	0	5412	0	0	0	0	0	0	3	0	0	0	0	3785	0	0	0	0	211	0	0	0	0	0	0	57750	0	0	0	0	0	0	0	0	0	0	0	7	0	0	0	0	0	0	0	0	12	0	0	0	0	3	0	0	0	0	0	0	0	0	0	0	0	0	0	0	0	0	0	0	0	0	0	0	0	0	0	0	0	12	0	1449	0	0	0	0	0	0	6	0	95	0	0	0	0	0	0	0	0	4	0	0	0	0	0	19	0	0	0	0	0	0	0	6	0	0	207	0	0	0	0	0	0	0	0	0	0	0	0	0	0	0	0	0	0	0	0	0	5	0	0	0	0	0	0	0	0	0	0	0	0	0	0	0	0	0	0	161	0	0	0	0	0	0	0	0	24	0	0	7	0	0	0	0	0	0	0	0	0	0	0	0	0	0	0	0	0	0	0	0	0	0	0	0	3	0	0	0	0	0	0	0	0	0	0	53	0	0	0	0	0	0	0	0	0	0	0	0	0	0	0	0	0	0	0	0	0	0	0	0	0	0	0	0	0	0	0	0	0	0	0	0	0	0	0	0	0	0	0	0	0	0	0	0	0	0	0	0	0	0	0	0	0	0	0	0	0	0	0	0	0	0	0	0	0	0	0	0	0	0	0	0	0	0	0	0	263	0	0	0	0	0	0	0	0	0	0	0	0	0	0	0	0	0	0	0	0	0	0	0	0	0	0	0	0	0	0	0	0	0	0	0	0	0	0	0	0	0	0	0	0	0	0	0	0	0	0	0	0	0	0	0	0	0	0	0	0	0	0	0	0	0	0	0	0	0	4	0	0	0
f85	0	0	0	0	0	14	0	0	0	0	0	0	0	104	0	0	275	0	0	3	89	0	0	0	0	1604	93	23	0	99	0	0	2787	0	0	0	0	0	9	0	0	0	0	0	0	364	0	0	0	0	0	44	0	0	4044	5	0	0	207	0	0	0	0	0	0	0	0	0	0	0	4789	0	0	0	0	849	0	0	0	0	0	0	72187	0	0	0	0	0	0	0	4	0	0	0	11	0	0	0	0	0	0	0	0	6	0	0	0	0	0	0	0	0	0	0	0	0	0	0	0	0	9	0	0	0	0	0	0	0	0	0	0	0	0	0	0	0	25	0	922	0	0	0	0	0	0	4	0	146	0	0	0	0	9	0	0	0	0	0	0	0	0	0	23	0	14	0	0	0	0	0	0	0	0	221	0	0	0	0	0	0	0	0	3	0	0	0	0	0	0	3	0	0	0	2	0	6	0	0	0	0	0	0	0	0	0	0	4	0	0	0	6	0	2	0	338	0	0	0	0	0	0	0	0	124	0	0	0	0	0	0	0	0	0	0	0	0	0	0	0	0	0	0	0	0	0	0	0	0	0	0	0	0	0	0	0	0	0	0	0	0	0	0	85	0	0	0	0	0	0	0	0	0	0	0	0	0	0	0	0	0	0	0	0	0	0	0	0	0	0	0	0	0	0	0	0	0	0	0	0	0	0	0	0	0	0	0	0	0	0	0	0	0	0	0	0	0	0	0	0	0	0	0	0	0	0	0	0	0	0	0	0	0	0	0	2	0	0	0	0	0	0	2	0	96	0	0	0	0	0	0	0	0	0	0	0	0	0	0	0	0	0	0	0	0	0	0	0	0	0	0	0	0	0	0	0	0	0	0	0	0	0	0	0	0	0	0	0	0	0	0	0	0	0	0	0	0	0	0	0	0	0	0	0	0	0	0	0	0	0	0	0	0	0	88	0	0	0
f86	0	0	0	11	0	89	0	0	0	0	0	0	0	415	0	0	281	0	0	0	30	0	0	0	0	4423	392	26	0	320	0	0	2659	0	0	5	0	0	53	0	0	7	0	0	4	670	28	0	0	0	0	121	0	0	2653	0	4	0	1483	0	0	0	2	0	0	34	0	6	0	0	3926	0	18	0	0	2050	0	0	0	0	0	0	49396	0	0	0	0	0	0	0	0	0	0	0	33	0	0	0	0	0	0	0	0	0	0	3	2	0	0	0	0	0	0	0	0	0	0	0	0	0	0	0	0	0	6	22	0	0	0	0	0	0	0	0	0	0	101	0	16793	0	0	34	0	0	0	81	0	508	0	0	0	0	7	0	0	0	15	0	0	0	0	0	62	0	0	0	0	0	0	0	0	0	0	155	0	0	0	0	0	0	0	0	8	0	0	0	0	0	0	11	0	0	0	0	0	20	0	0	0	0	0	0	0	0	0	5	0	0	0	0	33	0	0	6	1226	20	0	0	0	0	0	0	0	195	6	0	0	0	0	0	0	0	0	0	0	0	0	0	0	25	0	0	0	12	0	0	0	0	0	0	0	4	0	0	0	0	0	0	0	0	0	0	344	0	0	0	0	23	0	0	0	0	0	0	0	0	0	0	0	0	0	0	6	0	0	0	0	0	19	0	4	0	0	0	0	0	0	0	0	0	0	0	0	0	0	0	0	0	0	0	0	0	0	0	0	0	6	0	0	0	0	0	0	0	0	0	0	0	0	0	0	0	0	0	0	0	0	0	0	0	0	4	0	192	0	0	0	0	0	0	0	0	0	0	0	0	0	0	0	0	12	0	0	0	0	10	0	0	0	0	0	0	0	0	0	0	0	0	0	0	0	0	0	0	0	0	0	0	0	0	0	0	0	0	0	0	0	0	0	0	0	0	0	0	0	6	0	0	0	0	0	0	0	92	0	0	0
f87	0	0	0	6	0	3	0	0	0	5	0	0	0	80	0	0	143	0	0	0	71	0	0	0	0	1534	51	0	0	51	0	0	1722	0	17	0	0	0	10	0	0	0	0	0	0	148	0	0	0	0	0	35	0	0	1813	0	0	0	160	0	0	0	0	0	0	4	0	0	0	0	2823	0	0	0	17	308	0	0	0	0	0	0	81360	0	0	0	0	0	0	0	0	0	0	0	0	0	0	0	0	0	0	0	0	0	0	0	0	0	0	0	0	0	0	0	0	0	0	0	0	0	3	0	0	0	0	0	0	0	0	0	0	0	0	0	0	0	23	0	1861	0	0	0	0	0	0	7	0	80	0	0	0	0	8	0	0	0	3	0	0	0	0	0	38	0	4	3	0	0	0	0	0	0	0	178	0	0	0	0	0	0	0	0	0	0	0	0	0	0	0	0	0	0	0	0	0	14	0	0	2	0	0	0	0	0	0	0	0	0	0	0	0	0	0	3	184	0	0	0	0	0	0	0	0	50	0	0	0	0	0	0	0	0	0	0	0	0	0	0	0	0	0	0	0	0	0	0	0	0	0	0	0	0	0	0	0	0	0	0	0	0	0	0	0	0	0	0	0	0	0	0	0	0	0	0	0	0	0	0	0	0	0	0	0	0	0	0	0	0	0	0	0	0	0	0	0	0	0	0	0	0	0	0	0	0	0	0	0	0	0	0	0	0	0	0	0	0	0	0	0	0	0	0	0	0	0	0	0	0	0	0	0	0	0	0	0	0	0	0	0	0	0	0	0	80	0	0	0	0	0	0	0	0	0	0	0	0	0	0	0	0	0	0	0	0	0	0	0	0	0	0	0	0	0	0	0	0	0	0	0	0	0	0	0	0	0	0	0	0	0	0	0	0	0	0	0	0	0	0	0	0	0	0	0	0	0	0	0	0	0	0	0	0	0	0	0	0	0
f88	0	0	0	624	239	97	3	0	0	0	133	0	0	1100	0	0	426	0	0	6	782	5	17	0	4	1142	954	40	1227	392	91	0	1794	0	0	316	0	0	3043	3	9	19	27	164	51	700	26	0	0	4	0	228	153	0	1583	74	15	0	375	0	0	0	17	0	1526	202	0	0	0	0	1816	117	32	0	19	2180	8	4	558	0	0	0	24062	81	0	9	0	34	0	0	33	0	0	0	83	0	0	10	45	24	5	54	0	2411	2841	0	139	0	41	0	12	7	5	66	11	21	12	0	0	10	260	0	0	0	75	13	48	680	4	0	0	8	0	14	0	0	198	0	5534	0	255	162	0	27	0	654	62	946	178	0	31	10	5	0	7	8	0	0	0	0	0	100	162	0	167	0	0	54	5	71	0	2	0	63	0	329	948	0	0	0	0	0	0	0	0	8	0	0	50	19	0	21	27	145	3	45	10	2	0	0	0	0	97	0	0	0	0	95	0	102	64	142	5	15	551	22	0	0	11	0	0	0	0	90	11	0	154	7	0	7	0	0	0	28	0	0	35	0	0	181	7	0	0	12	84	0	19	0	0	12	0	146	0	0	0	0	0	0	0	0	0	0	575	0	0	59	0	119	0	0	0	27	0	0	0	0	19	0	89	14	0	0	17	0	0	4	0	0	15	0	0	0	0	0	30	0	0	0	0	0	6	0	0	0	0	0	6	0	0	0	60	0	0	0	0	0	0	44	0	0	0	5	451	0	0	63	0	0	0	23	0	0	0	21	0	0	0	0	0	0	0	3	0	79	0	0	0	0	0	146	0	0	0	0	0	0	6	0	0	228	81	0	0	0	0	25	0	35	0	0	0	0	0	0	21	16	0	0	0	0	0	195	0	5	0	0	0	28	0	0	15	0	7	0	0	0	0	2	0	0	0	0	0	0	0	1882	0	0	0	0	0	0	0	185	0	0	0
f89	0	0	0	0	0	7	0	0	0	0	0	0	0	19	0	0	41	0	0	0	8	0	0	0	0	10788	0	0	0	0	0	0	320	0	0	0	0	0	10	0	0	0	0	0	0	29	0	0	0	0	0	5	0	0	121	0	0	0	69	0	0	0	0	0	0	0	0	0	0	0	16483	0	0	0	0	87	0	0	0	0	0	0	66125	0	0	0	0	0	0	6	0	0	0	0	0	0	0	0	0	0	0	0	0	0	11	0	0	0	0	0	0	0	0	0	0	0	0	0	0	0	0	0	0	0	0	0	0	0	0	0	3	0	0	0	0	0	20	0	623	0	0	0	0	0	0	0	0	0	0	0	0	0	0	0	0	0	0	0	0	0	0	0	0	0	0	0	0	0	0	0	0	0	0	1559	0	0	0	0	0	0	0	0	0	0	0	0	0	0	0	0	0	0	0	0	0	0	0	0	0	0	0	0	0	0	0	3	0	0	0	0	0	0	0	0	56	0	0	0	0	0	0	0	0	15	0	0	47	0	0	0	0	0	0	0	0	0	0	0	0	0	0	0	0	0	0	0	0	0	0	0	0	5	0	0	0	0	0	0	0	0	0	0	7	0	0	0	0	0	0	0	0	0	0	0	0	0	0	0	0	0	0	0	0	0	0	0	0	0	0	0	0	0	0	0	0	0	0	0	0	0	0	0	0	0	0	0	0	0	0	0	0	0	0	0	0	0	0	0	4	0	0	0	0	0	0	0	0	0	0	0	0	0	0	0	0	0	0	0	0	0	0	0	0	1192	8	0	0	0	0	0	0	0	0	0	0	0	0	0	0	0	0	0	0	0	0	0	0	0	0	0	0	0	0	0	0	0	0	0	0	0	0	0	0	0	0	0	0	0	0	0	0	0	0	0	0	0	0	0	0	0	0	0	0	0	0	0	0	0	0	0	0	0	0	0	0	0	0
f90	0	0	0	0	0	60	0	0	0	0	0	0	0	288	0	0	61	10	0	0	218	0	0	0	0	1095	250	19	20	165	0	0	3947	0	45	0	0	0	0	0	0	0	0	0	0	594	18	0	0	0	0	88	0	0	2847	0	0	0	900	0	0	0	0	0	0	23	0	0	0	0	2367	0	0	0	15	1044	0	0	0	0	0	0	54892	0	0	0	0	0	0	0	0	0	0	0	19	0	0	0	0	0	0	0	0	0	0	0	0	0	0	0	0	0	0	0	0	0	0	0	0	0	4	0	0	0	0	10	2	0	0	0	0	0	0	0	0	0	67	0	230	0	0	47	0	0	0	0	0	198	0	0	0	0	0	27	0	0	16	0	0	0	0	14	0	0	0	0	0	0	0	0	0	0	0	292	0	0	0	0	0	0	0	0	0	0	0	0	0	0	0	0	0	0	0	0	0	23	0	0	0	0	0	0	0	0	0	0	0	0	0	0	37	0	6	2	622	6	0	0	0	0	0	0	0	88	6	0	0	0	0	0	0	0	2	4	0	0	0	0	0	46	0	0	0	0	0	0	0	0	0	0	0	0	0	0	0	0	0	0	0	0	0	0	109	0	0	0	0	24	0	0	0	0	0	0	0	0	10	0	0	0	0	0	0	0	0	0	0	0	0	0	0	0	0	0	0	0	0	0	0	0	0	0	0	0	0	0	0	0	0	0	8	0	22	0	0	0	0	0	0	0	0	0	0	0	0	0	0	0	0	0	0	0	0	0	0	0	0	0	0	0	0	4	0	211	0	0	0	0	0	0	0	0	0	0	0	0	0	0	0	0	0	0	0	0	0	0	0	0	0	0	0	0	0	0	0	0	0	0	0	0	0	0	0	0	0	0	0	0	0	0	0	0	0	0	0	0	0	0	0	0	0	0	0	0	0	0	0	0	0	0	0	0	0	78	0	0	0
f291	3	0	0	0	0	483	0	316	0	0	0	2146	0	128	105	74	31	0	0	0	67	0	48	0	0	110	81	258	18	82	0	0	1121	0	589	0	0	190	0	0	0	24	0	0	0	601	47	34	60	0	0	0	0	22	1195	0	0	0	17	33	0	0	0	12	12	0	0	0	0	0	284	0	0	0	0	673	174	0	0	0	0	0	32346	0	0	9	41	0	0	0	1262	0	0	0	171	0	0	0	0	0	0	0	0	3	0	0	0	0	21	0	0	284	0	0	0	0	0	0	29	0	0	0	0	0	0	88	0	0	21	16	36	11	0	0	0	0	100	0	188	0	0	0	0	93	32	38	0	290	0	0	0	0	0	31	0	0	0	29	0	0	0	14	0	0	0	125	0	0	0	0	0	0	0	494	0	0	0	0	0	0	0	0	0	0	0	72	0	0	79	0	0	0	0	0	0	0	0	0	0	40	0	361	231	0	0	231	1612	0	79	0	0	0	0	136	0	64	0	0	0	0	0	0	0	0	0	0	326	0	0	0	2	0	84	0	0	0	0	0	18	26	0	28	0	0	0	0	4	0	110	0	0	0	11	56	0	0	0	0	7	0	60	0	0	0	0	0	0	0	0	0	0	0	0	0	0	17	35	0	0	0	15	0	0	0	0	0	0	0	0	0	0	0	23	0	0	0	0	230	0	0	0	0	0	0	0	0	0	0	0	0	95	43	0	0	0	0	0	0	70	16	0	0	0	0	0	0	0	0	0	0	0	0	23	0	0	80	0	0	0	0	0	0	0	37	688	0	15	0	22	0	0	0	90	0	0	0	0	0	0	20	60	0	0	0	0	0	0	0	0	0	0	0	0	0	0	0	0	0	0	0	0	0	0	136	0	0	0	0	0	13	0	5	0	0	0	0	221	0	21	27	0	0	27	0	0	0	0	0	21	0	0	0	0	74	0	0	0
f321	0	0	0	155	21	10	0	0	0	0	0	0	18	223	0	0	645	0	0	0	10	0	0	0	0	2630	98	13	0	141	0	0	2383	0	0	0	0	0	0	0	0	0	0	0	109	76	27	0	0	0	0	155	36	0	5220	6	6	0	380	0	0	0	0	0	5	57	0	0	0	0	6858	0	7	0	0	819	7	0	0	22	0	0	49431	0	0	0	0	7	0	0	8	0	0	0	5	0	0	0	0	0	0	6	0	0	0	0	0	0	0	0	0	0	0	0	5	0	0	0	0	0	17	0	0	0	3	58	0	2	0	0	0	0	0	88	0	0	41	0	1564	94	0	0	0	0	0	56	2	113	0	0	0	0	0	0	0	0	12	0	0	0	0	169	356	0	0	0	0	0	0	0	0	0	0	2753	0	0	0	0	0	0	0	0	0	0	0	0	0	0	315	0	0	0	3	14	0	77	0	0	0	0	0	0	170	0	0	0	0	0	0	10	138	0	0	20	12	0	0	0	0	0	0	0	0	34	0	0	0	0	0	0	0	0	0	0	0	0	0	13	0	90	0	0	0	17	0	0	10	0	0	0	0	0	0	0	0	0	0	0	0	0	0	0	44	0	0	0	0	0	0	0	0	0	0	0	0	0	14	0	0	0	11	0	14	0	0	0	0	0	5	0	0	0	0	0	0	0	0	0	0	0	0	0	0	0	0	0	0	0	0	0	0	0	0	0	0	0	0	52	0	0	0	0	0	0	0	0	0	0	0	0	0	0	0	0	0	0	0	0	0	0	0	0	0	112	0	0	0	0	0	0	0	0	0	0	0	0	0	0	0	0	9	0	0	0	0	0	0	0	0	0	0	0	0	0	0	0	0	0	0	0	0	0	0	0	0	0	0	0	0	0	0	0	0	0	0	0	0	0	0	0	0	0	0	0	0	4	0	0	0	0	0	0	0	240	0	0	0
f322	0	0	0	254	44	12	0	4	15	2	0	0	16	322	0	0	872	0	0	0	24	0	0	0	0	1155	72	27	12	235	0	0	918	0	0	0	0	0	0	0	0	8	0	0	74	105	0	0	0	0	0	150	42	0	5832	7	0	0	262	0	0	0	0	0	0	74	0	3	0	0	3885	0	20	0	0	726	4	0	0	23	0	0	39137	0	0	0	0	0	0	0	0	0	0	0	0	0	0	0	0	0	0	0	0	0	0	0	0	0	0	0	0	0	0	0	0	0	0	0	0	0	0	0	0	0	9	84	33	0	5	0	0	0	0	99	0	0	135	0	3448	72	0	0	0	0	0	118	0	118	0	0	0	0	0	0	0	0	16	0	0	0	0	87	196	0	0	0	0	0	0	0	0	0	0	3396	0	0	0	0	0	0	0	0	0	0	0	0	0	0	209	0	0	0	0	70	0	10	0	0	0	0	0	0	115	0	0	0	0	0	0	0	194	0	0	29	10	76	0	0	0	0	0	0	0	28	9	0	0	0	0	0	0	0	0	0	0	0	0	14	0	148	0	0	0	99	0	0	0	0	0	0	0	0	0	0	0	0	0	0	0	0	0	0	45	0	0	0	0	18	0	0	0	0	0	0	0	0	25	0	0	0	4	0	0	0	0	0	0	0	0	0	4	0	0	0	0	0	0	0	0	0	0	0	0	0	0	0	4	0	0	0	37	0	0	0	0	0	0	0	0	0	4	0	88	0	0	0	0	0	0	0	0	0	0	0	0	0	0	0	0	0	0	0	0	92	0	0	0	0	0	0	0	0	0	0	0	0	0	0	0	0	0	0	0	0	0	0	0	0	0	0	0	0	0	0	0	0	0	0	0	0	0	0	0	0	0	0	0	0	0	0	0	0	0	0	0	0	0	0	0	0	0	0	0	0	0	0	0	0	0	0	0	0	0	256	0	0	0
f323	0	0	0	223	197	13	0	0	0	0	14	0	0	135	0	0	210	0	0	0	46	0	0	5	0	1068	37	8	10	94	0	0	837	0	0	27	0	0	15	0	0	0	0	6	43	41	11	0	0	0	0	76	35	0	3324	12	8	0	29	0	0	34	0	0	64	30	0	0	0	0	10410	14	17	0	0	185	3	0	46	4	0	0	35182	0	0	0	0	0	2	0	46	0	0	0	0	0	0	23	37	0	0	0	0	75	27	0	90	7	0	0	0	0	9	0	0	0	0	0	0	5	28	0	0	0	7	13	18	24	0	0	0	0	0	33	0	0	40	0	656	17	16	0	0	4	0	34	0	42	4	0	0	0	0	0	0	0	0	0	0	0	0	53	53	20	105	0	0	0	0	0	0	0	0	1484	0	86	55	0	0	0	0	0	0	0	5	0	0	0	93	0	0	5	2	10	2	20	0	0	0	0	0	0	112	0	0	87	192	96	0	0	65	28	0	15	2	8	0	0	6	0	13	0	0	25	0	0	181	0	3	0	0	0	0	0	0	0	0	8	0	26	6	0	0	25	0	0	8	0	0	0	0	62	0	0	0	0	5	0	0	0	0	0	13	0	0	0	0	0	0	0	0	0	0	0	0	0	8	0	0	0	0	0	6	0	0	0	0	0	0	0	5	0	0	0	0	0	0	0	0	0	0	0	2	0	0	0	0	4	0	0	0	0	0	0	0	0	0	22	0	0	0	0	77	0	0	0	0	0	0	0	0	0	0	0	0	0	0	0	0	47	0	0	0	63	0	8	0	0	0	0	0	0	0	0	0	0	0	0	0	20	9	0	0	0	0	0	0	0	0	0	0	0	6	0	0	0	0	0	0	0	0	0	0	0	0	0	0	0	0	0	0	0	0	0	0	0	0	0	0	0	0	5	0	0	0	166	0	0	0	0	0	0	0	45	0	0	0
f324	0	0	0	85	27	9	4	0	10	0	0	0	8	96	0	0	749	0	0	0	0	0	0	0	0	518	46	0	0	31	0	0	1135	0	0	0	0	0	0	0	0	0	0	0	20	54	15	0	0	0	0	41	0	0	9914	5	0	0	29	0	0	0	4	0	0	24	0	0	0	0	5499	0	0	0	0	200	0	6	0	3	0	0	29662	0	0	0	0	0	0	0	4	0	0	0	2	0	0	0	0	0	0	0	0	0	0	0	0	0	0	2	0	0	0	0	0	0	0	0	0	0	2	0	0	0	0	29	0	0	0	0	0	0	0	58	0	0	35	0	1071	16	2	13	0	0	0	29	0	61	0	0	0	0	0	0	0	0	12	0	0	0	0	33	36	0	0	0	0	0	0	0	0	0	0	1959	0	0	0	0	0	0	0	0	0	0	0	0	0	0	59	0	0	0	0	21	0	0	0	0	0	0	0	0	13	0	0	0	0	0	0	0	85	0	0	6	5	0	0	0	0	0	0	0	0	10	0	0	5	0	0	0	0	0	0	3	0	0	0	0	0	30	0	0	0	19	0	0	0	0	0	0	0	5	0	0	0	0	0	0	0	0	0	0	8	0	0	0	0	0	0	0	0	0	0	0	0	0	0	0	0	0	0	0	0	0	0	0	0	0	0	0	0	0	0	0	0	0	0	0	0	0	0	0	0	0	0	0	0	0	0	0	21	0	0	0	0	0	0	0	0	0	0	0	112	0	0	0	0	0	0	0	0	0	0	0	0	0	0	0	2	0	0	0	0	44	0	0	0	0	0	0	0	0	0	0	0	0	0	0	0	0	0	0	0	0	0	0	0	0	0	0	0	0	0	0	0	0	0	0	0	0	0	0	0	0	0	0	0	0	0	0	0	0	0	0	0	0	0	0	0	0	0	0	0	0	0	0	0	0	0	0	0	0	0	56	0	0	0
f325	0	0	0	204	0	0	0	0	0	0	0	0	0	6	0	0	383	0	2	0	24	0	0	0	0	129	7	0	0	21	0	0	303	0	0	0	0	0	15	0	0	0	0	0	0	0	0	5	0	0	0	6	21	0	9619	0	0	0	31	0	0	0	0	0	49	0	0	2	0	0	758	0	0	0	0	41	0	0	5	0	0	0	63754	0	0	0	0	0	0	0	5	0	0	5	0	0	0	0	0	0	0	0	0	41	0	0	4	0	0	0	0	0	0	0	0	0	0	0	0	0	0	0	0	0	0	0	0	0	0	4	0	0	0	12	0	0	9	0	1689	0	0	0	0	3	0	0	0	0	0	0	0	0	0	0	0	0	0	0	0	0	0	19	26	0	0	0	0	0	0	0	7	0	0	1956	0	0	0	0	0	0	0	0	0	0	0	0	0	0	0	0	0	0	0	0	0	5	0	0	0	0	0	0	3	0	0	6	136	44	0	0	0	0	3	0	0	0	0	0	0	0	0	0	0	0	0	0	36	0	0	0	0	0	0	0	0	0	0	0	0	0	0	0	0	0	0	0	0	0	0	0	0	141	0	0	0	0	5	0	0	0	0	0	0	0	0	0	0	0	0	0	0	0	0	0	0	0	0	0	0	0	3	0	0	0	0	0	0	0	0	0	0	0	0	0	0	0	0	0	0	0	0	0	0	0	0	0	0	5	0	0	0	0	0	0	0	0	0	0	0	0	0	0	43	0	0	0	0	0	0	0	0	0	0	0	0	0	0	0	0	0	0	0	0	23	0	0	0	0	0	0	0	0	0	0	0	0	0	0	0	0	0	0	0	0	0	0	0	0	0	0	0	0	0	0	0	0	0	0	0	0	0	0	0	0	0	0	0	0	0	0	0	0	0	0	0	0	0	0	0	0	0	0	0	0	0	7	0	0	11	0	0	0	0	27	0	0	0
f326	0	0	0	105	43	0	0	0	0	0	0	0	0	81	0	0	496	0	0	0	13	0	0	0	0	1053	31	2	2	20	0	0	1175	0	0	5	0	0	32	0	0	0	0	0	6	0	8	0	0	0	0	0	131	0	2121	4	3	0	26	0	0	0	0	0	116	0	0	0	0	0	10086	9	0	0	0	107	0	0	32	0	0	0	40952	0	0	0	0	2	0	0	10	0	0	0	3	0	0	0	0	0	0	43	0	52	0	0	10	0	0	0	0	0	0	0	0	0	0	0	0	0	0	0	0	0	0	0	201	0	0	0	0	0	0	0	0	0	0	0	408	0	4	0	0	0	0	26	0	19	0	0	0	0	0	6	0	4	0	0	0	0	0	8	8	0	19	0	0	0	0	0	0	0	0	3785	0	0	16	0	0	0	0	3	0	0	0	0	0	0	27	0	0	0	0	103	0	0	0	0	0	0	0	0	0	0	0	17	22	91	0	9	14	6	0	0	0	0	0	0	0	0	4	0	0	24	0	0	9	0	0	0	0	0	0	0	0	0	0	0	0	16	0	0	0	0	0	0	0	0	0	0	0	0	0	0	0	0	0	0	0	0	0	0	2	0	0	0	0	0	0	0	0	0	2	0	0	0	0	0	0	0	0	0	0	0	0	0	0	0	0	0	0	8	0	0	0	0	0	0	0	0	0	0	0	0	0	0	0	4	0	0	0	0	0	0	0	0	0	0	112	0	0	0	59	0	0	0	0	0	0	0	0	0	0	0	0	0	0	0	0	0	0	0	0	225	0	0	0	0	0	0	0	0	0	0	2	0	0	0	0	18	0	0	0	0	0	0	0	50	0	0	0	0	0	0	0	0	0	0	0	0	0	3	0	0	0	0	0	0	0	0	0	0	0	0	0	0	0	0	0	0	0	0	0	0	0	75	0	0	0	0	0	0	0	4	0	0	0
f327	0	0	0	351	35	0	0	0	18	0	0	10	9	208	0	0	1856	0	0	2	52	0	0	0	0	385	72	19	0	200	0	0	1379	0	0	13	0	0	16	0	0	0	0	0	105	57	15	0	0	0	0	74	85	2	18333	0	6	0	289	0	0	0	0	0	0	50	0	0	0	0	1365	0	7	0	0	455	0	0	8	6	0	0	40121	0	0	0	0	0	0	0	0	0	2	0	10	0	0	0	0	4	0	0	0	5	45	0	0	7	0	0	0	5	0	0	0	0	0	0	0	0	10	0	0	0	0	29	29	4	0	0	0	0	0	74	0	0	85	0	4570	83	0	17	0	0	0	29	0	89	0	0	0	0	0	0	0	0	10	0	0	0	0	55	181	0	0	0	0	0	0	0	0	0	0	3983	0	0	0	0	0	0	0	0	0	0	0	0	0	0	166	0	0	0	0	20	0	9	0	0	0	0	0	0	59	0	0	7	1106	0	0	0	90	0	0	24	6	0	0	0	0	0	0	0	0	23	0	0	22	0	0	0	0	0	0	0	0	0	0	14	0	31	0	0	0	23	0	0	5	0	0	0	0	114	0	0	0	0	18	0	0	0	0	0	11	0	0	0	0	0	0	0	0	0	0	0	0	0	0	0	0	0	4	0	0	0	0	0	0	0	0	0	0	0	0	0	0	0	0	0	0	0	0	0	0	0	0	0	0	0	0	0	58	0	0	0	0	0	0	15	0	0	0	0	204	0	0	0	0	0	0	0	0	0	0	0	0	0	0	0	7	0	0	0	0	21	12	0	0	0	0	0	0	0	0	0	0	0	0	0	0	0	17	0	0	0	0	0	0	0	0	0	0	0	0	0	0	0	0	0	0	0	0	6	0	0	0	0	0	0	0	0	0	0	0	0	0	0	0	0	0	0	0	0	0	0	0	0	0	0	0	0	0	0	0	161	0	0	0
f328	0	0	0	195	928	97	84	25	0	0	0	0	0	1277	0	0	419	73	0	0	0	0	37	0	0	67	1376	265	110	82	193	0	1789	0	64	0	0	0	5	0	0	11	0	135	18	186	12678	21	376	0	0	0	9	4	850	609	9	0	23	0	0	0	51	0	74	501	0	0	0	0	204	1292	1229	0	0	1121	2636	5	1371	0	0	0	1430	101	0	0	0	0	0	0	22	25	0	0	606	19	0	0	0	25	0	37	0	78	48	0	12	0	77	0	0	85	0	0	12	34	0	0	0	0	947	0	0	18	52	93	677	0	4	0	0	0	0	0	0	53	285	0	3129	0	0	2033	61	6	0	2620	195	334	0	0	65	0	0	0	0	0	0	0	0	2	34	22	30	0	0	0	0	25	0	15	0	0	0	322	0	0	54	0	0	0	0	3	94	0	0	19	0	0	0	0	0	0	0	0	0	0	0	0	0	0	0	113	155	128	0	72	619	17	0	875	4058	17	0	542	0	285	0	0	0	12	0	0	7	160	30	0	74	0	0	0	0	0	0	4	0	0	0	0	0	782	0	0	0	110	0	0	0	0	0	0	0	45	0	0	0	0	8	0	0	0	0	0	488	0	0	0	0	633	0	0	0	77	0	0	0	0	195	0	102	0	0	0	0	0	0	0	0	0	0	0	0	0	0	0	12	0	0	0	0	0	0	0	0	0	0	0	25	7	5	0	0	0	0	9	0	0	0	0	0	0	0	0	267	0	0	52	0	0	0	0	0	0	0	0	0	0	0	0	11	0	0	0	9	22	0	57	0	0	0	0	0	0	0	0	0	0	19	0	0	307	166	0	0	0	0	43	0	0	0	0	0	0	0	0	21	82	20	0	0	0	0	0	0	0	0	0	0	0	0	0	0	0	0	0	0	0	0	0	0	0	4	180	0	0	0	3	0	0	0	0	0	0	18	7	0	0	46
f329	0	8	0	308	101	10	0	0	31	0	0	0	16	416	0	0	1281	0	0	0	121	0	13	0	0	1491	138	21	22	233	0	0	1922	0	0	41	0	0	51	0	0	7	0	0	104	97	33	0	2	0	0	190	246	53	8693	15	11	0	465	0	0	0	0	0	447	193	0	0	0	0	10412	0	15	0	0	984	0	0	33	19	0	0	27523	0	0	0	0	0	0	0	9	0	0	0	19	0	0	0	135	2	0	9	0	543	0	3	250	6	0	0	0	0	0	59	6	14	0	78	0	0	34	0	0	0	30	63	81	36	0	0	0	0	18	98	0	0	103	0	2580	72	14	25	0	0	0	77	0	151	0	0	20	0	12	0	0	0	23	0	0	0	0	166	544	0	0	0	7	9	0	0	0	0	0	3569	0	10	48	0	0	0	0	0	0	0	0	0	0	4	265	0	0	0	0	181	0	0	10	0	0	0	0	0	234	24	15	9	56	28	0	0	150	3	0	29	0	13	0	0	4	0	3	0	0	39	7	0	57	0	0	0	0	0	0	3	0	0	0	53	0	121	0	0	0	117	0	0	0	0	0	0	0	12	0	0	0	0	9	0	0	0	0	0	82	0	0	0	0	0	4	0	0	3	0	0	0	0	13	0	0	0	19	0	33	0	0	0	0	0	0	0	0	0	0	13	0	0	0	0	0	0	0	0	0	4	0	0	21	4	0	0	91	0	6	0	0	0	0	36	0	0	0	0	160	0	0	3	0	0	0	0	0	0	0	0	0	0	0	0	211	0	0	0	0	195	6	11	0	0	0	0	0	0	0	0	0	0	0	6	0	46	18	0	0	0	0	0	0	0	0	0	0	0	14	0	0	0	685	0	0	0	0	20	0	0	0	0	0	0	36	0	0	0	0	0	0	0	2	0	0	0	0	0	0	92	0	173	0	0	0	0	0	0	0	282	0	0	0
f330	0	0	0	344	28	10	0	0	34	0	4	0	17	238	0	0	2037	0	0	0	37	0	0	0	0	1074	182	24	0	106	3	0	1315	0	0	15	0	0	0	0	0	14	0	0	73	79	9	5	0	0	0	155	11	0	12863	0	0	0	42	0	0	0	0	0	0	33	0	0	0	0	531	0	14	0	0	1141	18	0	18	0	0	0	29659	0	0	0	0	0	0	0	0	0	0	0	0	0	0	0	0	3	0	0	0	0	0	0	0	0	0	0	0	0	0	0	0	0	0	0	0	0	0	0	0	0	0	84	16	3	0	0	0	0	0	139	0	0	176	0	5647	30	0	21	0	0	0	46	0	195	2	0	0	0	0	0	0	0	0	0	0	0	0	72	165	0	6	0	0	0	0	0	0	0	0	3940	0	0	0	0	0	0	0	0	0	0	0	0	0	0	215	0	0	0	0	37	0	0	0	0	0	0	0	0	35	0	0	0	21	0	0	21	77	3	0	35	43	0	0	0	0	0	0	0	0	28	0	0	0	0	0	0	0	0	0	0	0	0	0	0	0	136	0	0	0	61	0	0	7	0	0	0	0	22	0	0	0	0	0	0	0	0	0	0	12	0	0	0	0	0	0	0	0	4	7	0	0	0	15	0	0	0	13	0	9	0	0	0	0	0	0	0	0	0	0	0	0	0	0	0	0	0	0	0	0	0	0	0	2	0	0	0	17	0	4	0	0	0	0	0	0	0	0	0	10	0	0	0	0	0	0	0	0	0	0	0	0	0	0	0	9	0	0	0	0	65	0	0	0	0	0	0	0	0	0	7	0	0	0	0	0	0	0	0	0	0	0	0	0	4	0	0	0	0	0	0	0	0	0	0	0	0	0	0	0	0	0	0	0	0	0	0	0	0	0	0	0	0	0	0	0	0	0	0	0	0	0	15	0	0	0	0	0	0	0	542	0	0	0
f351	0	0	0	73	152	22	19	0	20	0	0	0	7	114	0	0	76	0	2	0	654	0	0	11	0	113	526	98	28	54	0	0	278	0	11	6	0	0	0	0	0	0	0	0	93	167	0	0	0	0	4	305	321	0	6776	9	16	0	441	145	0	0	0	0	0	214	0	5	0	0	244	0	40	0	3	1223	0	0	31	0	0	0	61875	0	0	0	0	11	0	0	3	7	0	0	14	0	0	0	0	16	0	0	0	0	0	0	0	148	0	0	0	0	0	0	4	0	0	0	0	11	18	0	0	0	153	26	150	0	0	0	0	0	0	41	0	0	29	0	232	0	0	36	0	0	0	239	0	51	0	0	0	0	19	0	0	0	12	0	0	0	0	12	0	0	549	0	0	0	0	0	16	0	0	989	0	0	0	0	0	0	58	0	0	0	0	0	0	0	398	0	0	0	0	284	0	0	0	0	0	0	0	0	0	0	0	0	1662	0	0	95	29	0	2	14	0	8	3	0	0	0	57	0	0	0	5	0	0	0	0	0	0	0	0	23	0	0	0	0	0	95	0	0	0	0	0	0	30	0	0	0	0	21	0	0	0	0	6	0	0	0	0	0	83	0	4	0	0	0	0	0	0	0	13	0	0	0	64	0	0	0	43	0	219	0	0	0	0	0	12	0	0	0	0	0	0	0	0	0	0	0	0	0	0	0	0	0	0	9	0	0	0	0	0	0	0	0	0	115	0	0	0	0	21	0	0	0	0	0	0	0	0	4	0	0	0	0	0	0	4	0	0	0	23	22	0	0	0	0	0	0	0	0	0	0	0	0	0	0	0	0	0	0	0	0	0	0	0	0	0	0	126	0	0	0	0	0	0	0	0	0	0	0	0	0	0	0	0	0	0	0	0	0	25	0	0	0	0	0	0	0	0	0	0	0	0	0	0	5	0	0	0	0	0	66	0	0	0
f352	0	0	0	0	11	5	0	0	0	0	0	0	0	16	0	0	0	0	0	0	341	0	0	0	0	14	96	15	4	12	0	0	45	0	0	0	0	0	3	0	0	0	0	0	27	43	0	0	0	0	0	52	39	0	2981	0	0	0	141	14	0	0	0	0	0	15	0	0	0	0	131	0	10	0	0	125	0	0	4	0	0	0	53909	0	0	0	0	0	0	0	0	0	0	0	0	0	0	0	6	0	0	0	0	0	0	0	0	49	0	0	0	0	0	0	0	0	0	0	0	0	0	0	0	0	42	0	13	0	0	0	0	0	0	6	0	0	0	0	122	0	0	0	0	0	0	41	0	0	0	0	0	0	9	0	0	0	4	0	0	0	0	0	0	0	215	0	0	0	0	0	0	0	6	197	0	0	0	0	0	0	10	0	0	0	0	0	0	0	61	0	0	0	0	73	0	0	0	0	0	0	0	0	0	0	0	0	3252	0	0	0	0	0	0	0	0	0	0	0	0	0	9	0	0	4	0	0	0	0	0	0	0	0	0	7	0	0	0	0	0	12	0	0	0	0	0	0	0	0	0	0	0	5	0	0	0	0	0	0	0	0	0	0	9	0	0	0	0	0	0	0	0	0	0	0	0	0	10	0	0	0	6	0	23	0	0	0	0	0	0	0	0	0	0	0	0	0	0	0	0	0	0	0	0	0	0	0	0	0	0	0	0	0	0	0	0	0	0	14	0	0	0	0	0	0	0	0	0	0	0	0	0	0	0	0	0	0	0	0	0	0	0	0	0	21	0	0	0	0	0	0	0	0	0	0	0	0	0	0	0	0	0	0	0	0	0	0	0	0	0	0	0	0	0	0	0	0	0	0	0	0	0	0	0	0	0	0	0	0	0	0	0	0	5	0	0	0	0	0	0	0	0	0	0	0	0	0	0	0	0	0	0	0	0	0	0	0	0
f353	0	0	0	144	52	21	31	6	45	3	0	0	19	121	0	0	106	0	0	0	174	0	0	0	0	20	74	80	0	113	0	0	110	0	35	0	0	0	0	0	0	6	0	0	43	44	0	0	0	0	0	192	109	0	11936	7	34	0	549	10	0	0	0	0	0	0	0	0	0	0	172	0	0	0	0	384	0	0	0	0	0	0	49003	0	0	0	0	22	0	0	6	6	0	0	0	0	0	0	0	0	0	0	0	0	0	0	0	29	4	0	0	0	0	0	14	0	0	0	0	4	13	0	0	2	220	55	17	0	0	0	0	0	17	18	0	0	21	0	333	0	0	12	0	0	0	66	0	0	0	0	0	0	0	0	0	0	0	0	0	0	0	7	0	0	561	0	0	0	0	0	33	0	0	149	0	0	0	0	0	0	23	0	0	0	0	0	0	0	213	0	0	0	0	378	0	0	0	0	0	0	0	0	0	0	0	15	2803	0	0	57	0	0	0	0	0	40	3	0	0	0	42	0	0	0	12	0	5	0	0	0	0	0	0	0	0	0	0	0	0	114	0	0	0	0	0	0	0	0	0	0	0	23	3	0	0	0	0	0	0	0	0	0	0	0	0	0	0	0	0	0	0	0	7	0	4	0	46	0	3	0	0	0	33	0	0	0	0	0	4	0	0	0	0	0	0	0	21	0	0	0	0	0	0	0	0	0	0	0	0	0	0	0	0	0	0	0	0	42	0	0	0	0	15	0	0	0	0	0	0	0	0	4	0	0	0	0	0	0	0	0	0	0	0	21	0	0	0	0	0	0	0	0	0	0	0	0	0	0	0	0	0	0	0	0	0	0	0	0	0	0	66	0	0	0	0	0	0	0	0	0	0	0	0	0	0	0	0	0	0	0	0	0	9	0	0	0	0	0	0	0	0	0	0	0	0	0	0	0	0	0	0	0	0	16	0	0	0
f354	0	0	0	766	5	0	0	0	0	3	0	0	116	339	0	0	12	0	0	0	426	0	0	0	0	24	2103	0	47	39	0	0	94	0	0	96	0	0	11	0	0	0	0	0	0	42	0	0	0	0	0	10	18	47	1293	25	0	0	114	8	0	0	8	0	5	0	0	0	0	0	125	164	13	0	4	239	0	0	258	3	0	0	38443	6	0	0	0	0	0	0	215	0	0	0	55	0	0	0	42	2	0	6	0	197	0	0	910	0	0	0	0	0	5	0	0	43	0	0	0	0	56	0	0	8	0	0	107	0	0	0	0	0	0	3	0	0	0	0	392	0	0	52	0	5	0	9396	5	0	0	0	21	39	16	10	0	0	0	0	0	0	0	0	0	0	400	0	0	0	4	4	0	0	0	77	0	0	78	0	0	0	7	0	0	0	0	0	0	8	24	0	0	0	0	11	0	0	109	0	0	127	0	6	0	91	0	0	798	332	0	54	21	6	0	7	7	3	0	0	14	0	0	10	0	235	0	0	474	0	0	78	0	0	0	0	0	28	0	0	0	0	0	0	0	0	0	0	0	0	0	0	0	0	0	0	0	0	0	0	0	0	0	0	32	0	0	0	0	12	0	0	0	0	0	0	0	0	0	0	2436	0	0	0	7	0	0	12	0	0	0	0	0	0	0	0	0	0	0	0	0	0	0	0	0	0	0	5	0	0	0	0	0	0	0	0	0	0	0	5	0	0	0	0	0	0	0	18	0	0	0	0	0	0	0	0	0	0	0	0	0	69	0	0	0	24	0	0	0	149	0	0	0	0	0	0	0	0	359	0	0	369	9	0	0	0	0	90	0	4	4	0	0	0	9	0	0	0	0	0	0	0	0	0	0	0	0	0	0	7	0	0	0	0	0	0	0	0	0	0	0	0	0	0	0	0	0	161	0	0	0	3	0	0	0	0	0	0	0
f355	0	0	0	6	39	21	0	0	0	0	10	0	7	48	0	0	141	0	0	0	1733	0	0	14	0	34	405	94	4	35	0	0	89	0	0	0	0	0	0	0	0	4	0	0	26	98	0	12	0	0	0	187	305	0	4482	0	0	0	468	182	0	6	0	0	0	80	0	7	0	0	179	0	0	0	0	631	0	0	3	7	0	0	57627	0	0	0	0	7	0	0	0	0	0	0	13	0	0	0	0	5	0	0	0	0	0	0	0	51	0	0	0	0	0	0	0	0	0	0	0	17	0	0	0	0	48	11	0	0	0	0	0	0	0	11	0	0	0	0	173	0	0	21	0	0	0	145	0	8	0	0	0	0	177	0	0	0	0	0	0	0	0	0	11	0	980	0	0	0	0	0	6	0	0	398	0	0	0	0	0	0	248	0	0	0	0	0	0	0	302	0	0	0	0	268	0	0	0	0	0	0	0	0	16	0	0	0	28	0	0	50	0	0	0	0	0	0	0	0	0	0	46	0	0	6	0	0	0	0	0	0	0	0	0	4	0	0	0	5	0	57	0	0	0	0	0	0	13	0	0	0	0	6	0	0	0	0	0	0	0	0	0	0	16	0	0	0	0	13	0	0	0	0	0	0	0	0	41	0	0	0	35	0	129	0	0	0	0	0	0	0	0	0	0	0	0	0	0	0	0	0	0	0	0	0	0	0	0	3	0	0	0	0	0	0	0	0	0	91	0	0	0	0	0	0	0	0	0	0	0	0	0	0	0	0	0	0	0	0	0	0	0	0	45	15	0	0	0	0	0	0	0	0	0	0	0	0	0	0	0	0	0	0	0	0	0	0	0	0	0	0	75	0	0	0	0	0	0	0	0	0	0	0	0	0	0	0	0	0	0	0	0	0	0	0	0	0	0	0	0	0	0	0	0	0	0	0	0	0	0	0	2	0	0	94	0	0	0
f356	0	0	0	129	56	7	12	0	7	0	12	0	0	83	0	0	187	2	0	0	1250	0	0	0	0	18	392	103	7	24	0	0	150	0	0	0	0	0	0	0	0	0	0	0	42	116	0	0	0	0	0	251	353	0	10141	0	20	0	359	90	0	0	0	0	0	57	0	0	0	0	107	0	23	0	0	1211	5	0	0	0	0	0	59529	0	0	0	0	8	0	0	0	0	0	0	0	0	0	0	0	8	0	0	0	3	0	0	0	106	0	0	0	0	0	0	0	0	0	0	0	25	23	0	0	0	65	10	23	0	0	0	0	0	0	20	0	0	19	0	586	0	0	33	0	0	0	390	0	39	0	0	0	0	46	0	0	0	0	0	0	0	2	9	0	0	876	0	0	0	0	0	17	0	0	916	0	0	0	0	0	0	27	0	0	0	0	0	0	0	431	0	0	0	0	391	0	0	0	0	0	0	0	0	0	0	0	0	34	0	0	73	0	0	0	0	0	4	2	0	0	0	71	0	0	11	0	2	0	0	0	0	0	0	0	12	0	0	0	0	0	112	0	0	0	0	0	0	11	0	0	0	0	62	0	0	0	0	0	0	0	0	0	4	0	0	0	0	0	0	0	0	0	0	0	0	0	0	62	0	0	0	12	0	122	0	0	0	2	0	13	0	0	0	0	0	0	0	0	0	0	0	0	0	0	0	0	0	3	0	0	0	0	0	10	0	0	0	0	108	0	0	0	0	0	0	0	0	0	0	0	0	0	8	0	0	0	0	0	0	0	0	0	0	58	19	0	0	0	0	0	0	0	0	0	0	0	0	0	0	0	0	0	0	0	0	0	0	0	0	0	0	80	0	0	0	0	0	0	0	0	0	0	0	0	0	0	0	0	0	0	0	0	0	9	0	0	0	0	0	0	0	0	0	0	0	0	0	0	0	0	0	0	0	0	65	0	0	0
